The system is: Darwin - 22.6.0 - x86_64
Compiling the C compiler identification source file "CMakeCCompilerId.c" succeeded.
Compiler: /Applications/Xcode.app/Contents/Developer/Toolchains/XcodeDefault.xctoolchain/usr/bin/cc 
Build flags: 
Id flags: -c 

The output was:
0


Compilation of the C compiler identification source "CMakeCCompilerId.c" produced "CMakeCCompilerId.o"

The C compiler identification is AppleClang, found in "/Users/jocastab/Projects/CPP3_BrickGame_v2.0/build/CMakeFiles/3.23.0/CompilerIdC/CMakeCCompilerId.o"

Compiling the CXX compiler identification source file "CMakeCXXCompilerId.cpp" succeeded.
Compiler: /Applications/Xcode.app/Contents/Developer/Toolchains/XcodeDefault.xctoolchain/usr/bin/c++ 
Build flags: 
Id flags: -c 

The output was:
0


Compilation of the CXX compiler identification source "CMakeCXXCompilerId.cpp" produced "CMakeCXXCompilerId.o"

The CXX compiler identification is AppleClang, found in "/Users/jocastab/Projects/CPP3_BrickGame_v2.0/build/CMakeFiles/3.23.0/CompilerIdCXX/CMakeCXXCompilerId.o"

Detecting C compiler ABI info compiled with the following output:
Change Dir: /Users/jocastab/Projects/CPP3_BrickGame_v2.0/build/CMakeFiles/CMakeTmp

Run Build Command(s):/usr/bin/make -f Makefile cmTC_d635b/fast && /Applications/Xcode.app/Contents/Developer/usr/bin/make  -f CMakeFiles/cmTC_d635b.dir/build.make CMakeFiles/cmTC_d635b.dir/build
Building C object CMakeFiles/cmTC_d635b.dir/CMakeCCompilerABI.c.o
/Applications/Xcode.app/Contents/Developer/Toolchains/XcodeDefault.xctoolchain/usr/bin/cc   -isysroot /Applications/Xcode.app/Contents/Developer/Platforms/MacOSX.platform/Developer/SDKs/MacOSX14.2.sdk -mmacosx-version-min=13.6   -v -Wl,-v -MD -MT CMakeFiles/cmTC_d635b.dir/CMakeCCompilerABI.c.o -MF CMakeFiles/cmTC_d635b.dir/CMakeCCompilerABI.c.o.d -o CMakeFiles/cmTC_d635b.dir/CMakeCCompilerABI.c.o -c /usr/local/share/cmake/Modules/CMakeCCompilerABI.c
Apple clang version 15.0.0 (clang-1500.1.0.2.5)
Target: x86_64-apple-darwin22.6.0
Thread model: posix
InstalledDir: /Applications/Xcode.app/Contents/Developer/Toolchains/XcodeDefault.xctoolchain/usr/bin
clang: warning: -Wl,-v: 'linker' input unused [-Wunused-command-line-argument]
 "/Applications/Xcode.app/Contents/Developer/Toolchains/XcodeDefault.xctoolchain/usr/bin/clang" -cc1 -triple x86_64-apple-macosx13.6.0 -Wundef-prefix=TARGET_OS_ -Wdeprecated-objc-isa-usage -Werror=deprecated-objc-isa-usage -Werror=implicit-function-declaration -emit-obj -mrelax-all --mrelax-relocations -disable-free -clear-ast-before-backend -disable-llvm-verifier -discard-value-names -main-file-name CMakeCCompilerABI.c -mrelocation-model pic -pic-level 2 -mframe-pointer=all -fno-strict-return -ffp-contract=on -fno-rounding-math -funwind-tables=2 -target-sdk-version=14.2 -fvisibility-inlines-hidden-static-local-var -target-cpu penryn -tune-cpu generic -mllvm -treat-scalable-fixed-error-as-warning -debugger-tuning=lldb -target-linker-version 1022.1 -v -fcoverage-compilation-dir=/Users/jocastab/Projects/CPP3_BrickGame_v2.0/build/CMakeFiles/CMakeTmp -resource-dir /Applications/Xcode.app/Contents/Developer/Toolchains/XcodeDefault.xctoolchain/usr/lib/clang/15.0.0 -dependency-file CMakeFiles/cmTC_d635b.dir/CMakeCCompilerABI.c.o.d -skip-unused-modulemap-deps -MT CMakeFiles/cmTC_d635b.dir/CMakeCCompilerABI.c.o -sys-header-deps -isysroot /Applications/Xcode.app/Contents/Developer/Platforms/MacOSX.platform/Developer/SDKs/MacOSX14.2.sdk -c-isystem /usr/local/include/ -cxx-isystem /usr/local/include/ -internal-isystem /Applications/Xcode.app/Contents/Developer/Platforms/MacOSX.platform/Developer/SDKs/MacOSX14.2.sdk/usr/local/include -internal-isystem /Applications/Xcode.app/Contents/Developer/Toolchains/XcodeDefault.xctoolchain/usr/lib/clang/15.0.0/include -internal-externc-isystem /Applications/Xcode.app/Contents/Developer/Platforms/MacOSX.platform/Developer/SDKs/MacOSX14.2.sdk/usr/include -internal-externc-isystem /Applications/Xcode.app/Contents/Developer/Toolchains/XcodeDefault.xctoolchain/usr/include -Wno-reorder-init-list -Wno-implicit-int-float-conversion -Wno-c99-designator -Wno-final-dtor-non-final-class -Wno-extra-semi-stmt -Wno-misleading-indentation -Wno-quoted-include-in-framework-header -Wno-implicit-fallthrough -Wno-enum-enum-conversion -Wno-enum-float-conversion -Wno-elaborated-enum-base -Wno-reserved-identifier -Wno-gnu-folding-constant -fdebug-compilation-dir=/Users/jocastab/Projects/CPP3_BrickGame_v2.0/build/CMakeFiles/CMakeTmp -ferror-limit 19 -stack-protector 1 -fstack-check -mdarwin-stkchk-strong-link -fblocks -fencode-extended-block-signature -fregister-global-dtors-with-atexit -fgnuc-version=4.2.1 -fmax-type-align=16 -fcommon -clang-vendor-feature=+disableNonDependentMemberExprInCurrentInstantiation -fno-odr-hash-protocols -clang-vendor-feature=+enableAggressiveVLAFolding -clang-vendor-feature=+revert09abecef7bbf -clang-vendor-feature=+thisNoAlignAttr -clang-vendor-feature=+thisNoNullAttr -mllvm -disable-aligned-alloc-awareness=1 -D__GCC_HAVE_DWARF2_CFI_ASM=1 -o CMakeFiles/cmTC_d635b.dir/CMakeCCompilerABI.c.o -x c /usr/local/share/cmake/Modules/CMakeCCompilerABI.c
clang -cc1 version 15.0.0 (clang-1500.1.0.2.5) default target x86_64-apple-darwin22.6.0
ignoring nonexistent directory "/Applications/Xcode.app/Contents/Developer/Platforms/MacOSX.platform/Developer/SDKs/MacOSX14.2.sdk/usr/local/include"
ignoring nonexistent directory "/Applications/Xcode.app/Contents/Developer/Platforms/MacOSX.platform/Developer/SDKs/MacOSX14.2.sdk/Library/Frameworks"
#include "..." search starts here:
#include <...> search starts here:
 /usr/local/include
 /Applications/Xcode.app/Contents/Developer/Toolchains/XcodeDefault.xctoolchain/usr/lib/clang/15.0.0/include
 /Applications/Xcode.app/Contents/Developer/Platforms/MacOSX.platform/Developer/SDKs/MacOSX14.2.sdk/usr/include
 /Applications/Xcode.app/Contents/Developer/Toolchains/XcodeDefault.xctoolchain/usr/include
 /Applications/Xcode.app/Contents/Developer/Platforms/MacOSX.platform/Developer/SDKs/MacOSX14.2.sdk/System/Library/Frameworks (framework directory)
End of search list.
Linking C executable cmTC_d635b
/usr/local/bin/cmake -E cmake_link_script CMakeFiles/cmTC_d635b.dir/link.txt --verbose=1
/Applications/Xcode.app/Contents/Developer/Toolchains/XcodeDefault.xctoolchain/usr/bin/cc  -isysroot /Applications/Xcode.app/Contents/Developer/Platforms/MacOSX.platform/Developer/SDKs/MacOSX14.2.sdk -mmacosx-version-min=13.6 -Wl,-search_paths_first -Wl,-headerpad_max_install_names  -v -Wl,-v CMakeFiles/cmTC_d635b.dir/CMakeCCompilerABI.c.o -o cmTC_d635b 
Apple clang version 15.0.0 (clang-1500.1.0.2.5)
Target: x86_64-apple-darwin22.6.0
Thread model: posix
InstalledDir: /Applications/Xcode.app/Contents/Developer/Toolchains/XcodeDefault.xctoolchain/usr/bin
 "/Applications/Xcode.app/Contents/Developer/Toolchains/XcodeDefault.xctoolchain/usr/bin/ld" -demangle -lto_library /Applications/Xcode.app/Contents/Developer/Toolchains/XcodeDefault.xctoolchain/usr/lib/libLTO.dylib -dynamic -arch x86_64 -platform_version macos 13.6.0 14.2 -syslibroot /Applications/Xcode.app/Contents/Developer/Platforms/MacOSX.platform/Developer/SDKs/MacOSX14.2.sdk -o cmTC_d635b -L/usr/local/Cellar/check/0.15.2/lib -L/usr/local/lib -search_paths_first -headerpad_max_install_names -v CMakeFiles/cmTC_d635b.dir/CMakeCCompilerABI.c.o -lSystem /Applications/Xcode.app/Contents/Developer/Toolchains/XcodeDefault.xctoolchain/usr/lib/clang/15.0.0/lib/darwin/libclang_rt.osx.a
@(#)PROGRAM:ld  PROJECT:dyld-1022.1
BUILD 05:26:33 Dec  7 2023
configured to support archs: armv6 armv7 armv7s arm64 arm64e arm64_32 i386 x86_64 x86_64h
will use ld-classic for: armv6 armv7 armv7s arm64_32 i386 armv6m armv7k armv7m armv7em
LTO support using: LLVM version 15.0.0 (static support for 29, runtime is 29)
TAPI support using: Apple TAPI version 15.0.0 (tapi-1500.0.12.8)
Library search paths:
	/usr/local/Cellar/check/0.15.2/lib
	/usr/local/lib
Framework search paths:



Parsed C implicit include dir info from above output: rv=done
  found start of include info
  found start of implicit include info
    add: [/usr/local/include]
    add: [/Applications/Xcode.app/Contents/Developer/Toolchains/XcodeDefault.xctoolchain/usr/lib/clang/15.0.0/include]
    add: [/Applications/Xcode.app/Contents/Developer/Platforms/MacOSX.platform/Developer/SDKs/MacOSX14.2.sdk/usr/include]
    add: [/Applications/Xcode.app/Contents/Developer/Toolchains/XcodeDefault.xctoolchain/usr/include]
  end of search list found
  collapse include dir [/usr/local/include] ==> [/usr/local/include]
  collapse include dir [/Applications/Xcode.app/Contents/Developer/Toolchains/XcodeDefault.xctoolchain/usr/lib/clang/15.0.0/include] ==> [/Applications/Xcode.app/Contents/Developer/Toolchains/XcodeDefault.xctoolchain/usr/lib/clang/15.0.0/include]
  collapse include dir [/Applications/Xcode.app/Contents/Developer/Platforms/MacOSX.platform/Developer/SDKs/MacOSX14.2.sdk/usr/include] ==> [/Applications/Xcode.app/Contents/Developer/Platforms/MacOSX.platform/Developer/SDKs/MacOSX14.2.sdk/usr/include]
  collapse include dir [/Applications/Xcode.app/Contents/Developer/Toolchains/XcodeDefault.xctoolchain/usr/include] ==> [/Applications/Xcode.app/Contents/Developer/Toolchains/XcodeDefault.xctoolchain/usr/include]
  implicit include dirs: [/usr/local/include;/Applications/Xcode.app/Contents/Developer/Toolchains/XcodeDefault.xctoolchain/usr/lib/clang/15.0.0/include;/Applications/Xcode.app/Contents/Developer/Platforms/MacOSX.platform/Developer/SDKs/MacOSX14.2.sdk/usr/include;/Applications/Xcode.app/Contents/Developer/Toolchains/XcodeDefault.xctoolchain/usr/include]


Parsed C implicit link information from above output:
  link line regex: [^( *|.*[/\])(ld|CMAKE_LINK_STARTFILE-NOTFOUND|([^/\]+-)?ld|collect2)[^/\]*( |$)]
  ignore line: [Change Dir: /Users/jocastab/Projects/CPP3_BrickGame_v2.0/build/CMakeFiles/CMakeTmp]
  ignore line: []
  ignore line: [Run Build Command(s):/usr/bin/make -f Makefile cmTC_d635b/fast && /Applications/Xcode.app/Contents/Developer/usr/bin/make  -f CMakeFiles/cmTC_d635b.dir/build.make CMakeFiles/cmTC_d635b.dir/build]
  ignore line: [Building C object CMakeFiles/cmTC_d635b.dir/CMakeCCompilerABI.c.o]
  ignore line: [/Applications/Xcode.app/Contents/Developer/Toolchains/XcodeDefault.xctoolchain/usr/bin/cc   -isysroot /Applications/Xcode.app/Contents/Developer/Platforms/MacOSX.platform/Developer/SDKs/MacOSX14.2.sdk -mmacosx-version-min=13.6   -v -Wl -v -MD -MT CMakeFiles/cmTC_d635b.dir/CMakeCCompilerABI.c.o -MF CMakeFiles/cmTC_d635b.dir/CMakeCCompilerABI.c.o.d -o CMakeFiles/cmTC_d635b.dir/CMakeCCompilerABI.c.o -c /usr/local/share/cmake/Modules/CMakeCCompilerABI.c]
  ignore line: [Apple clang version 15.0.0 (clang-1500.1.0.2.5)]
  ignore line: [Target: x86_64-apple-darwin22.6.0]
  ignore line: [Thread model: posix]
  ignore line: [InstalledDir: /Applications/Xcode.app/Contents/Developer/Toolchains/XcodeDefault.xctoolchain/usr/bin]
  ignore line: [clang: warning: -Wl -v: 'linker' input unused [-Wunused-command-line-argument]]
  ignore line: [ "/Applications/Xcode.app/Contents/Developer/Toolchains/XcodeDefault.xctoolchain/usr/bin/clang" -cc1 -triple x86_64-apple-macosx13.6.0 -Wundef-prefix=TARGET_OS_ -Wdeprecated-objc-isa-usage -Werror=deprecated-objc-isa-usage -Werror=implicit-function-declaration -emit-obj -mrelax-all --mrelax-relocations -disable-free -clear-ast-before-backend -disable-llvm-verifier -discard-value-names -main-file-name CMakeCCompilerABI.c -mrelocation-model pic -pic-level 2 -mframe-pointer=all -fno-strict-return -ffp-contract=on -fno-rounding-math -funwind-tables=2 -target-sdk-version=14.2 -fvisibility-inlines-hidden-static-local-var -target-cpu penryn -tune-cpu generic -mllvm -treat-scalable-fixed-error-as-warning -debugger-tuning=lldb -target-linker-version 1022.1 -v -fcoverage-compilation-dir=/Users/jocastab/Projects/CPP3_BrickGame_v2.0/build/CMakeFiles/CMakeTmp -resource-dir /Applications/Xcode.app/Contents/Developer/Toolchains/XcodeDefault.xctoolchain/usr/lib/clang/15.0.0 -dependency-file CMakeFiles/cmTC_d635b.dir/CMakeCCompilerABI.c.o.d -skip-unused-modulemap-deps -MT CMakeFiles/cmTC_d635b.dir/CMakeCCompilerABI.c.o -sys-header-deps -isysroot /Applications/Xcode.app/Contents/Developer/Platforms/MacOSX.platform/Developer/SDKs/MacOSX14.2.sdk -c-isystem /usr/local/include/ -cxx-isystem /usr/local/include/ -internal-isystem /Applications/Xcode.app/Contents/Developer/Platforms/MacOSX.platform/Developer/SDKs/MacOSX14.2.sdk/usr/local/include -internal-isystem /Applications/Xcode.app/Contents/Developer/Toolchains/XcodeDefault.xctoolchain/usr/lib/clang/15.0.0/include -internal-externc-isystem /Applications/Xcode.app/Contents/Developer/Platforms/MacOSX.platform/Developer/SDKs/MacOSX14.2.sdk/usr/include -internal-externc-isystem /Applications/Xcode.app/Contents/Developer/Toolchains/XcodeDefault.xctoolchain/usr/include -Wno-reorder-init-list -Wno-implicit-int-float-conversion -Wno-c99-designator -Wno-final-dtor-non-final-class -Wno-extra-semi-stmt -Wno-misleading-indentation -Wno-quoted-include-in-framework-header -Wno-implicit-fallthrough -Wno-enum-enum-conversion -Wno-enum-float-conversion -Wno-elaborated-enum-base -Wno-reserved-identifier -Wno-gnu-folding-constant -fdebug-compilation-dir=/Users/jocastab/Projects/CPP3_BrickGame_v2.0/build/CMakeFiles/CMakeTmp -ferror-limit 19 -stack-protector 1 -fstack-check -mdarwin-stkchk-strong-link -fblocks -fencode-extended-block-signature -fregister-global-dtors-with-atexit -fgnuc-version=4.2.1 -fmax-type-align=16 -fcommon -clang-vendor-feature=+disableNonDependentMemberExprInCurrentInstantiation -fno-odr-hash-protocols -clang-vendor-feature=+enableAggressiveVLAFolding -clang-vendor-feature=+revert09abecef7bbf -clang-vendor-feature=+thisNoAlignAttr -clang-vendor-feature=+thisNoNullAttr -mllvm -disable-aligned-alloc-awareness=1 -D__GCC_HAVE_DWARF2_CFI_ASM=1 -o CMakeFiles/cmTC_d635b.dir/CMakeCCompilerABI.c.o -x c /usr/local/share/cmake/Modules/CMakeCCompilerABI.c]
  ignore line: [clang -cc1 version 15.0.0 (clang-1500.1.0.2.5) default target x86_64-apple-darwin22.6.0]
  ignore line: [ignoring nonexistent directory "/Applications/Xcode.app/Contents/Developer/Platforms/MacOSX.platform/Developer/SDKs/MacOSX14.2.sdk/usr/local/include"]
  ignore line: [ignoring nonexistent directory "/Applications/Xcode.app/Contents/Developer/Platforms/MacOSX.platform/Developer/SDKs/MacOSX14.2.sdk/Library/Frameworks"]
  ignore line: [#include "..." search starts here:]
  ignore line: [#include <...> search starts here:]
  ignore line: [ /usr/local/include]
  ignore line: [ /Applications/Xcode.app/Contents/Developer/Toolchains/XcodeDefault.xctoolchain/usr/lib/clang/15.0.0/include]
  ignore line: [ /Applications/Xcode.app/Contents/Developer/Platforms/MacOSX.platform/Developer/SDKs/MacOSX14.2.sdk/usr/include]
  ignore line: [ /Applications/Xcode.app/Contents/Developer/Toolchains/XcodeDefault.xctoolchain/usr/include]
  ignore line: [ /Applications/Xcode.app/Contents/Developer/Platforms/MacOSX.platform/Developer/SDKs/MacOSX14.2.sdk/System/Library/Frameworks (framework directory)]
  ignore line: [End of search list.]
  ignore line: [Linking C executable cmTC_d635b]
  ignore line: [/usr/local/bin/cmake -E cmake_link_script CMakeFiles/cmTC_d635b.dir/link.txt --verbose=1]
  ignore line: [/Applications/Xcode.app/Contents/Developer/Toolchains/XcodeDefault.xctoolchain/usr/bin/cc  -isysroot /Applications/Xcode.app/Contents/Developer/Platforms/MacOSX.platform/Developer/SDKs/MacOSX14.2.sdk -mmacosx-version-min=13.6 -Wl -search_paths_first -Wl -headerpad_max_install_names  -v -Wl -v CMakeFiles/cmTC_d635b.dir/CMakeCCompilerABI.c.o -o cmTC_d635b ]
  ignore line: [Apple clang version 15.0.0 (clang-1500.1.0.2.5)]
  ignore line: [Target: x86_64-apple-darwin22.6.0]
  ignore line: [Thread model: posix]
  ignore line: [InstalledDir: /Applications/Xcode.app/Contents/Developer/Toolchains/XcodeDefault.xctoolchain/usr/bin]
  link line: [ "/Applications/Xcode.app/Contents/Developer/Toolchains/XcodeDefault.xctoolchain/usr/bin/ld" -demangle -lto_library /Applications/Xcode.app/Contents/Developer/Toolchains/XcodeDefault.xctoolchain/usr/lib/libLTO.dylib -dynamic -arch x86_64 -platform_version macos 13.6.0 14.2 -syslibroot /Applications/Xcode.app/Contents/Developer/Platforms/MacOSX.platform/Developer/SDKs/MacOSX14.2.sdk -o cmTC_d635b -L/usr/local/Cellar/check/0.15.2/lib -L/usr/local/lib -search_paths_first -headerpad_max_install_names -v CMakeFiles/cmTC_d635b.dir/CMakeCCompilerABI.c.o -lSystem /Applications/Xcode.app/Contents/Developer/Toolchains/XcodeDefault.xctoolchain/usr/lib/clang/15.0.0/lib/darwin/libclang_rt.osx.a]
    arg [/Applications/Xcode.app/Contents/Developer/Toolchains/XcodeDefault.xctoolchain/usr/bin/ld] ==> ignore
    arg [-demangle] ==> ignore
    arg [-lto_library] ==> ignore, skip following value
    arg [/Applications/Xcode.app/Contents/Developer/Toolchains/XcodeDefault.xctoolchain/usr/lib/libLTO.dylib] ==> skip value of -lto_library
    arg [-dynamic] ==> ignore
    arg [-arch] ==> ignore
    arg [x86_64] ==> ignore
    arg [-platform_version] ==> ignore
    arg [macos] ==> ignore
    arg [13.6.0] ==> ignore
    arg [14.2] ==> ignore
    arg [-syslibroot] ==> ignore
    arg [/Applications/Xcode.app/Contents/Developer/Platforms/MacOSX.platform/Developer/SDKs/MacOSX14.2.sdk] ==> ignore
    arg [-o] ==> ignore
    arg [cmTC_d635b] ==> ignore
    arg [-L/usr/local/Cellar/check/0.15.2/lib] ==> dir [/usr/local/Cellar/check/0.15.2/lib]
    arg [-L/usr/local/lib] ==> dir [/usr/local/lib]
    arg [-search_paths_first] ==> ignore
    arg [-headerpad_max_install_names] ==> ignore
    arg [-v] ==> ignore
    arg [CMakeFiles/cmTC_d635b.dir/CMakeCCompilerABI.c.o] ==> ignore
    arg [-lSystem] ==> lib [System]
    arg [/Applications/Xcode.app/Contents/Developer/Toolchains/XcodeDefault.xctoolchain/usr/lib/clang/15.0.0/lib/darwin/libclang_rt.osx.a] ==> lib [/Applications/Xcode.app/Contents/Developer/Toolchains/XcodeDefault.xctoolchain/usr/lib/clang/15.0.0/lib/darwin/libclang_rt.osx.a]
  Library search paths: [;/usr/local/Cellar/check/0.15.2/lib;/usr/local/lib]
  remove lib [System]
  remove lib [/Applications/Xcode.app/Contents/Developer/Toolchains/XcodeDefault.xctoolchain/usr/lib/clang/15.0.0/lib/darwin/libclang_rt.osx.a]
  collapse library dir [/usr/local/Cellar/check/0.15.2/lib] ==> [/usr/local/Cellar/check/0.15.2/lib]
  collapse library dir [/usr/local/lib] ==> [/usr/local/lib]
  collapse library dir [/usr/local/Cellar/check/0.15.2/lib] ==> [/usr/local/Cellar/check/0.15.2/lib]
  collapse library dir [/usr/local/lib] ==> [/usr/local/lib]
  implicit libs: []
  implicit objs: []
  implicit dirs: [/usr/local/Cellar/check/0.15.2/lib;/usr/local/lib]
  implicit fwks: []


Detecting CXX compiler ABI info compiled with the following output:
Change Dir: /Users/jocastab/Projects/CPP3_BrickGame_v2.0/build/CMakeFiles/CMakeTmp

Run Build Command(s):/usr/bin/make -f Makefile cmTC_e750a/fast && /Applications/Xcode.app/Contents/Developer/usr/bin/make  -f CMakeFiles/cmTC_e750a.dir/build.make CMakeFiles/cmTC_e750a.dir/build
Building CXX object CMakeFiles/cmTC_e750a.dir/CMakeCXXCompilerABI.cpp.o
/Applications/Xcode.app/Contents/Developer/Toolchains/XcodeDefault.xctoolchain/usr/bin/c++   -isysroot /Applications/Xcode.app/Contents/Developer/Platforms/MacOSX.platform/Developer/SDKs/MacOSX14.2.sdk -mmacosx-version-min=13.6   -v -Wl,-v -MD -MT CMakeFiles/cmTC_e750a.dir/CMakeCXXCompilerABI.cpp.o -MF CMakeFiles/cmTC_e750a.dir/CMakeCXXCompilerABI.cpp.o.d -o CMakeFiles/cmTC_e750a.dir/CMakeCXXCompilerABI.cpp.o -c /usr/local/share/cmake/Modules/CMakeCXXCompilerABI.cpp
Apple clang version 15.0.0 (clang-1500.1.0.2.5)
Target: x86_64-apple-darwin22.6.0
Thread model: posix
InstalledDir: /Applications/Xcode.app/Contents/Developer/Toolchains/XcodeDefault.xctoolchain/usr/bin
clang: warning: -Wl,-v: 'linker' input unused [-Wunused-command-line-argument]
 "/Applications/Xcode.app/Contents/Developer/Toolchains/XcodeDefault.xctoolchain/usr/bin/clang" -cc1 -triple x86_64-apple-macosx13.6.0 -Wundef-prefix=TARGET_OS_ -Wdeprecated-objc-isa-usage -Werror=deprecated-objc-isa-usage -Werror=implicit-function-declaration -emit-obj -mrelax-all --mrelax-relocations -disable-free -clear-ast-before-backend -disable-llvm-verifier -discard-value-names -main-file-name CMakeCXXCompilerABI.cpp -mrelocation-model pic -pic-level 2 -mframe-pointer=all -fno-strict-return -ffp-contract=on -fno-rounding-math -funwind-tables=2 -target-sdk-version=14.2 -fvisibility-inlines-hidden-static-local-var -target-cpu penryn -tune-cpu generic -mllvm -treat-scalable-fixed-error-as-warning -debugger-tuning=lldb -target-linker-version 1022.1 -v -fcoverage-compilation-dir=/Users/jocastab/Projects/CPP3_BrickGame_v2.0/build/CMakeFiles/CMakeTmp -resource-dir /Applications/Xcode.app/Contents/Developer/Toolchains/XcodeDefault.xctoolchain/usr/lib/clang/15.0.0 -dependency-file CMakeFiles/cmTC_e750a.dir/CMakeCXXCompilerABI.cpp.o.d -skip-unused-modulemap-deps -MT CMakeFiles/cmTC_e750a.dir/CMakeCXXCompilerABI.cpp.o -sys-header-deps -isysroot /Applications/Xcode.app/Contents/Developer/Platforms/MacOSX.platform/Developer/SDKs/MacOSX14.2.sdk -c-isystem /usr/local/include/ -cxx-isystem /usr/local/include/ -internal-isystem /Applications/Xcode.app/Contents/Developer/Platforms/MacOSX.platform/Developer/SDKs/MacOSX14.2.sdk/usr/include/c++/v1 -internal-isystem /Applications/Xcode.app/Contents/Developer/Platforms/MacOSX.platform/Developer/SDKs/MacOSX14.2.sdk/usr/local/include -internal-isystem /Applications/Xcode.app/Contents/Developer/Toolchains/XcodeDefault.xctoolchain/usr/lib/clang/15.0.0/include -internal-externc-isystem /Applications/Xcode.app/Contents/Developer/Platforms/MacOSX.platform/Developer/SDKs/MacOSX14.2.sdk/usr/include -internal-externc-isystem /Applications/Xcode.app/Contents/Developer/Toolchains/XcodeDefault.xctoolchain/usr/include -Wno-reorder-init-list -Wno-implicit-int-float-conversion -Wno-c99-designator -Wno-final-dtor-non-final-class -Wno-extra-semi-stmt -Wno-misleading-indentation -Wno-quoted-include-in-framework-header -Wno-implicit-fallthrough -Wno-enum-enum-conversion -Wno-enum-float-conversion -Wno-elaborated-enum-base -Wno-reserved-identifier -Wno-gnu-folding-constant -fdeprecated-macro -fdebug-compilation-dir=/Users/jocastab/Projects/CPP3_BrickGame_v2.0/build/CMakeFiles/CMakeTmp -ferror-limit 19 -stack-protector 1 -fstack-check -mdarwin-stkchk-strong-link -fblocks -fencode-extended-block-signature -fregister-global-dtors-with-atexit -fgnuc-version=4.2.1 -fno-cxx-modules -fcxx-exceptions -fexceptions -fmax-type-align=16 -fcommon -clang-vendor-feature=+disableNonDependentMemberExprInCurrentInstantiation -fno-odr-hash-protocols -clang-vendor-feature=+enableAggressiveVLAFolding -clang-vendor-feature=+revert09abecef7bbf -clang-vendor-feature=+thisNoAlignAttr -clang-vendor-feature=+thisNoNullAttr -mllvm -disable-aligned-alloc-awareness=1 -D__GCC_HAVE_DWARF2_CFI_ASM=1 -o CMakeFiles/cmTC_e750a.dir/CMakeCXXCompilerABI.cpp.o -x c++ /usr/local/share/cmake/Modules/CMakeCXXCompilerABI.cpp
clang -cc1 version 15.0.0 (clang-1500.1.0.2.5) default target x86_64-apple-darwin22.6.0
ignoring nonexistent directory "/Applications/Xcode.app/Contents/Developer/Platforms/MacOSX.platform/Developer/SDKs/MacOSX14.2.sdk/usr/local/include"
ignoring nonexistent directory "/Applications/Xcode.app/Contents/Developer/Platforms/MacOSX.platform/Developer/SDKs/MacOSX14.2.sdk/Library/Frameworks"
#include "..." search starts here:
#include <...> search starts here:
 /usr/local/include
 /Applications/Xcode.app/Contents/Developer/Platforms/MacOSX.platform/Developer/SDKs/MacOSX14.2.sdk/usr/include/c++/v1
 /Applications/Xcode.app/Contents/Developer/Toolchains/XcodeDefault.xctoolchain/usr/lib/clang/15.0.0/include
 /Applications/Xcode.app/Contents/Developer/Platforms/MacOSX.platform/Developer/SDKs/MacOSX14.2.sdk/usr/include
 /Applications/Xcode.app/Contents/Developer/Toolchains/XcodeDefault.xctoolchain/usr/include
 /Applications/Xcode.app/Contents/Developer/Platforms/MacOSX.platform/Developer/SDKs/MacOSX14.2.sdk/System/Library/Frameworks (framework directory)
End of search list.
Linking CXX executable cmTC_e750a
/usr/local/bin/cmake -E cmake_link_script CMakeFiles/cmTC_e750a.dir/link.txt --verbose=1
/Applications/Xcode.app/Contents/Developer/Toolchains/XcodeDefault.xctoolchain/usr/bin/c++  -isysroot /Applications/Xcode.app/Contents/Developer/Platforms/MacOSX.platform/Developer/SDKs/MacOSX14.2.sdk -mmacosx-version-min=13.6 -Wl,-search_paths_first -Wl,-headerpad_max_install_names  -v -Wl,-v CMakeFiles/cmTC_e750a.dir/CMakeCXXCompilerABI.cpp.o -o cmTC_e750a 
Apple clang version 15.0.0 (clang-1500.1.0.2.5)
Target: x86_64-apple-darwin22.6.0
Thread model: posix
InstalledDir: /Applications/Xcode.app/Contents/Developer/Toolchains/XcodeDefault.xctoolchain/usr/bin
 "/Applications/Xcode.app/Contents/Developer/Toolchains/XcodeDefault.xctoolchain/usr/bin/ld" -demangle -lto_library /Applications/Xcode.app/Contents/Developer/Toolchains/XcodeDefault.xctoolchain/usr/lib/libLTO.dylib -dynamic -arch x86_64 -platform_version macos 13.6.0 14.2 -syslibroot /Applications/Xcode.app/Contents/Developer/Platforms/MacOSX.platform/Developer/SDKs/MacOSX14.2.sdk -o cmTC_e750a -L/usr/local/Cellar/check/0.15.2/lib -L/usr/local/lib -search_paths_first -headerpad_max_install_names -v CMakeFiles/cmTC_e750a.dir/CMakeCXXCompilerABI.cpp.o -lc++ -lSystem /Applications/Xcode.app/Contents/Developer/Toolchains/XcodeDefault.xctoolchain/usr/lib/clang/15.0.0/lib/darwin/libclang_rt.osx.a
@(#)PROGRAM:ld  PROJECT:dyld-1022.1
BUILD 05:26:33 Dec  7 2023
configured to support archs: armv6 armv7 armv7s arm64 arm64e arm64_32 i386 x86_64 x86_64h
will use ld-classic for: armv6 armv7 armv7s arm64_32 i386 armv6m armv7k armv7m armv7em
LTO support using: LLVM version 15.0.0 (static support for 29, runtime is 29)
TAPI support using: Apple TAPI version 15.0.0 (tapi-1500.0.12.8)
Library search paths:
	/usr/local/Cellar/check/0.15.2/lib
	/usr/local/lib
Framework search paths:



Parsed CXX implicit include dir info from above output: rv=done
  found start of include info
  found start of implicit include info
    add: [/usr/local/include]
    add: [/Applications/Xcode.app/Contents/Developer/Platforms/MacOSX.platform/Developer/SDKs/MacOSX14.2.sdk/usr/include/c++/v1]
    add: [/Applications/Xcode.app/Contents/Developer/Toolchains/XcodeDefault.xctoolchain/usr/lib/clang/15.0.0/include]
    add: [/Applications/Xcode.app/Contents/Developer/Platforms/MacOSX.platform/Developer/SDKs/MacOSX14.2.sdk/usr/include]
    add: [/Applications/Xcode.app/Contents/Developer/Toolchains/XcodeDefault.xctoolchain/usr/include]
  end of search list found
  collapse include dir [/usr/local/include] ==> [/usr/local/include]
  collapse include dir [/Applications/Xcode.app/Contents/Developer/Platforms/MacOSX.platform/Developer/SDKs/MacOSX14.2.sdk/usr/include/c++/v1] ==> [/Applications/Xcode.app/Contents/Developer/Platforms/MacOSX.platform/Developer/SDKs/MacOSX14.2.sdk/usr/include/c++/v1]
  collapse include dir [/Applications/Xcode.app/Contents/Developer/Toolchains/XcodeDefault.xctoolchain/usr/lib/clang/15.0.0/include] ==> [/Applications/Xcode.app/Contents/Developer/Toolchains/XcodeDefault.xctoolchain/usr/lib/clang/15.0.0/include]
  collapse include dir [/Applications/Xcode.app/Contents/Developer/Platforms/MacOSX.platform/Developer/SDKs/MacOSX14.2.sdk/usr/include] ==> [/Applications/Xcode.app/Contents/Developer/Platforms/MacOSX.platform/Developer/SDKs/MacOSX14.2.sdk/usr/include]
  collapse include dir [/Applications/Xcode.app/Contents/Developer/Toolchains/XcodeDefault.xctoolchain/usr/include] ==> [/Applications/Xcode.app/Contents/Developer/Toolchains/XcodeDefault.xctoolchain/usr/include]
  implicit include dirs: [/usr/local/include;/Applications/Xcode.app/Contents/Developer/Platforms/MacOSX.platform/Developer/SDKs/MacOSX14.2.sdk/usr/include/c++/v1;/Applications/Xcode.app/Contents/Developer/Toolchains/XcodeDefault.xctoolchain/usr/lib/clang/15.0.0/include;/Applications/Xcode.app/Contents/Developer/Platforms/MacOSX.platform/Developer/SDKs/MacOSX14.2.sdk/usr/include;/Applications/Xcode.app/Contents/Developer/Toolchains/XcodeDefault.xctoolchain/usr/include]


Parsed CXX implicit link information from above output:
  link line regex: [^( *|.*[/\])(ld|CMAKE_LINK_STARTFILE-NOTFOUND|([^/\]+-)?ld|collect2)[^/\]*( |$)]
  ignore line: [Change Dir: /Users/jocastab/Projects/CPP3_BrickGame_v2.0/build/CMakeFiles/CMakeTmp]
  ignore line: []
  ignore line: [Run Build Command(s):/usr/bin/make -f Makefile cmTC_e750a/fast && /Applications/Xcode.app/Contents/Developer/usr/bin/make  -f CMakeFiles/cmTC_e750a.dir/build.make CMakeFiles/cmTC_e750a.dir/build]
  ignore line: [Building CXX object CMakeFiles/cmTC_e750a.dir/CMakeCXXCompilerABI.cpp.o]
  ignore line: [/Applications/Xcode.app/Contents/Developer/Toolchains/XcodeDefault.xctoolchain/usr/bin/c++   -isysroot /Applications/Xcode.app/Contents/Developer/Platforms/MacOSX.platform/Developer/SDKs/MacOSX14.2.sdk -mmacosx-version-min=13.6   -v -Wl -v -MD -MT CMakeFiles/cmTC_e750a.dir/CMakeCXXCompilerABI.cpp.o -MF CMakeFiles/cmTC_e750a.dir/CMakeCXXCompilerABI.cpp.o.d -o CMakeFiles/cmTC_e750a.dir/CMakeCXXCompilerABI.cpp.o -c /usr/local/share/cmake/Modules/CMakeCXXCompilerABI.cpp]
  ignore line: [Apple clang version 15.0.0 (clang-1500.1.0.2.5)]
  ignore line: [Target: x86_64-apple-darwin22.6.0]
  ignore line: [Thread model: posix]
  ignore line: [InstalledDir: /Applications/Xcode.app/Contents/Developer/Toolchains/XcodeDefault.xctoolchain/usr/bin]
  ignore line: [clang: warning: -Wl -v: 'linker' input unused [-Wunused-command-line-argument]]
  ignore line: [ "/Applications/Xcode.app/Contents/Developer/Toolchains/XcodeDefault.xctoolchain/usr/bin/clang" -cc1 -triple x86_64-apple-macosx13.6.0 -Wundef-prefix=TARGET_OS_ -Wdeprecated-objc-isa-usage -Werror=deprecated-objc-isa-usage -Werror=implicit-function-declaration -emit-obj -mrelax-all --mrelax-relocations -disable-free -clear-ast-before-backend -disable-llvm-verifier -discard-value-names -main-file-name CMakeCXXCompilerABI.cpp -mrelocation-model pic -pic-level 2 -mframe-pointer=all -fno-strict-return -ffp-contract=on -fno-rounding-math -funwind-tables=2 -target-sdk-version=14.2 -fvisibility-inlines-hidden-static-local-var -target-cpu penryn -tune-cpu generic -mllvm -treat-scalable-fixed-error-as-warning -debugger-tuning=lldb -target-linker-version 1022.1 -v -fcoverage-compilation-dir=/Users/jocastab/Projects/CPP3_BrickGame_v2.0/build/CMakeFiles/CMakeTmp -resource-dir /Applications/Xcode.app/Contents/Developer/Toolchains/XcodeDefault.xctoolchain/usr/lib/clang/15.0.0 -dependency-file CMakeFiles/cmTC_e750a.dir/CMakeCXXCompilerABI.cpp.o.d -skip-unused-modulemap-deps -MT CMakeFiles/cmTC_e750a.dir/CMakeCXXCompilerABI.cpp.o -sys-header-deps -isysroot /Applications/Xcode.app/Contents/Developer/Platforms/MacOSX.platform/Developer/SDKs/MacOSX14.2.sdk -c-isystem /usr/local/include/ -cxx-isystem /usr/local/include/ -internal-isystem /Applications/Xcode.app/Contents/Developer/Platforms/MacOSX.platform/Developer/SDKs/MacOSX14.2.sdk/usr/include/c++/v1 -internal-isystem /Applications/Xcode.app/Contents/Developer/Platforms/MacOSX.platform/Developer/SDKs/MacOSX14.2.sdk/usr/local/include -internal-isystem /Applications/Xcode.app/Contents/Developer/Toolchains/XcodeDefault.xctoolchain/usr/lib/clang/15.0.0/include -internal-externc-isystem /Applications/Xcode.app/Contents/Developer/Platforms/MacOSX.platform/Developer/SDKs/MacOSX14.2.sdk/usr/include -internal-externc-isystem /Applications/Xcode.app/Contents/Developer/Toolchains/XcodeDefault.xctoolchain/usr/include -Wno-reorder-init-list -Wno-implicit-int-float-conversion -Wno-c99-designator -Wno-final-dtor-non-final-class -Wno-extra-semi-stmt -Wno-misleading-indentation -Wno-quoted-include-in-framework-header -Wno-implicit-fallthrough -Wno-enum-enum-conversion -Wno-enum-float-conversion -Wno-elaborated-enum-base -Wno-reserved-identifier -Wno-gnu-folding-constant -fdeprecated-macro -fdebug-compilation-dir=/Users/jocastab/Projects/CPP3_BrickGame_v2.0/build/CMakeFiles/CMakeTmp -ferror-limit 19 -stack-protector 1 -fstack-check -mdarwin-stkchk-strong-link -fblocks -fencode-extended-block-signature -fregister-global-dtors-with-atexit -fgnuc-version=4.2.1 -fno-cxx-modules -fcxx-exceptions -fexceptions -fmax-type-align=16 -fcommon -clang-vendor-feature=+disableNonDependentMemberExprInCurrentInstantiation -fno-odr-hash-protocols -clang-vendor-feature=+enableAggressiveVLAFolding -clang-vendor-feature=+revert09abecef7bbf -clang-vendor-feature=+thisNoAlignAttr -clang-vendor-feature=+thisNoNullAttr -mllvm -disable-aligned-alloc-awareness=1 -D__GCC_HAVE_DWARF2_CFI_ASM=1 -o CMakeFiles/cmTC_e750a.dir/CMakeCXXCompilerABI.cpp.o -x c++ /usr/local/share/cmake/Modules/CMakeCXXCompilerABI.cpp]
  ignore line: [clang -cc1 version 15.0.0 (clang-1500.1.0.2.5) default target x86_64-apple-darwin22.6.0]
  ignore line: [ignoring nonexistent directory "/Applications/Xcode.app/Contents/Developer/Platforms/MacOSX.platform/Developer/SDKs/MacOSX14.2.sdk/usr/local/include"]
  ignore line: [ignoring nonexistent directory "/Applications/Xcode.app/Contents/Developer/Platforms/MacOSX.platform/Developer/SDKs/MacOSX14.2.sdk/Library/Frameworks"]
  ignore line: [#include "..." search starts here:]
  ignore line: [#include <...> search starts here:]
  ignore line: [ /usr/local/include]
  ignore line: [ /Applications/Xcode.app/Contents/Developer/Platforms/MacOSX.platform/Developer/SDKs/MacOSX14.2.sdk/usr/include/c++/v1]
  ignore line: [ /Applications/Xcode.app/Contents/Developer/Toolchains/XcodeDefault.xctoolchain/usr/lib/clang/15.0.0/include]
  ignore line: [ /Applications/Xcode.app/Contents/Developer/Platforms/MacOSX.platform/Developer/SDKs/MacOSX14.2.sdk/usr/include]
  ignore line: [ /Applications/Xcode.app/Contents/Developer/Toolchains/XcodeDefault.xctoolchain/usr/include]
  ignore line: [ /Applications/Xcode.app/Contents/Developer/Platforms/MacOSX.platform/Developer/SDKs/MacOSX14.2.sdk/System/Library/Frameworks (framework directory)]
  ignore line: [End of search list.]
  ignore line: [Linking CXX executable cmTC_e750a]
  ignore line: [/usr/local/bin/cmake -E cmake_link_script CMakeFiles/cmTC_e750a.dir/link.txt --verbose=1]
  ignore line: [/Applications/Xcode.app/Contents/Developer/Toolchains/XcodeDefault.xctoolchain/usr/bin/c++  -isysroot /Applications/Xcode.app/Contents/Developer/Platforms/MacOSX.platform/Developer/SDKs/MacOSX14.2.sdk -mmacosx-version-min=13.6 -Wl -search_paths_first -Wl -headerpad_max_install_names  -v -Wl -v CMakeFiles/cmTC_e750a.dir/CMakeCXXCompilerABI.cpp.o -o cmTC_e750a ]
  ignore line: [Apple clang version 15.0.0 (clang-1500.1.0.2.5)]
  ignore line: [Target: x86_64-apple-darwin22.6.0]
  ignore line: [Thread model: posix]
  ignore line: [InstalledDir: /Applications/Xcode.app/Contents/Developer/Toolchains/XcodeDefault.xctoolchain/usr/bin]
  link line: [ "/Applications/Xcode.app/Contents/Developer/Toolchains/XcodeDefault.xctoolchain/usr/bin/ld" -demangle -lto_library /Applications/Xcode.app/Contents/Developer/Toolchains/XcodeDefault.xctoolchain/usr/lib/libLTO.dylib -dynamic -arch x86_64 -platform_version macos 13.6.0 14.2 -syslibroot /Applications/Xcode.app/Contents/Developer/Platforms/MacOSX.platform/Developer/SDKs/MacOSX14.2.sdk -o cmTC_e750a -L/usr/local/Cellar/check/0.15.2/lib -L/usr/local/lib -search_paths_first -headerpad_max_install_names -v CMakeFiles/cmTC_e750a.dir/CMakeCXXCompilerABI.cpp.o -lc++ -lSystem /Applications/Xcode.app/Contents/Developer/Toolchains/XcodeDefault.xctoolchain/usr/lib/clang/15.0.0/lib/darwin/libclang_rt.osx.a]
    arg [/Applications/Xcode.app/Contents/Developer/Toolchains/XcodeDefault.xctoolchain/usr/bin/ld] ==> ignore
    arg [-demangle] ==> ignore
    arg [-lto_library] ==> ignore, skip following value
    arg [/Applications/Xcode.app/Contents/Developer/Toolchains/XcodeDefault.xctoolchain/usr/lib/libLTO.dylib] ==> skip value of -lto_library
    arg [-dynamic] ==> ignore
    arg [-arch] ==> ignore
    arg [x86_64] ==> ignore
    arg [-platform_version] ==> ignore
    arg [macos] ==> ignore
    arg [13.6.0] ==> ignore
    arg [14.2] ==> ignore
    arg [-syslibroot] ==> ignore
    arg [/Applications/Xcode.app/Contents/Developer/Platforms/MacOSX.platform/Developer/SDKs/MacOSX14.2.sdk] ==> ignore
    arg [-o] ==> ignore
    arg [cmTC_e750a] ==> ignore
    arg [-L/usr/local/Cellar/check/0.15.2/lib] ==> dir [/usr/local/Cellar/check/0.15.2/lib]
    arg [-L/usr/local/lib] ==> dir [/usr/local/lib]
    arg [-search_paths_first] ==> ignore
    arg [-headerpad_max_install_names] ==> ignore
    arg [-v] ==> ignore
    arg [CMakeFiles/cmTC_e750a.dir/CMakeCXXCompilerABI.cpp.o] ==> ignore
    arg [-lc++] ==> lib [c++]
    arg [-lSystem] ==> lib [System]
    arg [/Applications/Xcode.app/Contents/Developer/Toolchains/XcodeDefault.xctoolchain/usr/lib/clang/15.0.0/lib/darwin/libclang_rt.osx.a] ==> lib [/Applications/Xcode.app/Contents/Developer/Toolchains/XcodeDefault.xctoolchain/usr/lib/clang/15.0.0/lib/darwin/libclang_rt.osx.a]
  Library search paths: [;/usr/local/Cellar/check/0.15.2/lib;/usr/local/lib]
  remove lib [System]
  remove lib [/Applications/Xcode.app/Contents/Developer/Toolchains/XcodeDefault.xctoolchain/usr/lib/clang/15.0.0/lib/darwin/libclang_rt.osx.a]
  collapse library dir [/usr/local/Cellar/check/0.15.2/lib] ==> [/usr/local/Cellar/check/0.15.2/lib]
  collapse library dir [/usr/local/lib] ==> [/usr/local/lib]
  collapse library dir [/usr/local/Cellar/check/0.15.2/lib] ==> [/usr/local/Cellar/check/0.15.2/lib]
  collapse library dir [/usr/local/lib] ==> [/usr/local/lib]
  implicit libs: [c++]
  implicit objs: []
  implicit dirs: [/usr/local/Cellar/check/0.15.2/lib;/usr/local/lib]
  implicit fwks: []


Determining if the include file pthread.h exists passed with the following output:
Change Dir: /Users/jocastab/Projects/CPP3_BrickGame_v2.0/build/CMakeFiles/CMakeTmp

Run Build Command(s):/usr/bin/make -f Makefile cmTC_8c5c3/fast && /Applications/Xcode.app/Contents/Developer/usr/bin/make  -f CMakeFiles/cmTC_8c5c3.dir/build.make CMakeFiles/cmTC_8c5c3.dir/build
Building C object CMakeFiles/cmTC_8c5c3.dir/CheckIncludeFile.c.o
/Applications/Xcode.app/Contents/Developer/Toolchains/XcodeDefault.xctoolchain/usr/bin/cc   -isysroot /Applications/Xcode.app/Contents/Developer/Platforms/MacOSX.platform/Developer/SDKs/MacOSX14.2.sdk -mmacosx-version-min=13.6 -MD -MT CMakeFiles/cmTC_8c5c3.dir/CheckIncludeFile.c.o -MF CMakeFiles/cmTC_8c5c3.dir/CheckIncludeFile.c.o.d -o CMakeFiles/cmTC_8c5c3.dir/CheckIncludeFile.c.o -c /Users/jocastab/Projects/CPP3_BrickGame_v2.0/build/CMakeFiles/CMakeTmp/CheckIncludeFile.c
Linking C executable cmTC_8c5c3
/usr/local/bin/cmake -E cmake_link_script CMakeFiles/cmTC_8c5c3.dir/link.txt --verbose=1
/Applications/Xcode.app/Contents/Developer/Toolchains/XcodeDefault.xctoolchain/usr/bin/cc  -isysroot /Applications/Xcode.app/Contents/Developer/Platforms/MacOSX.platform/Developer/SDKs/MacOSX14.2.sdk -mmacosx-version-min=13.6 -Wl,-search_paths_first -Wl,-headerpad_max_install_names CMakeFiles/cmTC_8c5c3.dir/CheckIncludeFile.c.o -o cmTC_8c5c3 



Performing C SOURCE FILE Test CMAKE_HAVE_LIBC_PTHREAD succeeded with the following output:
Change Dir: /Users/jocastab/Projects/CPP3_BrickGame_v2.0/build/CMakeFiles/CMakeTmp

Run Build Command(s):/usr/bin/make -f Makefile cmTC_38007/fast && /Applications/Xcode.app/Contents/Developer/usr/bin/make  -f CMakeFiles/cmTC_38007.dir/build.make CMakeFiles/cmTC_38007.dir/build
Building C object CMakeFiles/cmTC_38007.dir/src.c.o
/Applications/Xcode.app/Contents/Developer/Toolchains/XcodeDefault.xctoolchain/usr/bin/cc -DCMAKE_HAVE_LIBC_PTHREAD  -isysroot /Applications/Xcode.app/Contents/Developer/Platforms/MacOSX.platform/Developer/SDKs/MacOSX14.2.sdk -mmacosx-version-min=13.6 -MD -MT CMakeFiles/cmTC_38007.dir/src.c.o -MF CMakeFiles/cmTC_38007.dir/src.c.o.d -o CMakeFiles/cmTC_38007.dir/src.c.o -c /Users/jocastab/Projects/CPP3_BrickGame_v2.0/build/CMakeFiles/CMakeTmp/src.c
Linking C executable cmTC_38007
/usr/local/bin/cmake -E cmake_link_script CMakeFiles/cmTC_38007.dir/link.txt --verbose=1
/Applications/Xcode.app/Contents/Developer/Toolchains/XcodeDefault.xctoolchain/usr/bin/cc  -isysroot /Applications/Xcode.app/Contents/Developer/Platforms/MacOSX.platform/Developer/SDKs/MacOSX14.2.sdk -mmacosx-version-min=13.6 -Wl,-search_paths_first -Wl,-headerpad_max_install_names CMakeFiles/cmTC_38007.dir/src.c.o -o cmTC_38007 


Source file was:
#include <pthread.h>

static void* test_func(void* data)
{
  return data;
}

int main(void)
{
  pthread_t thread;
  pthread_create(&thread, NULL, test_func, NULL);
  pthread_detach(thread);
  pthread_cancel(thread);
  pthread_join(thread, NULL);
  pthread_atfork(NULL, NULL, NULL);
  pthread_exit(NULL);

  return 0;
}

Performing C++ SOURCE FILE Test HAVE_STDATOMIC succeeded with the following output:
Change Dir: /Users/jocastab/Projects/CPP3_BrickGame_v2.0/build/CMakeFiles/CMakeTmp

Run Build Command(s):/usr/bin/make -f Makefile cmTC_dfc39/fast && /Applications/Xcode.app/Contents/Developer/usr/bin/make  -f CMakeFiles/cmTC_dfc39.dir/build.make CMakeFiles/cmTC_dfc39.dir/build
Building CXX object CMakeFiles/cmTC_dfc39.dir/src.cxx.o
/Applications/Xcode.app/Contents/Developer/Toolchains/XcodeDefault.xctoolchain/usr/bin/c++ -DHAVE_STDATOMIC  -isysroot /Applications/Xcode.app/Contents/Developer/Platforms/MacOSX.platform/Developer/SDKs/MacOSX14.2.sdk -mmacosx-version-min=13.6 -std=gnu++17 -MD -MT CMakeFiles/cmTC_dfc39.dir/src.cxx.o -MF CMakeFiles/cmTC_dfc39.dir/src.cxx.o.d -o CMakeFiles/cmTC_dfc39.dir/src.cxx.o -c /Users/jocastab/Projects/CPP3_BrickGame_v2.0/build/CMakeFiles/CMakeTmp/src.cxx
Linking CXX executable cmTC_dfc39
/usr/local/bin/cmake -E cmake_link_script CMakeFiles/cmTC_dfc39.dir/link.txt --verbose=1
/Applications/Xcode.app/Contents/Developer/Toolchains/XcodeDefault.xctoolchain/usr/bin/c++  -isysroot /Applications/Xcode.app/Contents/Developer/Platforms/MacOSX.platform/Developer/SDKs/MacOSX14.2.sdk -mmacosx-version-min=13.6 -Wl,-search_paths_first -Wl,-headerpad_max_install_names CMakeFiles/cmTC_dfc39.dir/src.cxx.o -o cmTC_dfc39 


Source file was:
#include <atomic>
#include <cstdint>

int main(int, char **)
{
    volatile std::atomic<char>    size_1;
    volatile std::atomic<short>   size_2;
    volatile std::atomic<int>     size_4;
    volatile std::atomic<int64_t> size_8;

    ++size_1;
    ++size_2;
    ++size_4;
    ++size_8;

    (void)size_1.load(std::memory_order_relaxed);
    (void)size_2.load(std::memory_order_relaxed);
    (void)size_4.load(std::memory_order_relaxed);
    (void)size_8.load(std::memory_order_relaxed);

    return 0;
}
The system is: Darwin - 22.6.0 - x86_64
Compiling the C compiler identification source file "CMakeCCompilerId.c" succeeded.
Compiler: /Applications/Xcode.app/Contents/Developer/Toolchains/XcodeDefault.xctoolchain/usr/bin/cc 
Build flags: 
Id flags: -c 

The output was:
0


Compilation of the C compiler identification source "CMakeCCompilerId.c" produced "CMakeCCompilerId.o"

The C compiler identification is AppleClang, found in "/Users/jocastab/Projects/CPP3_BrickGame_v2.0/build/CMakeFiles/3.23.0/CompilerIdC/CMakeCCompilerId.o"

Compiling the CXX compiler identification source file "CMakeCXXCompilerId.cpp" succeeded.
Compiler: /Applications/Xcode.app/Contents/Developer/Toolchains/XcodeDefault.xctoolchain/usr/bin/c++ 
Build flags: 
Id flags: -c 

The output was:
0


Compilation of the CXX compiler identification source "CMakeCXXCompilerId.cpp" produced "CMakeCXXCompilerId.o"

The CXX compiler identification is AppleClang, found in "/Users/jocastab/Projects/CPP3_BrickGame_v2.0/build/CMakeFiles/3.23.0/CompilerIdCXX/CMakeCXXCompilerId.o"

Detecting C compiler ABI info compiled with the following output:
Change Dir: /Users/jocastab/Projects/CPP3_BrickGame_v2.0/build/CMakeFiles/CMakeTmp

Run Build Command(s):/usr/bin/make -f Makefile cmTC_40bf9/fast && /Applications/Xcode.app/Contents/Developer/usr/bin/make  -f CMakeFiles/cmTC_40bf9.dir/build.make CMakeFiles/cmTC_40bf9.dir/build
Building C object CMakeFiles/cmTC_40bf9.dir/CMakeCCompilerABI.c.o
/Applications/Xcode.app/Contents/Developer/Toolchains/XcodeDefault.xctoolchain/usr/bin/cc   -isysroot /Applications/Xcode.app/Contents/Developer/Platforms/MacOSX.platform/Developer/SDKs/MacOSX14.2.sdk -mmacosx-version-min=13.6   -v -Wl,-v -MD -MT CMakeFiles/cmTC_40bf9.dir/CMakeCCompilerABI.c.o -MF CMakeFiles/cmTC_40bf9.dir/CMakeCCompilerABI.c.o.d -o CMakeFiles/cmTC_40bf9.dir/CMakeCCompilerABI.c.o -c /usr/local/share/cmake/Modules/CMakeCCompilerABI.c
Apple clang version 15.0.0 (clang-1500.1.0.2.5)
Target: x86_64-apple-darwin22.6.0
Thread model: posix
InstalledDir: /Applications/Xcode.app/Contents/Developer/Toolchains/XcodeDefault.xctoolchain/usr/bin
clang: warning: -Wl,-v: 'linker' input unused [-Wunused-command-line-argument]
 "/Applications/Xcode.app/Contents/Developer/Toolchains/XcodeDefault.xctoolchain/usr/bin/clang" -cc1 -triple x86_64-apple-macosx13.6.0 -Wundef-prefix=TARGET_OS_ -Wdeprecated-objc-isa-usage -Werror=deprecated-objc-isa-usage -Werror=implicit-function-declaration -emit-obj -mrelax-all --mrelax-relocations -disable-free -clear-ast-before-backend -disable-llvm-verifier -discard-value-names -main-file-name CMakeCCompilerABI.c -mrelocation-model pic -pic-level 2 -mframe-pointer=all -fno-strict-return -ffp-contract=on -fno-rounding-math -funwind-tables=2 -target-sdk-version=14.2 -fvisibility-inlines-hidden-static-local-var -target-cpu penryn -tune-cpu generic -mllvm -treat-scalable-fixed-error-as-warning -debugger-tuning=lldb -target-linker-version 1022.1 -v -fcoverage-compilation-dir=/Users/jocastab/Projects/CPP3_BrickGame_v2.0/build/CMakeFiles/CMakeTmp -resource-dir /Applications/Xcode.app/Contents/Developer/Toolchains/XcodeDefault.xctoolchain/usr/lib/clang/15.0.0 -dependency-file CMakeFiles/cmTC_40bf9.dir/CMakeCCompilerABI.c.o.d -skip-unused-modulemap-deps -MT CMakeFiles/cmTC_40bf9.dir/CMakeCCompilerABI.c.o -sys-header-deps -isysroot /Applications/Xcode.app/Contents/Developer/Platforms/MacOSX.platform/Developer/SDKs/MacOSX14.2.sdk -c-isystem /usr/local/include/ -cxx-isystem /usr/local/include/ -internal-isystem /Applications/Xcode.app/Contents/Developer/Platforms/MacOSX.platform/Developer/SDKs/MacOSX14.2.sdk/usr/local/include -internal-isystem /Applications/Xcode.app/Contents/Developer/Toolchains/XcodeDefault.xctoolchain/usr/lib/clang/15.0.0/include -internal-externc-isystem /Applications/Xcode.app/Contents/Developer/Platforms/MacOSX.platform/Developer/SDKs/MacOSX14.2.sdk/usr/include -internal-externc-isystem /Applications/Xcode.app/Contents/Developer/Toolchains/XcodeDefault.xctoolchain/usr/include -Wno-reorder-init-list -Wno-implicit-int-float-conversion -Wno-c99-designator -Wno-final-dtor-non-final-class -Wno-extra-semi-stmt -Wno-misleading-indentation -Wno-quoted-include-in-framework-header -Wno-implicit-fallthrough -Wno-enum-enum-conversion -Wno-enum-float-conversion -Wno-elaborated-enum-base -Wno-reserved-identifier -Wno-gnu-folding-constant -fdebug-compilation-dir=/Users/jocastab/Projects/CPP3_BrickGame_v2.0/build/CMakeFiles/CMakeTmp -ferror-limit 19 -stack-protector 1 -fstack-check -mdarwin-stkchk-strong-link -fblocks -fencode-extended-block-signature -fregister-global-dtors-with-atexit -fgnuc-version=4.2.1 -fmax-type-align=16 -fcommon -clang-vendor-feature=+disableNonDependentMemberExprInCurrentInstantiation -fno-odr-hash-protocols -clang-vendor-feature=+enableAggressiveVLAFolding -clang-vendor-feature=+revert09abecef7bbf -clang-vendor-feature=+thisNoAlignAttr -clang-vendor-feature=+thisNoNullAttr -mllvm -disable-aligned-alloc-awareness=1 -D__GCC_HAVE_DWARF2_CFI_ASM=1 -o CMakeFiles/cmTC_40bf9.dir/CMakeCCompilerABI.c.o -x c /usr/local/share/cmake/Modules/CMakeCCompilerABI.c
clang -cc1 version 15.0.0 (clang-1500.1.0.2.5) default target x86_64-apple-darwin22.6.0
ignoring nonexistent directory "/Applications/Xcode.app/Contents/Developer/Platforms/MacOSX.platform/Developer/SDKs/MacOSX14.2.sdk/usr/local/include"
ignoring nonexistent directory "/Applications/Xcode.app/Contents/Developer/Platforms/MacOSX.platform/Developer/SDKs/MacOSX14.2.sdk/Library/Frameworks"
#include "..." search starts here:
#include <...> search starts here:
 /usr/local/include
 /Applications/Xcode.app/Contents/Developer/Toolchains/XcodeDefault.xctoolchain/usr/lib/clang/15.0.0/include
 /Applications/Xcode.app/Contents/Developer/Platforms/MacOSX.platform/Developer/SDKs/MacOSX14.2.sdk/usr/include
 /Applications/Xcode.app/Contents/Developer/Toolchains/XcodeDefault.xctoolchain/usr/include
 /Applications/Xcode.app/Contents/Developer/Platforms/MacOSX.platform/Developer/SDKs/MacOSX14.2.sdk/System/Library/Frameworks (framework directory)
End of search list.
Linking C executable cmTC_40bf9
/usr/local/bin/cmake -E cmake_link_script CMakeFiles/cmTC_40bf9.dir/link.txt --verbose=1
/Applications/Xcode.app/Contents/Developer/Toolchains/XcodeDefault.xctoolchain/usr/bin/cc  -isysroot /Applications/Xcode.app/Contents/Developer/Platforms/MacOSX.platform/Developer/SDKs/MacOSX14.2.sdk -mmacosx-version-min=13.6 -Wl,-search_paths_first -Wl,-headerpad_max_install_names  -v -Wl,-v CMakeFiles/cmTC_40bf9.dir/CMakeCCompilerABI.c.o -o cmTC_40bf9 
Apple clang version 15.0.0 (clang-1500.1.0.2.5)
Target: x86_64-apple-darwin22.6.0
Thread model: posix
InstalledDir: /Applications/Xcode.app/Contents/Developer/Toolchains/XcodeDefault.xctoolchain/usr/bin
 "/Applications/Xcode.app/Contents/Developer/Toolchains/XcodeDefault.xctoolchain/usr/bin/ld" -demangle -lto_library /Applications/Xcode.app/Contents/Developer/Toolchains/XcodeDefault.xctoolchain/usr/lib/libLTO.dylib -dynamic -arch x86_64 -platform_version macos 13.6.0 14.2 -syslibroot /Applications/Xcode.app/Contents/Developer/Platforms/MacOSX.platform/Developer/SDKs/MacOSX14.2.sdk -o cmTC_40bf9 -L/usr/local/Cellar/check/0.15.2/lib -L/usr/local/lib -search_paths_first -headerpad_max_install_names -v CMakeFiles/cmTC_40bf9.dir/CMakeCCompilerABI.c.o -lSystem /Applications/Xcode.app/Contents/Developer/Toolchains/XcodeDefault.xctoolchain/usr/lib/clang/15.0.0/lib/darwin/libclang_rt.osx.a
@(#)PROGRAM:ld  PROJECT:dyld-1022.1
BUILD 05:26:33 Dec  7 2023
configured to support archs: armv6 armv7 armv7s arm64 arm64e arm64_32 i386 x86_64 x86_64h
will use ld-classic for: armv6 armv7 armv7s arm64_32 i386 armv6m armv7k armv7m armv7em
LTO support using: LLVM version 15.0.0 (static support for 29, runtime is 29)
TAPI support using: Apple TAPI version 15.0.0 (tapi-1500.0.12.8)
Library search paths:
	/usr/local/Cellar/check/0.15.2/lib
	/usr/local/lib
Framework search paths:



Parsed C implicit include dir info from above output: rv=done
  found start of include info
  found start of implicit include info
    add: [/usr/local/include]
    add: [/Applications/Xcode.app/Contents/Developer/Toolchains/XcodeDefault.xctoolchain/usr/lib/clang/15.0.0/include]
    add: [/Applications/Xcode.app/Contents/Developer/Platforms/MacOSX.platform/Developer/SDKs/MacOSX14.2.sdk/usr/include]
    add: [/Applications/Xcode.app/Contents/Developer/Toolchains/XcodeDefault.xctoolchain/usr/include]
  end of search list found
  collapse include dir [/usr/local/include] ==> [/usr/local/include]
  collapse include dir [/Applications/Xcode.app/Contents/Developer/Toolchains/XcodeDefault.xctoolchain/usr/lib/clang/15.0.0/include] ==> [/Applications/Xcode.app/Contents/Developer/Toolchains/XcodeDefault.xctoolchain/usr/lib/clang/15.0.0/include]
  collapse include dir [/Applications/Xcode.app/Contents/Developer/Platforms/MacOSX.platform/Developer/SDKs/MacOSX14.2.sdk/usr/include] ==> [/Applications/Xcode.app/Contents/Developer/Platforms/MacOSX.platform/Developer/SDKs/MacOSX14.2.sdk/usr/include]
  collapse include dir [/Applications/Xcode.app/Contents/Developer/Toolchains/XcodeDefault.xctoolchain/usr/include] ==> [/Applications/Xcode.app/Contents/Developer/Toolchains/XcodeDefault.xctoolchain/usr/include]
  implicit include dirs: [/usr/local/include;/Applications/Xcode.app/Contents/Developer/Toolchains/XcodeDefault.xctoolchain/usr/lib/clang/15.0.0/include;/Applications/Xcode.app/Contents/Developer/Platforms/MacOSX.platform/Developer/SDKs/MacOSX14.2.sdk/usr/include;/Applications/Xcode.app/Contents/Developer/Toolchains/XcodeDefault.xctoolchain/usr/include]


Parsed C implicit link information from above output:
  link line regex: [^( *|.*[/\])(ld|CMAKE_LINK_STARTFILE-NOTFOUND|([^/\]+-)?ld|collect2)[^/\]*( |$)]
  ignore line: [Change Dir: /Users/jocastab/Projects/CPP3_BrickGame_v2.0/build/CMakeFiles/CMakeTmp]
  ignore line: []
  ignore line: [Run Build Command(s):/usr/bin/make -f Makefile cmTC_40bf9/fast && /Applications/Xcode.app/Contents/Developer/usr/bin/make  -f CMakeFiles/cmTC_40bf9.dir/build.make CMakeFiles/cmTC_40bf9.dir/build]
  ignore line: [Building C object CMakeFiles/cmTC_40bf9.dir/CMakeCCompilerABI.c.o]
  ignore line: [/Applications/Xcode.app/Contents/Developer/Toolchains/XcodeDefault.xctoolchain/usr/bin/cc   -isysroot /Applications/Xcode.app/Contents/Developer/Platforms/MacOSX.platform/Developer/SDKs/MacOSX14.2.sdk -mmacosx-version-min=13.6   -v -Wl -v -MD -MT CMakeFiles/cmTC_40bf9.dir/CMakeCCompilerABI.c.o -MF CMakeFiles/cmTC_40bf9.dir/CMakeCCompilerABI.c.o.d -o CMakeFiles/cmTC_40bf9.dir/CMakeCCompilerABI.c.o -c /usr/local/share/cmake/Modules/CMakeCCompilerABI.c]
  ignore line: [Apple clang version 15.0.0 (clang-1500.1.0.2.5)]
  ignore line: [Target: x86_64-apple-darwin22.6.0]
  ignore line: [Thread model: posix]
  ignore line: [InstalledDir: /Applications/Xcode.app/Contents/Developer/Toolchains/XcodeDefault.xctoolchain/usr/bin]
  ignore line: [clang: warning: -Wl -v: 'linker' input unused [-Wunused-command-line-argument]]
  ignore line: [ "/Applications/Xcode.app/Contents/Developer/Toolchains/XcodeDefault.xctoolchain/usr/bin/clang" -cc1 -triple x86_64-apple-macosx13.6.0 -Wundef-prefix=TARGET_OS_ -Wdeprecated-objc-isa-usage -Werror=deprecated-objc-isa-usage -Werror=implicit-function-declaration -emit-obj -mrelax-all --mrelax-relocations -disable-free -clear-ast-before-backend -disable-llvm-verifier -discard-value-names -main-file-name CMakeCCompilerABI.c -mrelocation-model pic -pic-level 2 -mframe-pointer=all -fno-strict-return -ffp-contract=on -fno-rounding-math -funwind-tables=2 -target-sdk-version=14.2 -fvisibility-inlines-hidden-static-local-var -target-cpu penryn -tune-cpu generic -mllvm -treat-scalable-fixed-error-as-warning -debugger-tuning=lldb -target-linker-version 1022.1 -v -fcoverage-compilation-dir=/Users/jocastab/Projects/CPP3_BrickGame_v2.0/build/CMakeFiles/CMakeTmp -resource-dir /Applications/Xcode.app/Contents/Developer/Toolchains/XcodeDefault.xctoolchain/usr/lib/clang/15.0.0 -dependency-file CMakeFiles/cmTC_40bf9.dir/CMakeCCompilerABI.c.o.d -skip-unused-modulemap-deps -MT CMakeFiles/cmTC_40bf9.dir/CMakeCCompilerABI.c.o -sys-header-deps -isysroot /Applications/Xcode.app/Contents/Developer/Platforms/MacOSX.platform/Developer/SDKs/MacOSX14.2.sdk -c-isystem /usr/local/include/ -cxx-isystem /usr/local/include/ -internal-isystem /Applications/Xcode.app/Contents/Developer/Platforms/MacOSX.platform/Developer/SDKs/MacOSX14.2.sdk/usr/local/include -internal-isystem /Applications/Xcode.app/Contents/Developer/Toolchains/XcodeDefault.xctoolchain/usr/lib/clang/15.0.0/include -internal-externc-isystem /Applications/Xcode.app/Contents/Developer/Platforms/MacOSX.platform/Developer/SDKs/MacOSX14.2.sdk/usr/include -internal-externc-isystem /Applications/Xcode.app/Contents/Developer/Toolchains/XcodeDefault.xctoolchain/usr/include -Wno-reorder-init-list -Wno-implicit-int-float-conversion -Wno-c99-designator -Wno-final-dtor-non-final-class -Wno-extra-semi-stmt -Wno-misleading-indentation -Wno-quoted-include-in-framework-header -Wno-implicit-fallthrough -Wno-enum-enum-conversion -Wno-enum-float-conversion -Wno-elaborated-enum-base -Wno-reserved-identifier -Wno-gnu-folding-constant -fdebug-compilation-dir=/Users/jocastab/Projects/CPP3_BrickGame_v2.0/build/CMakeFiles/CMakeTmp -ferror-limit 19 -stack-protector 1 -fstack-check -mdarwin-stkchk-strong-link -fblocks -fencode-extended-block-signature -fregister-global-dtors-with-atexit -fgnuc-version=4.2.1 -fmax-type-align=16 -fcommon -clang-vendor-feature=+disableNonDependentMemberExprInCurrentInstantiation -fno-odr-hash-protocols -clang-vendor-feature=+enableAggressiveVLAFolding -clang-vendor-feature=+revert09abecef7bbf -clang-vendor-feature=+thisNoAlignAttr -clang-vendor-feature=+thisNoNullAttr -mllvm -disable-aligned-alloc-awareness=1 -D__GCC_HAVE_DWARF2_CFI_ASM=1 -o CMakeFiles/cmTC_40bf9.dir/CMakeCCompilerABI.c.o -x c /usr/local/share/cmake/Modules/CMakeCCompilerABI.c]
  ignore line: [clang -cc1 version 15.0.0 (clang-1500.1.0.2.5) default target x86_64-apple-darwin22.6.0]
  ignore line: [ignoring nonexistent directory "/Applications/Xcode.app/Contents/Developer/Platforms/MacOSX.platform/Developer/SDKs/MacOSX14.2.sdk/usr/local/include"]
  ignore line: [ignoring nonexistent directory "/Applications/Xcode.app/Contents/Developer/Platforms/MacOSX.platform/Developer/SDKs/MacOSX14.2.sdk/Library/Frameworks"]
  ignore line: [#include "..." search starts here:]
  ignore line: [#include <...> search starts here:]
  ignore line: [ /usr/local/include]
  ignore line: [ /Applications/Xcode.app/Contents/Developer/Toolchains/XcodeDefault.xctoolchain/usr/lib/clang/15.0.0/include]
  ignore line: [ /Applications/Xcode.app/Contents/Developer/Platforms/MacOSX.platform/Developer/SDKs/MacOSX14.2.sdk/usr/include]
  ignore line: [ /Applications/Xcode.app/Contents/Developer/Toolchains/XcodeDefault.xctoolchain/usr/include]
  ignore line: [ /Applications/Xcode.app/Contents/Developer/Platforms/MacOSX.platform/Developer/SDKs/MacOSX14.2.sdk/System/Library/Frameworks (framework directory)]
  ignore line: [End of search list.]
  ignore line: [Linking C executable cmTC_40bf9]
  ignore line: [/usr/local/bin/cmake -E cmake_link_script CMakeFiles/cmTC_40bf9.dir/link.txt --verbose=1]
  ignore line: [/Applications/Xcode.app/Contents/Developer/Toolchains/XcodeDefault.xctoolchain/usr/bin/cc  -isysroot /Applications/Xcode.app/Contents/Developer/Platforms/MacOSX.platform/Developer/SDKs/MacOSX14.2.sdk -mmacosx-version-min=13.6 -Wl -search_paths_first -Wl -headerpad_max_install_names  -v -Wl -v CMakeFiles/cmTC_40bf9.dir/CMakeCCompilerABI.c.o -o cmTC_40bf9 ]
  ignore line: [Apple clang version 15.0.0 (clang-1500.1.0.2.5)]
  ignore line: [Target: x86_64-apple-darwin22.6.0]
  ignore line: [Thread model: posix]
  ignore line: [InstalledDir: /Applications/Xcode.app/Contents/Developer/Toolchains/XcodeDefault.xctoolchain/usr/bin]
  link line: [ "/Applications/Xcode.app/Contents/Developer/Toolchains/XcodeDefault.xctoolchain/usr/bin/ld" -demangle -lto_library /Applications/Xcode.app/Contents/Developer/Toolchains/XcodeDefault.xctoolchain/usr/lib/libLTO.dylib -dynamic -arch x86_64 -platform_version macos 13.6.0 14.2 -syslibroot /Applications/Xcode.app/Contents/Developer/Platforms/MacOSX.platform/Developer/SDKs/MacOSX14.2.sdk -o cmTC_40bf9 -L/usr/local/Cellar/check/0.15.2/lib -L/usr/local/lib -search_paths_first -headerpad_max_install_names -v CMakeFiles/cmTC_40bf9.dir/CMakeCCompilerABI.c.o -lSystem /Applications/Xcode.app/Contents/Developer/Toolchains/XcodeDefault.xctoolchain/usr/lib/clang/15.0.0/lib/darwin/libclang_rt.osx.a]
    arg [/Applications/Xcode.app/Contents/Developer/Toolchains/XcodeDefault.xctoolchain/usr/bin/ld] ==> ignore
    arg [-demangle] ==> ignore
    arg [-lto_library] ==> ignore, skip following value
    arg [/Applications/Xcode.app/Contents/Developer/Toolchains/XcodeDefault.xctoolchain/usr/lib/libLTO.dylib] ==> skip value of -lto_library
    arg [-dynamic] ==> ignore
    arg [-arch] ==> ignore
    arg [x86_64] ==> ignore
    arg [-platform_version] ==> ignore
    arg [macos] ==> ignore
    arg [13.6.0] ==> ignore
    arg [14.2] ==> ignore
    arg [-syslibroot] ==> ignore
    arg [/Applications/Xcode.app/Contents/Developer/Platforms/MacOSX.platform/Developer/SDKs/MacOSX14.2.sdk] ==> ignore
    arg [-o] ==> ignore
    arg [cmTC_40bf9] ==> ignore
    arg [-L/usr/local/Cellar/check/0.15.2/lib] ==> dir [/usr/local/Cellar/check/0.15.2/lib]
    arg [-L/usr/local/lib] ==> dir [/usr/local/lib]
    arg [-search_paths_first] ==> ignore
    arg [-headerpad_max_install_names] ==> ignore
    arg [-v] ==> ignore
    arg [CMakeFiles/cmTC_40bf9.dir/CMakeCCompilerABI.c.o] ==> ignore
    arg [-lSystem] ==> lib [System]
    arg [/Applications/Xcode.app/Contents/Developer/Toolchains/XcodeDefault.xctoolchain/usr/lib/clang/15.0.0/lib/darwin/libclang_rt.osx.a] ==> lib [/Applications/Xcode.app/Contents/Developer/Toolchains/XcodeDefault.xctoolchain/usr/lib/clang/15.0.0/lib/darwin/libclang_rt.osx.a]
  Library search paths: [;/usr/local/Cellar/check/0.15.2/lib;/usr/local/lib]
  remove lib [System]
  remove lib [/Applications/Xcode.app/Contents/Developer/Toolchains/XcodeDefault.xctoolchain/usr/lib/clang/15.0.0/lib/darwin/libclang_rt.osx.a]
  collapse library dir [/usr/local/Cellar/check/0.15.2/lib] ==> [/usr/local/Cellar/check/0.15.2/lib]
  collapse library dir [/usr/local/lib] ==> [/usr/local/lib]
  collapse library dir [/usr/local/Cellar/check/0.15.2/lib] ==> [/usr/local/Cellar/check/0.15.2/lib]
  collapse library dir [/usr/local/lib] ==> [/usr/local/lib]
  implicit libs: []
  implicit objs: []
  implicit dirs: [/usr/local/Cellar/check/0.15.2/lib;/usr/local/lib]
  implicit fwks: []


Detecting CXX compiler ABI info compiled with the following output:
Change Dir: /Users/jocastab/Projects/CPP3_BrickGame_v2.0/build/CMakeFiles/CMakeTmp

Run Build Command(s):/usr/bin/make -f Makefile cmTC_1ea5a/fast && /Applications/Xcode.app/Contents/Developer/usr/bin/make  -f CMakeFiles/cmTC_1ea5a.dir/build.make CMakeFiles/cmTC_1ea5a.dir/build
Building CXX object CMakeFiles/cmTC_1ea5a.dir/CMakeCXXCompilerABI.cpp.o
/Applications/Xcode.app/Contents/Developer/Toolchains/XcodeDefault.xctoolchain/usr/bin/c++   -isysroot /Applications/Xcode.app/Contents/Developer/Platforms/MacOSX.platform/Developer/SDKs/MacOSX14.2.sdk -mmacosx-version-min=13.6   -v -Wl,-v -MD -MT CMakeFiles/cmTC_1ea5a.dir/CMakeCXXCompilerABI.cpp.o -MF CMakeFiles/cmTC_1ea5a.dir/CMakeCXXCompilerABI.cpp.o.d -o CMakeFiles/cmTC_1ea5a.dir/CMakeCXXCompilerABI.cpp.o -c /usr/local/share/cmake/Modules/CMakeCXXCompilerABI.cpp
Apple clang version 15.0.0 (clang-1500.1.0.2.5)
Target: x86_64-apple-darwin22.6.0
Thread model: posix
InstalledDir: /Applications/Xcode.app/Contents/Developer/Toolchains/XcodeDefault.xctoolchain/usr/bin
clang: warning: -Wl,-v: 'linker' input unused [-Wunused-command-line-argument]
 "/Applications/Xcode.app/Contents/Developer/Toolchains/XcodeDefault.xctoolchain/usr/bin/clang" -cc1 -triple x86_64-apple-macosx13.6.0 -Wundef-prefix=TARGET_OS_ -Wdeprecated-objc-isa-usage -Werror=deprecated-objc-isa-usage -Werror=implicit-function-declaration -emit-obj -mrelax-all --mrelax-relocations -disable-free -clear-ast-before-backend -disable-llvm-verifier -discard-value-names -main-file-name CMakeCXXCompilerABI.cpp -mrelocation-model pic -pic-level 2 -mframe-pointer=all -fno-strict-return -ffp-contract=on -fno-rounding-math -funwind-tables=2 -target-sdk-version=14.2 -fvisibility-inlines-hidden-static-local-var -target-cpu penryn -tune-cpu generic -mllvm -treat-scalable-fixed-error-as-warning -debugger-tuning=lldb -target-linker-version 1022.1 -v -fcoverage-compilation-dir=/Users/jocastab/Projects/CPP3_BrickGame_v2.0/build/CMakeFiles/CMakeTmp -resource-dir /Applications/Xcode.app/Contents/Developer/Toolchains/XcodeDefault.xctoolchain/usr/lib/clang/15.0.0 -dependency-file CMakeFiles/cmTC_1ea5a.dir/CMakeCXXCompilerABI.cpp.o.d -skip-unused-modulemap-deps -MT CMakeFiles/cmTC_1ea5a.dir/CMakeCXXCompilerABI.cpp.o -sys-header-deps -isysroot /Applications/Xcode.app/Contents/Developer/Platforms/MacOSX.platform/Developer/SDKs/MacOSX14.2.sdk -c-isystem /usr/local/include/ -cxx-isystem /usr/local/include/ -internal-isystem /Applications/Xcode.app/Contents/Developer/Platforms/MacOSX.platform/Developer/SDKs/MacOSX14.2.sdk/usr/include/c++/v1 -internal-isystem /Applications/Xcode.app/Contents/Developer/Platforms/MacOSX.platform/Developer/SDKs/MacOSX14.2.sdk/usr/local/include -internal-isystem /Applications/Xcode.app/Contents/Developer/Toolchains/XcodeDefault.xctoolchain/usr/lib/clang/15.0.0/include -internal-externc-isystem /Applications/Xcode.app/Contents/Developer/Platforms/MacOSX.platform/Developer/SDKs/MacOSX14.2.sdk/usr/include -internal-externc-isystem /Applications/Xcode.app/Contents/Developer/Toolchains/XcodeDefault.xctoolchain/usr/include -Wno-reorder-init-list -Wno-implicit-int-float-conversion -Wno-c99-designator -Wno-final-dtor-non-final-class -Wno-extra-semi-stmt -Wno-misleading-indentation -Wno-quoted-include-in-framework-header -Wno-implicit-fallthrough -Wno-enum-enum-conversion -Wno-enum-float-conversion -Wno-elaborated-enum-base -Wno-reserved-identifier -Wno-gnu-folding-constant -fdeprecated-macro -fdebug-compilation-dir=/Users/jocastab/Projects/CPP3_BrickGame_v2.0/build/CMakeFiles/CMakeTmp -ferror-limit 19 -stack-protector 1 -fstack-check -mdarwin-stkchk-strong-link -fblocks -fencode-extended-block-signature -fregister-global-dtors-with-atexit -fgnuc-version=4.2.1 -fno-cxx-modules -fcxx-exceptions -fexceptions -fmax-type-align=16 -fcommon -clang-vendor-feature=+disableNonDependentMemberExprInCurrentInstantiation -fno-odr-hash-protocols -clang-vendor-feature=+enableAggressiveVLAFolding -clang-vendor-feature=+revert09abecef7bbf -clang-vendor-feature=+thisNoAlignAttr -clang-vendor-feature=+thisNoNullAttr -mllvm -disable-aligned-alloc-awareness=1 -D__GCC_HAVE_DWARF2_CFI_ASM=1 -o CMakeFiles/cmTC_1ea5a.dir/CMakeCXXCompilerABI.cpp.o -x c++ /usr/local/share/cmake/Modules/CMakeCXXCompilerABI.cpp
clang -cc1 version 15.0.0 (clang-1500.1.0.2.5) default target x86_64-apple-darwin22.6.0
ignoring nonexistent directory "/Applications/Xcode.app/Contents/Developer/Platforms/MacOSX.platform/Developer/SDKs/MacOSX14.2.sdk/usr/local/include"
ignoring nonexistent directory "/Applications/Xcode.app/Contents/Developer/Platforms/MacOSX.platform/Developer/SDKs/MacOSX14.2.sdk/Library/Frameworks"
#include "..." search starts here:
#include <...> search starts here:
 /usr/local/include
 /Applications/Xcode.app/Contents/Developer/Platforms/MacOSX.platform/Developer/SDKs/MacOSX14.2.sdk/usr/include/c++/v1
 /Applications/Xcode.app/Contents/Developer/Toolchains/XcodeDefault.xctoolchain/usr/lib/clang/15.0.0/include
 /Applications/Xcode.app/Contents/Developer/Platforms/MacOSX.platform/Developer/SDKs/MacOSX14.2.sdk/usr/include
 /Applications/Xcode.app/Contents/Developer/Toolchains/XcodeDefault.xctoolchain/usr/include
 /Applications/Xcode.app/Contents/Developer/Platforms/MacOSX.platform/Developer/SDKs/MacOSX14.2.sdk/System/Library/Frameworks (framework directory)
End of search list.
Linking CXX executable cmTC_1ea5a
/usr/local/bin/cmake -E cmake_link_script CMakeFiles/cmTC_1ea5a.dir/link.txt --verbose=1
/Applications/Xcode.app/Contents/Developer/Toolchains/XcodeDefault.xctoolchain/usr/bin/c++  -isysroot /Applications/Xcode.app/Contents/Developer/Platforms/MacOSX.platform/Developer/SDKs/MacOSX14.2.sdk -mmacosx-version-min=13.6 -Wl,-search_paths_first -Wl,-headerpad_max_install_names  -v -Wl,-v CMakeFiles/cmTC_1ea5a.dir/CMakeCXXCompilerABI.cpp.o -o cmTC_1ea5a 
Apple clang version 15.0.0 (clang-1500.1.0.2.5)
Target: x86_64-apple-darwin22.6.0
Thread model: posix
InstalledDir: /Applications/Xcode.app/Contents/Developer/Toolchains/XcodeDefault.xctoolchain/usr/bin
 "/Applications/Xcode.app/Contents/Developer/Toolchains/XcodeDefault.xctoolchain/usr/bin/ld" -demangle -lto_library /Applications/Xcode.app/Contents/Developer/Toolchains/XcodeDefault.xctoolchain/usr/lib/libLTO.dylib -dynamic -arch x86_64 -platform_version macos 13.6.0 14.2 -syslibroot /Applications/Xcode.app/Contents/Developer/Platforms/MacOSX.platform/Developer/SDKs/MacOSX14.2.sdk -o cmTC_1ea5a -L/usr/local/Cellar/check/0.15.2/lib -L/usr/local/lib -search_paths_first -headerpad_max_install_names -v CMakeFiles/cmTC_1ea5a.dir/CMakeCXXCompilerABI.cpp.o -lc++ -lSystem /Applications/Xcode.app/Contents/Developer/Toolchains/XcodeDefault.xctoolchain/usr/lib/clang/15.0.0/lib/darwin/libclang_rt.osx.a
@(#)PROGRAM:ld  PROJECT:dyld-1022.1
BUILD 05:26:33 Dec  7 2023
configured to support archs: armv6 armv7 armv7s arm64 arm64e arm64_32 i386 x86_64 x86_64h
will use ld-classic for: armv6 armv7 armv7s arm64_32 i386 armv6m armv7k armv7m armv7em
LTO support using: LLVM version 15.0.0 (static support for 29, runtime is 29)
TAPI support using: Apple TAPI version 15.0.0 (tapi-1500.0.12.8)
Library search paths:
	/usr/local/Cellar/check/0.15.2/lib
	/usr/local/lib
Framework search paths:



Parsed CXX implicit include dir info from above output: rv=done
  found start of include info
  found start of implicit include info
    add: [/usr/local/include]
    add: [/Applications/Xcode.app/Contents/Developer/Platforms/MacOSX.platform/Developer/SDKs/MacOSX14.2.sdk/usr/include/c++/v1]
    add: [/Applications/Xcode.app/Contents/Developer/Toolchains/XcodeDefault.xctoolchain/usr/lib/clang/15.0.0/include]
    add: [/Applications/Xcode.app/Contents/Developer/Platforms/MacOSX.platform/Developer/SDKs/MacOSX14.2.sdk/usr/include]
    add: [/Applications/Xcode.app/Contents/Developer/Toolchains/XcodeDefault.xctoolchain/usr/include]
  end of search list found
  collapse include dir [/usr/local/include] ==> [/usr/local/include]
  collapse include dir [/Applications/Xcode.app/Contents/Developer/Platforms/MacOSX.platform/Developer/SDKs/MacOSX14.2.sdk/usr/include/c++/v1] ==> [/Applications/Xcode.app/Contents/Developer/Platforms/MacOSX.platform/Developer/SDKs/MacOSX14.2.sdk/usr/include/c++/v1]
  collapse include dir [/Applications/Xcode.app/Contents/Developer/Toolchains/XcodeDefault.xctoolchain/usr/lib/clang/15.0.0/include] ==> [/Applications/Xcode.app/Contents/Developer/Toolchains/XcodeDefault.xctoolchain/usr/lib/clang/15.0.0/include]
  collapse include dir [/Applications/Xcode.app/Contents/Developer/Platforms/MacOSX.platform/Developer/SDKs/MacOSX14.2.sdk/usr/include] ==> [/Applications/Xcode.app/Contents/Developer/Platforms/MacOSX.platform/Developer/SDKs/MacOSX14.2.sdk/usr/include]
  collapse include dir [/Applications/Xcode.app/Contents/Developer/Toolchains/XcodeDefault.xctoolchain/usr/include] ==> [/Applications/Xcode.app/Contents/Developer/Toolchains/XcodeDefault.xctoolchain/usr/include]
  implicit include dirs: [/usr/local/include;/Applications/Xcode.app/Contents/Developer/Platforms/MacOSX.platform/Developer/SDKs/MacOSX14.2.sdk/usr/include/c++/v1;/Applications/Xcode.app/Contents/Developer/Toolchains/XcodeDefault.xctoolchain/usr/lib/clang/15.0.0/include;/Applications/Xcode.app/Contents/Developer/Platforms/MacOSX.platform/Developer/SDKs/MacOSX14.2.sdk/usr/include;/Applications/Xcode.app/Contents/Developer/Toolchains/XcodeDefault.xctoolchain/usr/include]


Parsed CXX implicit link information from above output:
  link line regex: [^( *|.*[/\])(ld|CMAKE_LINK_STARTFILE-NOTFOUND|([^/\]+-)?ld|collect2)[^/\]*( |$)]
  ignore line: [Change Dir: /Users/jocastab/Projects/CPP3_BrickGame_v2.0/build/CMakeFiles/CMakeTmp]
  ignore line: []
  ignore line: [Run Build Command(s):/usr/bin/make -f Makefile cmTC_1ea5a/fast && /Applications/Xcode.app/Contents/Developer/usr/bin/make  -f CMakeFiles/cmTC_1ea5a.dir/build.make CMakeFiles/cmTC_1ea5a.dir/build]
  ignore line: [Building CXX object CMakeFiles/cmTC_1ea5a.dir/CMakeCXXCompilerABI.cpp.o]
  ignore line: [/Applications/Xcode.app/Contents/Developer/Toolchains/XcodeDefault.xctoolchain/usr/bin/c++   -isysroot /Applications/Xcode.app/Contents/Developer/Platforms/MacOSX.platform/Developer/SDKs/MacOSX14.2.sdk -mmacosx-version-min=13.6   -v -Wl -v -MD -MT CMakeFiles/cmTC_1ea5a.dir/CMakeCXXCompilerABI.cpp.o -MF CMakeFiles/cmTC_1ea5a.dir/CMakeCXXCompilerABI.cpp.o.d -o CMakeFiles/cmTC_1ea5a.dir/CMakeCXXCompilerABI.cpp.o -c /usr/local/share/cmake/Modules/CMakeCXXCompilerABI.cpp]
  ignore line: [Apple clang version 15.0.0 (clang-1500.1.0.2.5)]
  ignore line: [Target: x86_64-apple-darwin22.6.0]
  ignore line: [Thread model: posix]
  ignore line: [InstalledDir: /Applications/Xcode.app/Contents/Developer/Toolchains/XcodeDefault.xctoolchain/usr/bin]
  ignore line: [clang: warning: -Wl -v: 'linker' input unused [-Wunused-command-line-argument]]
  ignore line: [ "/Applications/Xcode.app/Contents/Developer/Toolchains/XcodeDefault.xctoolchain/usr/bin/clang" -cc1 -triple x86_64-apple-macosx13.6.0 -Wundef-prefix=TARGET_OS_ -Wdeprecated-objc-isa-usage -Werror=deprecated-objc-isa-usage -Werror=implicit-function-declaration -emit-obj -mrelax-all --mrelax-relocations -disable-free -clear-ast-before-backend -disable-llvm-verifier -discard-value-names -main-file-name CMakeCXXCompilerABI.cpp -mrelocation-model pic -pic-level 2 -mframe-pointer=all -fno-strict-return -ffp-contract=on -fno-rounding-math -funwind-tables=2 -target-sdk-version=14.2 -fvisibility-inlines-hidden-static-local-var -target-cpu penryn -tune-cpu generic -mllvm -treat-scalable-fixed-error-as-warning -debugger-tuning=lldb -target-linker-version 1022.1 -v -fcoverage-compilation-dir=/Users/jocastab/Projects/CPP3_BrickGame_v2.0/build/CMakeFiles/CMakeTmp -resource-dir /Applications/Xcode.app/Contents/Developer/Toolchains/XcodeDefault.xctoolchain/usr/lib/clang/15.0.0 -dependency-file CMakeFiles/cmTC_1ea5a.dir/CMakeCXXCompilerABI.cpp.o.d -skip-unused-modulemap-deps -MT CMakeFiles/cmTC_1ea5a.dir/CMakeCXXCompilerABI.cpp.o -sys-header-deps -isysroot /Applications/Xcode.app/Contents/Developer/Platforms/MacOSX.platform/Developer/SDKs/MacOSX14.2.sdk -c-isystem /usr/local/include/ -cxx-isystem /usr/local/include/ -internal-isystem /Applications/Xcode.app/Contents/Developer/Platforms/MacOSX.platform/Developer/SDKs/MacOSX14.2.sdk/usr/include/c++/v1 -internal-isystem /Applications/Xcode.app/Contents/Developer/Platforms/MacOSX.platform/Developer/SDKs/MacOSX14.2.sdk/usr/local/include -internal-isystem /Applications/Xcode.app/Contents/Developer/Toolchains/XcodeDefault.xctoolchain/usr/lib/clang/15.0.0/include -internal-externc-isystem /Applications/Xcode.app/Contents/Developer/Platforms/MacOSX.platform/Developer/SDKs/MacOSX14.2.sdk/usr/include -internal-externc-isystem /Applications/Xcode.app/Contents/Developer/Toolchains/XcodeDefault.xctoolchain/usr/include -Wno-reorder-init-list -Wno-implicit-int-float-conversion -Wno-c99-designator -Wno-final-dtor-non-final-class -Wno-extra-semi-stmt -Wno-misleading-indentation -Wno-quoted-include-in-framework-header -Wno-implicit-fallthrough -Wno-enum-enum-conversion -Wno-enum-float-conversion -Wno-elaborated-enum-base -Wno-reserved-identifier -Wno-gnu-folding-constant -fdeprecated-macro -fdebug-compilation-dir=/Users/jocastab/Projects/CPP3_BrickGame_v2.0/build/CMakeFiles/CMakeTmp -ferror-limit 19 -stack-protector 1 -fstack-check -mdarwin-stkchk-strong-link -fblocks -fencode-extended-block-signature -fregister-global-dtors-with-atexit -fgnuc-version=4.2.1 -fno-cxx-modules -fcxx-exceptions -fexceptions -fmax-type-align=16 -fcommon -clang-vendor-feature=+disableNonDependentMemberExprInCurrentInstantiation -fno-odr-hash-protocols -clang-vendor-feature=+enableAggressiveVLAFolding -clang-vendor-feature=+revert09abecef7bbf -clang-vendor-feature=+thisNoAlignAttr -clang-vendor-feature=+thisNoNullAttr -mllvm -disable-aligned-alloc-awareness=1 -D__GCC_HAVE_DWARF2_CFI_ASM=1 -o CMakeFiles/cmTC_1ea5a.dir/CMakeCXXCompilerABI.cpp.o -x c++ /usr/local/share/cmake/Modules/CMakeCXXCompilerABI.cpp]
  ignore line: [clang -cc1 version 15.0.0 (clang-1500.1.0.2.5) default target x86_64-apple-darwin22.6.0]
  ignore line: [ignoring nonexistent directory "/Applications/Xcode.app/Contents/Developer/Platforms/MacOSX.platform/Developer/SDKs/MacOSX14.2.sdk/usr/local/include"]
  ignore line: [ignoring nonexistent directory "/Applications/Xcode.app/Contents/Developer/Platforms/MacOSX.platform/Developer/SDKs/MacOSX14.2.sdk/Library/Frameworks"]
  ignore line: [#include "..." search starts here:]
  ignore line: [#include <...> search starts here:]
  ignore line: [ /usr/local/include]
  ignore line: [ /Applications/Xcode.app/Contents/Developer/Platforms/MacOSX.platform/Developer/SDKs/MacOSX14.2.sdk/usr/include/c++/v1]
  ignore line: [ /Applications/Xcode.app/Contents/Developer/Toolchains/XcodeDefault.xctoolchain/usr/lib/clang/15.0.0/include]
  ignore line: [ /Applications/Xcode.app/Contents/Developer/Platforms/MacOSX.platform/Developer/SDKs/MacOSX14.2.sdk/usr/include]
  ignore line: [ /Applications/Xcode.app/Contents/Developer/Toolchains/XcodeDefault.xctoolchain/usr/include]
  ignore line: [ /Applications/Xcode.app/Contents/Developer/Platforms/MacOSX.platform/Developer/SDKs/MacOSX14.2.sdk/System/Library/Frameworks (framework directory)]
  ignore line: [End of search list.]
  ignore line: [Linking CXX executable cmTC_1ea5a]
  ignore line: [/usr/local/bin/cmake -E cmake_link_script CMakeFiles/cmTC_1ea5a.dir/link.txt --verbose=1]
  ignore line: [/Applications/Xcode.app/Contents/Developer/Toolchains/XcodeDefault.xctoolchain/usr/bin/c++  -isysroot /Applications/Xcode.app/Contents/Developer/Platforms/MacOSX.platform/Developer/SDKs/MacOSX14.2.sdk -mmacosx-version-min=13.6 -Wl -search_paths_first -Wl -headerpad_max_install_names  -v -Wl -v CMakeFiles/cmTC_1ea5a.dir/CMakeCXXCompilerABI.cpp.o -o cmTC_1ea5a ]
  ignore line: [Apple clang version 15.0.0 (clang-1500.1.0.2.5)]
  ignore line: [Target: x86_64-apple-darwin22.6.0]
  ignore line: [Thread model: posix]
  ignore line: [InstalledDir: /Applications/Xcode.app/Contents/Developer/Toolchains/XcodeDefault.xctoolchain/usr/bin]
  link line: [ "/Applications/Xcode.app/Contents/Developer/Toolchains/XcodeDefault.xctoolchain/usr/bin/ld" -demangle -lto_library /Applications/Xcode.app/Contents/Developer/Toolchains/XcodeDefault.xctoolchain/usr/lib/libLTO.dylib -dynamic -arch x86_64 -platform_version macos 13.6.0 14.2 -syslibroot /Applications/Xcode.app/Contents/Developer/Platforms/MacOSX.platform/Developer/SDKs/MacOSX14.2.sdk -o cmTC_1ea5a -L/usr/local/Cellar/check/0.15.2/lib -L/usr/local/lib -search_paths_first -headerpad_max_install_names -v CMakeFiles/cmTC_1ea5a.dir/CMakeCXXCompilerABI.cpp.o -lc++ -lSystem /Applications/Xcode.app/Contents/Developer/Toolchains/XcodeDefault.xctoolchain/usr/lib/clang/15.0.0/lib/darwin/libclang_rt.osx.a]
    arg [/Applications/Xcode.app/Contents/Developer/Toolchains/XcodeDefault.xctoolchain/usr/bin/ld] ==> ignore
    arg [-demangle] ==> ignore
    arg [-lto_library] ==> ignore, skip following value
    arg [/Applications/Xcode.app/Contents/Developer/Toolchains/XcodeDefault.xctoolchain/usr/lib/libLTO.dylib] ==> skip value of -lto_library
    arg [-dynamic] ==> ignore
    arg [-arch] ==> ignore
    arg [x86_64] ==> ignore
    arg [-platform_version] ==> ignore
    arg [macos] ==> ignore
    arg [13.6.0] ==> ignore
    arg [14.2] ==> ignore
    arg [-syslibroot] ==> ignore
    arg [/Applications/Xcode.app/Contents/Developer/Platforms/MacOSX.platform/Developer/SDKs/MacOSX14.2.sdk] ==> ignore
    arg [-o] ==> ignore
    arg [cmTC_1ea5a] ==> ignore
    arg [-L/usr/local/Cellar/check/0.15.2/lib] ==> dir [/usr/local/Cellar/check/0.15.2/lib]
    arg [-L/usr/local/lib] ==> dir [/usr/local/lib]
    arg [-search_paths_first] ==> ignore
    arg [-headerpad_max_install_names] ==> ignore
    arg [-v] ==> ignore
    arg [CMakeFiles/cmTC_1ea5a.dir/CMakeCXXCompilerABI.cpp.o] ==> ignore
    arg [-lc++] ==> lib [c++]
    arg [-lSystem] ==> lib [System]
    arg [/Applications/Xcode.app/Contents/Developer/Toolchains/XcodeDefault.xctoolchain/usr/lib/clang/15.0.0/lib/darwin/libclang_rt.osx.a] ==> lib [/Applications/Xcode.app/Contents/Developer/Toolchains/XcodeDefault.xctoolchain/usr/lib/clang/15.0.0/lib/darwin/libclang_rt.osx.a]
  Library search paths: [;/usr/local/Cellar/check/0.15.2/lib;/usr/local/lib]
  remove lib [System]
  remove lib [/Applications/Xcode.app/Contents/Developer/Toolchains/XcodeDefault.xctoolchain/usr/lib/clang/15.0.0/lib/darwin/libclang_rt.osx.a]
  collapse library dir [/usr/local/Cellar/check/0.15.2/lib] ==> [/usr/local/Cellar/check/0.15.2/lib]
  collapse library dir [/usr/local/lib] ==> [/usr/local/lib]
  collapse library dir [/usr/local/Cellar/check/0.15.2/lib] ==> [/usr/local/Cellar/check/0.15.2/lib]
  collapse library dir [/usr/local/lib] ==> [/usr/local/lib]
  implicit libs: [c++]
  implicit objs: []
  implicit dirs: [/usr/local/Cellar/check/0.15.2/lib;/usr/local/lib]
  implicit fwks: []


Determining if the include file pthread.h exists passed with the following output:
Change Dir: /Users/jocastab/Projects/CPP3_BrickGame_v2.0/build/CMakeFiles/CMakeTmp

Run Build Command(s):/usr/bin/make -f Makefile cmTC_05d11/fast && /Applications/Xcode.app/Contents/Developer/usr/bin/make  -f CMakeFiles/cmTC_05d11.dir/build.make CMakeFiles/cmTC_05d11.dir/build
Building C object CMakeFiles/cmTC_05d11.dir/CheckIncludeFile.c.o
/Applications/Xcode.app/Contents/Developer/Toolchains/XcodeDefault.xctoolchain/usr/bin/cc   -isysroot /Applications/Xcode.app/Contents/Developer/Platforms/MacOSX.platform/Developer/SDKs/MacOSX14.2.sdk -mmacosx-version-min=13.6 -MD -MT CMakeFiles/cmTC_05d11.dir/CheckIncludeFile.c.o -MF CMakeFiles/cmTC_05d11.dir/CheckIncludeFile.c.o.d -o CMakeFiles/cmTC_05d11.dir/CheckIncludeFile.c.o -c /Users/jocastab/Projects/CPP3_BrickGame_v2.0/build/CMakeFiles/CMakeTmp/CheckIncludeFile.c
Linking C executable cmTC_05d11
/usr/local/bin/cmake -E cmake_link_script CMakeFiles/cmTC_05d11.dir/link.txt --verbose=1
/Applications/Xcode.app/Contents/Developer/Toolchains/XcodeDefault.xctoolchain/usr/bin/cc  -isysroot /Applications/Xcode.app/Contents/Developer/Platforms/MacOSX.platform/Developer/SDKs/MacOSX14.2.sdk -mmacosx-version-min=13.6 -Wl,-search_paths_first -Wl,-headerpad_max_install_names CMakeFiles/cmTC_05d11.dir/CheckIncludeFile.c.o -o cmTC_05d11 



Performing C SOURCE FILE Test CMAKE_HAVE_LIBC_PTHREAD succeeded with the following output:
Change Dir: /Users/jocastab/Projects/CPP3_BrickGame_v2.0/build/CMakeFiles/CMakeTmp

Run Build Command(s):/usr/bin/make -f Makefile cmTC_85e3e/fast && /Applications/Xcode.app/Contents/Developer/usr/bin/make  -f CMakeFiles/cmTC_85e3e.dir/build.make CMakeFiles/cmTC_85e3e.dir/build
Building C object CMakeFiles/cmTC_85e3e.dir/src.c.o
/Applications/Xcode.app/Contents/Developer/Toolchains/XcodeDefault.xctoolchain/usr/bin/cc -DCMAKE_HAVE_LIBC_PTHREAD  -isysroot /Applications/Xcode.app/Contents/Developer/Platforms/MacOSX.platform/Developer/SDKs/MacOSX14.2.sdk -mmacosx-version-min=13.6 -MD -MT CMakeFiles/cmTC_85e3e.dir/src.c.o -MF CMakeFiles/cmTC_85e3e.dir/src.c.o.d -o CMakeFiles/cmTC_85e3e.dir/src.c.o -c /Users/jocastab/Projects/CPP3_BrickGame_v2.0/build/CMakeFiles/CMakeTmp/src.c
Linking C executable cmTC_85e3e
/usr/local/bin/cmake -E cmake_link_script CMakeFiles/cmTC_85e3e.dir/link.txt --verbose=1
/Applications/Xcode.app/Contents/Developer/Toolchains/XcodeDefault.xctoolchain/usr/bin/cc  -isysroot /Applications/Xcode.app/Contents/Developer/Platforms/MacOSX.platform/Developer/SDKs/MacOSX14.2.sdk -mmacosx-version-min=13.6 -Wl,-search_paths_first -Wl,-headerpad_max_install_names CMakeFiles/cmTC_85e3e.dir/src.c.o -o cmTC_85e3e 


Source file was:
#include <pthread.h>

static void* test_func(void* data)
{
  return data;
}

int main(void)
{
  pthread_t thread;
  pthread_create(&thread, NULL, test_func, NULL);
  pthread_detach(thread);
  pthread_cancel(thread);
  pthread_join(thread, NULL);
  pthread_atfork(NULL, NULL, NULL);
  pthread_exit(NULL);

  return 0;
}

Performing C++ SOURCE FILE Test HAVE_STDATOMIC succeeded with the following output:
Change Dir: /Users/jocastab/Projects/CPP3_BrickGame_v2.0/build/CMakeFiles/CMakeTmp

Run Build Command(s):/usr/bin/make -f Makefile cmTC_57ca5/fast && /Applications/Xcode.app/Contents/Developer/usr/bin/make  -f CMakeFiles/cmTC_57ca5.dir/build.make CMakeFiles/cmTC_57ca5.dir/build
Building CXX object CMakeFiles/cmTC_57ca5.dir/src.cxx.o
/Applications/Xcode.app/Contents/Developer/Toolchains/XcodeDefault.xctoolchain/usr/bin/c++ -DHAVE_STDATOMIC  -isysroot /Applications/Xcode.app/Contents/Developer/Platforms/MacOSX.platform/Developer/SDKs/MacOSX14.2.sdk -mmacosx-version-min=13.6 -std=gnu++17 -MD -MT CMakeFiles/cmTC_57ca5.dir/src.cxx.o -MF CMakeFiles/cmTC_57ca5.dir/src.cxx.o.d -o CMakeFiles/cmTC_57ca5.dir/src.cxx.o -c /Users/jocastab/Projects/CPP3_BrickGame_v2.0/build/CMakeFiles/CMakeTmp/src.cxx
Linking CXX executable cmTC_57ca5
/usr/local/bin/cmake -E cmake_link_script CMakeFiles/cmTC_57ca5.dir/link.txt --verbose=1
/Applications/Xcode.app/Contents/Developer/Toolchains/XcodeDefault.xctoolchain/usr/bin/c++  -isysroot /Applications/Xcode.app/Contents/Developer/Platforms/MacOSX.platform/Developer/SDKs/MacOSX14.2.sdk -mmacosx-version-min=13.6 -Wl,-search_paths_first -Wl,-headerpad_max_install_names CMakeFiles/cmTC_57ca5.dir/src.cxx.o -o cmTC_57ca5 


Source file was:
#include <atomic>
#include <cstdint>

int main(int, char **)
{
    volatile std::atomic<char>    size_1;
    volatile std::atomic<short>   size_2;
    volatile std::atomic<int>     size_4;
    volatile std::atomic<int64_t> size_8;

    ++size_1;
    ++size_2;
    ++size_4;
    ++size_8;

    (void)size_1.load(std::memory_order_relaxed);
    (void)size_2.load(std::memory_order_relaxed);
    (void)size_4.load(std::memory_order_relaxed);
    (void)size_8.load(std::memory_order_relaxed);

    return 0;
}
The system is: Darwin - 22.6.0 - x86_64
Compiling the C compiler identification source file "CMakeCCompilerId.c" succeeded.
Compiler: /Applications/Xcode.app/Contents/Developer/Toolchains/XcodeDefault.xctoolchain/usr/bin/cc 
Build flags: 
Id flags: -c 

The output was:
0


Compilation of the C compiler identification source "CMakeCCompilerId.c" produced "CMakeCCompilerId.o"

The C compiler identification is AppleClang, found in "/Users/jocastab/Projects/CPP3_BrickGame_v2.0/build/CMakeFiles/3.23.0/CompilerIdC/CMakeCCompilerId.o"

Compiling the CXX compiler identification source file "CMakeCXXCompilerId.cpp" succeeded.
Compiler: /Applications/Xcode.app/Contents/Developer/Toolchains/XcodeDefault.xctoolchain/usr/bin/c++ 
Build flags: 
Id flags: -c 

The output was:
0


Compilation of the CXX compiler identification source "CMakeCXXCompilerId.cpp" produced "CMakeCXXCompilerId.o"

The CXX compiler identification is AppleClang, found in "/Users/jocastab/Projects/CPP3_BrickGame_v2.0/build/CMakeFiles/3.23.0/CompilerIdCXX/CMakeCXXCompilerId.o"

Detecting C compiler ABI info compiled with the following output:
Change Dir: /Users/jocastab/Projects/CPP3_BrickGame_v2.0/build/CMakeFiles/CMakeTmp

Run Build Command(s):/usr/bin/make -f Makefile cmTC_1ffff/fast && /Applications/Xcode.app/Contents/Developer/usr/bin/make  -f CMakeFiles/cmTC_1ffff.dir/build.make CMakeFiles/cmTC_1ffff.dir/build
Building C object CMakeFiles/cmTC_1ffff.dir/CMakeCCompilerABI.c.o
/Applications/Xcode.app/Contents/Developer/Toolchains/XcodeDefault.xctoolchain/usr/bin/cc   -isysroot /Applications/Xcode.app/Contents/Developer/Platforms/MacOSX.platform/Developer/SDKs/MacOSX14.2.sdk -mmacosx-version-min=13.6   -v -Wl,-v -MD -MT CMakeFiles/cmTC_1ffff.dir/CMakeCCompilerABI.c.o -MF CMakeFiles/cmTC_1ffff.dir/CMakeCCompilerABI.c.o.d -o CMakeFiles/cmTC_1ffff.dir/CMakeCCompilerABI.c.o -c /usr/local/share/cmake/Modules/CMakeCCompilerABI.c
Apple clang version 15.0.0 (clang-1500.1.0.2.5)
Target: x86_64-apple-darwin22.6.0
Thread model: posix
InstalledDir: /Applications/Xcode.app/Contents/Developer/Toolchains/XcodeDefault.xctoolchain/usr/bin
clang: warning: -Wl,-v: 'linker' input unused [-Wunused-command-line-argument]
 "/Applications/Xcode.app/Contents/Developer/Toolchains/XcodeDefault.xctoolchain/usr/bin/clang" -cc1 -triple x86_64-apple-macosx13.6.0 -Wundef-prefix=TARGET_OS_ -Wdeprecated-objc-isa-usage -Werror=deprecated-objc-isa-usage -Werror=implicit-function-declaration -emit-obj -mrelax-all --mrelax-relocations -disable-free -clear-ast-before-backend -disable-llvm-verifier -discard-value-names -main-file-name CMakeCCompilerABI.c -mrelocation-model pic -pic-level 2 -mframe-pointer=all -fno-strict-return -ffp-contract=on -fno-rounding-math -funwind-tables=2 -target-sdk-version=14.2 -fvisibility-inlines-hidden-static-local-var -target-cpu penryn -tune-cpu generic -mllvm -treat-scalable-fixed-error-as-warning -debugger-tuning=lldb -target-linker-version 1022.1 -v -fcoverage-compilation-dir=/Users/jocastab/Projects/CPP3_BrickGame_v2.0/build/CMakeFiles/CMakeTmp -resource-dir /Applications/Xcode.app/Contents/Developer/Toolchains/XcodeDefault.xctoolchain/usr/lib/clang/15.0.0 -dependency-file CMakeFiles/cmTC_1ffff.dir/CMakeCCompilerABI.c.o.d -skip-unused-modulemap-deps -MT CMakeFiles/cmTC_1ffff.dir/CMakeCCompilerABI.c.o -sys-header-deps -isysroot /Applications/Xcode.app/Contents/Developer/Platforms/MacOSX.platform/Developer/SDKs/MacOSX14.2.sdk -c-isystem /usr/local/include/ -cxx-isystem /usr/local/include/ -internal-isystem /Applications/Xcode.app/Contents/Developer/Platforms/MacOSX.platform/Developer/SDKs/MacOSX14.2.sdk/usr/local/include -internal-isystem /Applications/Xcode.app/Contents/Developer/Toolchains/XcodeDefault.xctoolchain/usr/lib/clang/15.0.0/include -internal-externc-isystem /Applications/Xcode.app/Contents/Developer/Platforms/MacOSX.platform/Developer/SDKs/MacOSX14.2.sdk/usr/include -internal-externc-isystem /Applications/Xcode.app/Contents/Developer/Toolchains/XcodeDefault.xctoolchain/usr/include -Wno-reorder-init-list -Wno-implicit-int-float-conversion -Wno-c99-designator -Wno-final-dtor-non-final-class -Wno-extra-semi-stmt -Wno-misleading-indentation -Wno-quoted-include-in-framework-header -Wno-implicit-fallthrough -Wno-enum-enum-conversion -Wno-enum-float-conversion -Wno-elaborated-enum-base -Wno-reserved-identifier -Wno-gnu-folding-constant -fdebug-compilation-dir=/Users/jocastab/Projects/CPP3_BrickGame_v2.0/build/CMakeFiles/CMakeTmp -ferror-limit 19 -stack-protector 1 -fstack-check -mdarwin-stkchk-strong-link -fblocks -fencode-extended-block-signature -fregister-global-dtors-with-atexit -fgnuc-version=4.2.1 -fmax-type-align=16 -fcommon -clang-vendor-feature=+disableNonDependentMemberExprInCurrentInstantiation -fno-odr-hash-protocols -clang-vendor-feature=+enableAggressiveVLAFolding -clang-vendor-feature=+revert09abecef7bbf -clang-vendor-feature=+thisNoAlignAttr -clang-vendor-feature=+thisNoNullAttr -mllvm -disable-aligned-alloc-awareness=1 -D__GCC_HAVE_DWARF2_CFI_ASM=1 -o CMakeFiles/cmTC_1ffff.dir/CMakeCCompilerABI.c.o -x c /usr/local/share/cmake/Modules/CMakeCCompilerABI.c
clang -cc1 version 15.0.0 (clang-1500.1.0.2.5) default target x86_64-apple-darwin22.6.0
ignoring nonexistent directory "/Applications/Xcode.app/Contents/Developer/Platforms/MacOSX.platform/Developer/SDKs/MacOSX14.2.sdk/usr/local/include"
ignoring nonexistent directory "/Applications/Xcode.app/Contents/Developer/Platforms/MacOSX.platform/Developer/SDKs/MacOSX14.2.sdk/Library/Frameworks"
#include "..." search starts here:
#include <...> search starts here:
 /usr/local/include
 /Applications/Xcode.app/Contents/Developer/Toolchains/XcodeDefault.xctoolchain/usr/lib/clang/15.0.0/include
 /Applications/Xcode.app/Contents/Developer/Platforms/MacOSX.platform/Developer/SDKs/MacOSX14.2.sdk/usr/include
 /Applications/Xcode.app/Contents/Developer/Toolchains/XcodeDefault.xctoolchain/usr/include
 /Applications/Xcode.app/Contents/Developer/Platforms/MacOSX.platform/Developer/SDKs/MacOSX14.2.sdk/System/Library/Frameworks (framework directory)
End of search list.
Linking C executable cmTC_1ffff
/usr/local/bin/cmake -E cmake_link_script CMakeFiles/cmTC_1ffff.dir/link.txt --verbose=1
/Applications/Xcode.app/Contents/Developer/Toolchains/XcodeDefault.xctoolchain/usr/bin/cc  -isysroot /Applications/Xcode.app/Contents/Developer/Platforms/MacOSX.platform/Developer/SDKs/MacOSX14.2.sdk -mmacosx-version-min=13.6 -Wl,-search_paths_first -Wl,-headerpad_max_install_names  -v -Wl,-v CMakeFiles/cmTC_1ffff.dir/CMakeCCompilerABI.c.o -o cmTC_1ffff 
Apple clang version 15.0.0 (clang-1500.1.0.2.5)
Target: x86_64-apple-darwin22.6.0
Thread model: posix
InstalledDir: /Applications/Xcode.app/Contents/Developer/Toolchains/XcodeDefault.xctoolchain/usr/bin
 "/Applications/Xcode.app/Contents/Developer/Toolchains/XcodeDefault.xctoolchain/usr/bin/ld" -demangle -lto_library /Applications/Xcode.app/Contents/Developer/Toolchains/XcodeDefault.xctoolchain/usr/lib/libLTO.dylib -dynamic -arch x86_64 -platform_version macos 13.6.0 14.2 -syslibroot /Applications/Xcode.app/Contents/Developer/Platforms/MacOSX.platform/Developer/SDKs/MacOSX14.2.sdk -o cmTC_1ffff -L/usr/local/Cellar/check/0.15.2/lib -L/usr/local/lib -search_paths_first -headerpad_max_install_names -v CMakeFiles/cmTC_1ffff.dir/CMakeCCompilerABI.c.o -lSystem /Applications/Xcode.app/Contents/Developer/Toolchains/XcodeDefault.xctoolchain/usr/lib/clang/15.0.0/lib/darwin/libclang_rt.osx.a
@(#)PROGRAM:ld  PROJECT:dyld-1022.1
BUILD 05:26:33 Dec  7 2023
configured to support archs: armv6 armv7 armv7s arm64 arm64e arm64_32 i386 x86_64 x86_64h
will use ld-classic for: armv6 armv7 armv7s arm64_32 i386 armv6m armv7k armv7m armv7em
LTO support using: LLVM version 15.0.0 (static support for 29, runtime is 29)
TAPI support using: Apple TAPI version 15.0.0 (tapi-1500.0.12.8)
Library search paths:
	/usr/local/Cellar/check/0.15.2/lib
	/usr/local/lib
Framework search paths:



Parsed C implicit include dir info from above output: rv=done
  found start of include info
  found start of implicit include info
    add: [/usr/local/include]
    add: [/Applications/Xcode.app/Contents/Developer/Toolchains/XcodeDefault.xctoolchain/usr/lib/clang/15.0.0/include]
    add: [/Applications/Xcode.app/Contents/Developer/Platforms/MacOSX.platform/Developer/SDKs/MacOSX14.2.sdk/usr/include]
    add: [/Applications/Xcode.app/Contents/Developer/Toolchains/XcodeDefault.xctoolchain/usr/include]
  end of search list found
  collapse include dir [/usr/local/include] ==> [/usr/local/include]
  collapse include dir [/Applications/Xcode.app/Contents/Developer/Toolchains/XcodeDefault.xctoolchain/usr/lib/clang/15.0.0/include] ==> [/Applications/Xcode.app/Contents/Developer/Toolchains/XcodeDefault.xctoolchain/usr/lib/clang/15.0.0/include]
  collapse include dir [/Applications/Xcode.app/Contents/Developer/Platforms/MacOSX.platform/Developer/SDKs/MacOSX14.2.sdk/usr/include] ==> [/Applications/Xcode.app/Contents/Developer/Platforms/MacOSX.platform/Developer/SDKs/MacOSX14.2.sdk/usr/include]
  collapse include dir [/Applications/Xcode.app/Contents/Developer/Toolchains/XcodeDefault.xctoolchain/usr/include] ==> [/Applications/Xcode.app/Contents/Developer/Toolchains/XcodeDefault.xctoolchain/usr/include]
  implicit include dirs: [/usr/local/include;/Applications/Xcode.app/Contents/Developer/Toolchains/XcodeDefault.xctoolchain/usr/lib/clang/15.0.0/include;/Applications/Xcode.app/Contents/Developer/Platforms/MacOSX.platform/Developer/SDKs/MacOSX14.2.sdk/usr/include;/Applications/Xcode.app/Contents/Developer/Toolchains/XcodeDefault.xctoolchain/usr/include]


Parsed C implicit link information from above output:
  link line regex: [^( *|.*[/\])(ld|CMAKE_LINK_STARTFILE-NOTFOUND|([^/\]+-)?ld|collect2)[^/\]*( |$)]
  ignore line: [Change Dir: /Users/jocastab/Projects/CPP3_BrickGame_v2.0/build/CMakeFiles/CMakeTmp]
  ignore line: []
  ignore line: [Run Build Command(s):/usr/bin/make -f Makefile cmTC_1ffff/fast && /Applications/Xcode.app/Contents/Developer/usr/bin/make  -f CMakeFiles/cmTC_1ffff.dir/build.make CMakeFiles/cmTC_1ffff.dir/build]
  ignore line: [Building C object CMakeFiles/cmTC_1ffff.dir/CMakeCCompilerABI.c.o]
  ignore line: [/Applications/Xcode.app/Contents/Developer/Toolchains/XcodeDefault.xctoolchain/usr/bin/cc   -isysroot /Applications/Xcode.app/Contents/Developer/Platforms/MacOSX.platform/Developer/SDKs/MacOSX14.2.sdk -mmacosx-version-min=13.6   -v -Wl -v -MD -MT CMakeFiles/cmTC_1ffff.dir/CMakeCCompilerABI.c.o -MF CMakeFiles/cmTC_1ffff.dir/CMakeCCompilerABI.c.o.d -o CMakeFiles/cmTC_1ffff.dir/CMakeCCompilerABI.c.o -c /usr/local/share/cmake/Modules/CMakeCCompilerABI.c]
  ignore line: [Apple clang version 15.0.0 (clang-1500.1.0.2.5)]
  ignore line: [Target: x86_64-apple-darwin22.6.0]
  ignore line: [Thread model: posix]
  ignore line: [InstalledDir: /Applications/Xcode.app/Contents/Developer/Toolchains/XcodeDefault.xctoolchain/usr/bin]
  ignore line: [clang: warning: -Wl -v: 'linker' input unused [-Wunused-command-line-argument]]
  ignore line: [ "/Applications/Xcode.app/Contents/Developer/Toolchains/XcodeDefault.xctoolchain/usr/bin/clang" -cc1 -triple x86_64-apple-macosx13.6.0 -Wundef-prefix=TARGET_OS_ -Wdeprecated-objc-isa-usage -Werror=deprecated-objc-isa-usage -Werror=implicit-function-declaration -emit-obj -mrelax-all --mrelax-relocations -disable-free -clear-ast-before-backend -disable-llvm-verifier -discard-value-names -main-file-name CMakeCCompilerABI.c -mrelocation-model pic -pic-level 2 -mframe-pointer=all -fno-strict-return -ffp-contract=on -fno-rounding-math -funwind-tables=2 -target-sdk-version=14.2 -fvisibility-inlines-hidden-static-local-var -target-cpu penryn -tune-cpu generic -mllvm -treat-scalable-fixed-error-as-warning -debugger-tuning=lldb -target-linker-version 1022.1 -v -fcoverage-compilation-dir=/Users/jocastab/Projects/CPP3_BrickGame_v2.0/build/CMakeFiles/CMakeTmp -resource-dir /Applications/Xcode.app/Contents/Developer/Toolchains/XcodeDefault.xctoolchain/usr/lib/clang/15.0.0 -dependency-file CMakeFiles/cmTC_1ffff.dir/CMakeCCompilerABI.c.o.d -skip-unused-modulemap-deps -MT CMakeFiles/cmTC_1ffff.dir/CMakeCCompilerABI.c.o -sys-header-deps -isysroot /Applications/Xcode.app/Contents/Developer/Platforms/MacOSX.platform/Developer/SDKs/MacOSX14.2.sdk -c-isystem /usr/local/include/ -cxx-isystem /usr/local/include/ -internal-isystem /Applications/Xcode.app/Contents/Developer/Platforms/MacOSX.platform/Developer/SDKs/MacOSX14.2.sdk/usr/local/include -internal-isystem /Applications/Xcode.app/Contents/Developer/Toolchains/XcodeDefault.xctoolchain/usr/lib/clang/15.0.0/include -internal-externc-isystem /Applications/Xcode.app/Contents/Developer/Platforms/MacOSX.platform/Developer/SDKs/MacOSX14.2.sdk/usr/include -internal-externc-isystem /Applications/Xcode.app/Contents/Developer/Toolchains/XcodeDefault.xctoolchain/usr/include -Wno-reorder-init-list -Wno-implicit-int-float-conversion -Wno-c99-designator -Wno-final-dtor-non-final-class -Wno-extra-semi-stmt -Wno-misleading-indentation -Wno-quoted-include-in-framework-header -Wno-implicit-fallthrough -Wno-enum-enum-conversion -Wno-enum-float-conversion -Wno-elaborated-enum-base -Wno-reserved-identifier -Wno-gnu-folding-constant -fdebug-compilation-dir=/Users/jocastab/Projects/CPP3_BrickGame_v2.0/build/CMakeFiles/CMakeTmp -ferror-limit 19 -stack-protector 1 -fstack-check -mdarwin-stkchk-strong-link -fblocks -fencode-extended-block-signature -fregister-global-dtors-with-atexit -fgnuc-version=4.2.1 -fmax-type-align=16 -fcommon -clang-vendor-feature=+disableNonDependentMemberExprInCurrentInstantiation -fno-odr-hash-protocols -clang-vendor-feature=+enableAggressiveVLAFolding -clang-vendor-feature=+revert09abecef7bbf -clang-vendor-feature=+thisNoAlignAttr -clang-vendor-feature=+thisNoNullAttr -mllvm -disable-aligned-alloc-awareness=1 -D__GCC_HAVE_DWARF2_CFI_ASM=1 -o CMakeFiles/cmTC_1ffff.dir/CMakeCCompilerABI.c.o -x c /usr/local/share/cmake/Modules/CMakeCCompilerABI.c]
  ignore line: [clang -cc1 version 15.0.0 (clang-1500.1.0.2.5) default target x86_64-apple-darwin22.6.0]
  ignore line: [ignoring nonexistent directory "/Applications/Xcode.app/Contents/Developer/Platforms/MacOSX.platform/Developer/SDKs/MacOSX14.2.sdk/usr/local/include"]
  ignore line: [ignoring nonexistent directory "/Applications/Xcode.app/Contents/Developer/Platforms/MacOSX.platform/Developer/SDKs/MacOSX14.2.sdk/Library/Frameworks"]
  ignore line: [#include "..." search starts here:]
  ignore line: [#include <...> search starts here:]
  ignore line: [ /usr/local/include]
  ignore line: [ /Applications/Xcode.app/Contents/Developer/Toolchains/XcodeDefault.xctoolchain/usr/lib/clang/15.0.0/include]
  ignore line: [ /Applications/Xcode.app/Contents/Developer/Platforms/MacOSX.platform/Developer/SDKs/MacOSX14.2.sdk/usr/include]
  ignore line: [ /Applications/Xcode.app/Contents/Developer/Toolchains/XcodeDefault.xctoolchain/usr/include]
  ignore line: [ /Applications/Xcode.app/Contents/Developer/Platforms/MacOSX.platform/Developer/SDKs/MacOSX14.2.sdk/System/Library/Frameworks (framework directory)]
  ignore line: [End of search list.]
  ignore line: [Linking C executable cmTC_1ffff]
  ignore line: [/usr/local/bin/cmake -E cmake_link_script CMakeFiles/cmTC_1ffff.dir/link.txt --verbose=1]
  ignore line: [/Applications/Xcode.app/Contents/Developer/Toolchains/XcodeDefault.xctoolchain/usr/bin/cc  -isysroot /Applications/Xcode.app/Contents/Developer/Platforms/MacOSX.platform/Developer/SDKs/MacOSX14.2.sdk -mmacosx-version-min=13.6 -Wl -search_paths_first -Wl -headerpad_max_install_names  -v -Wl -v CMakeFiles/cmTC_1ffff.dir/CMakeCCompilerABI.c.o -o cmTC_1ffff ]
  ignore line: [Apple clang version 15.0.0 (clang-1500.1.0.2.5)]
  ignore line: [Target: x86_64-apple-darwin22.6.0]
  ignore line: [Thread model: posix]
  ignore line: [InstalledDir: /Applications/Xcode.app/Contents/Developer/Toolchains/XcodeDefault.xctoolchain/usr/bin]
  link line: [ "/Applications/Xcode.app/Contents/Developer/Toolchains/XcodeDefault.xctoolchain/usr/bin/ld" -demangle -lto_library /Applications/Xcode.app/Contents/Developer/Toolchains/XcodeDefault.xctoolchain/usr/lib/libLTO.dylib -dynamic -arch x86_64 -platform_version macos 13.6.0 14.2 -syslibroot /Applications/Xcode.app/Contents/Developer/Platforms/MacOSX.platform/Developer/SDKs/MacOSX14.2.sdk -o cmTC_1ffff -L/usr/local/Cellar/check/0.15.2/lib -L/usr/local/lib -search_paths_first -headerpad_max_install_names -v CMakeFiles/cmTC_1ffff.dir/CMakeCCompilerABI.c.o -lSystem /Applications/Xcode.app/Contents/Developer/Toolchains/XcodeDefault.xctoolchain/usr/lib/clang/15.0.0/lib/darwin/libclang_rt.osx.a]
    arg [/Applications/Xcode.app/Contents/Developer/Toolchains/XcodeDefault.xctoolchain/usr/bin/ld] ==> ignore
    arg [-demangle] ==> ignore
    arg [-lto_library] ==> ignore, skip following value
    arg [/Applications/Xcode.app/Contents/Developer/Toolchains/XcodeDefault.xctoolchain/usr/lib/libLTO.dylib] ==> skip value of -lto_library
    arg [-dynamic] ==> ignore
    arg [-arch] ==> ignore
    arg [x86_64] ==> ignore
    arg [-platform_version] ==> ignore
    arg [macos] ==> ignore
    arg [13.6.0] ==> ignore
    arg [14.2] ==> ignore
    arg [-syslibroot] ==> ignore
    arg [/Applications/Xcode.app/Contents/Developer/Platforms/MacOSX.platform/Developer/SDKs/MacOSX14.2.sdk] ==> ignore
    arg [-o] ==> ignore
    arg [cmTC_1ffff] ==> ignore
    arg [-L/usr/local/Cellar/check/0.15.2/lib] ==> dir [/usr/local/Cellar/check/0.15.2/lib]
    arg [-L/usr/local/lib] ==> dir [/usr/local/lib]
    arg [-search_paths_first] ==> ignore
    arg [-headerpad_max_install_names] ==> ignore
    arg [-v] ==> ignore
    arg [CMakeFiles/cmTC_1ffff.dir/CMakeCCompilerABI.c.o] ==> ignore
    arg [-lSystem] ==> lib [System]
    arg [/Applications/Xcode.app/Contents/Developer/Toolchains/XcodeDefault.xctoolchain/usr/lib/clang/15.0.0/lib/darwin/libclang_rt.osx.a] ==> lib [/Applications/Xcode.app/Contents/Developer/Toolchains/XcodeDefault.xctoolchain/usr/lib/clang/15.0.0/lib/darwin/libclang_rt.osx.a]
  Library search paths: [;/usr/local/Cellar/check/0.15.2/lib;/usr/local/lib]
  remove lib [System]
  remove lib [/Applications/Xcode.app/Contents/Developer/Toolchains/XcodeDefault.xctoolchain/usr/lib/clang/15.0.0/lib/darwin/libclang_rt.osx.a]
  collapse library dir [/usr/local/Cellar/check/0.15.2/lib] ==> [/usr/local/Cellar/check/0.15.2/lib]
  collapse library dir [/usr/local/lib] ==> [/usr/local/lib]
  collapse library dir [/usr/local/Cellar/check/0.15.2/lib] ==> [/usr/local/Cellar/check/0.15.2/lib]
  collapse library dir [/usr/local/lib] ==> [/usr/local/lib]
  implicit libs: []
  implicit objs: []
  implicit dirs: [/usr/local/Cellar/check/0.15.2/lib;/usr/local/lib]
  implicit fwks: []


Detecting CXX compiler ABI info compiled with the following output:
Change Dir: /Users/jocastab/Projects/CPP3_BrickGame_v2.0/build/CMakeFiles/CMakeTmp

Run Build Command(s):/usr/bin/make -f Makefile cmTC_c899e/fast && /Applications/Xcode.app/Contents/Developer/usr/bin/make  -f CMakeFiles/cmTC_c899e.dir/build.make CMakeFiles/cmTC_c899e.dir/build
Building CXX object CMakeFiles/cmTC_c899e.dir/CMakeCXXCompilerABI.cpp.o
/Applications/Xcode.app/Contents/Developer/Toolchains/XcodeDefault.xctoolchain/usr/bin/c++   -isysroot /Applications/Xcode.app/Contents/Developer/Platforms/MacOSX.platform/Developer/SDKs/MacOSX14.2.sdk -mmacosx-version-min=13.6   -v -Wl,-v -MD -MT CMakeFiles/cmTC_c899e.dir/CMakeCXXCompilerABI.cpp.o -MF CMakeFiles/cmTC_c899e.dir/CMakeCXXCompilerABI.cpp.o.d -o CMakeFiles/cmTC_c899e.dir/CMakeCXXCompilerABI.cpp.o -c /usr/local/share/cmake/Modules/CMakeCXXCompilerABI.cpp
Apple clang version 15.0.0 (clang-1500.1.0.2.5)
Target: x86_64-apple-darwin22.6.0
Thread model: posix
InstalledDir: /Applications/Xcode.app/Contents/Developer/Toolchains/XcodeDefault.xctoolchain/usr/bin
clang: warning: -Wl,-v: 'linker' input unused [-Wunused-command-line-argument]
 "/Applications/Xcode.app/Contents/Developer/Toolchains/XcodeDefault.xctoolchain/usr/bin/clang" -cc1 -triple x86_64-apple-macosx13.6.0 -Wundef-prefix=TARGET_OS_ -Wdeprecated-objc-isa-usage -Werror=deprecated-objc-isa-usage -Werror=implicit-function-declaration -emit-obj -mrelax-all --mrelax-relocations -disable-free -clear-ast-before-backend -disable-llvm-verifier -discard-value-names -main-file-name CMakeCXXCompilerABI.cpp -mrelocation-model pic -pic-level 2 -mframe-pointer=all -fno-strict-return -ffp-contract=on -fno-rounding-math -funwind-tables=2 -target-sdk-version=14.2 -fvisibility-inlines-hidden-static-local-var -target-cpu penryn -tune-cpu generic -mllvm -treat-scalable-fixed-error-as-warning -debugger-tuning=lldb -target-linker-version 1022.1 -v -fcoverage-compilation-dir=/Users/jocastab/Projects/CPP3_BrickGame_v2.0/build/CMakeFiles/CMakeTmp -resource-dir /Applications/Xcode.app/Contents/Developer/Toolchains/XcodeDefault.xctoolchain/usr/lib/clang/15.0.0 -dependency-file CMakeFiles/cmTC_c899e.dir/CMakeCXXCompilerABI.cpp.o.d -skip-unused-modulemap-deps -MT CMakeFiles/cmTC_c899e.dir/CMakeCXXCompilerABI.cpp.o -sys-header-deps -isysroot /Applications/Xcode.app/Contents/Developer/Platforms/MacOSX.platform/Developer/SDKs/MacOSX14.2.sdk -c-isystem /usr/local/include/ -cxx-isystem /usr/local/include/ -internal-isystem /Applications/Xcode.app/Contents/Developer/Platforms/MacOSX.platform/Developer/SDKs/MacOSX14.2.sdk/usr/include/c++/v1 -internal-isystem /Applications/Xcode.app/Contents/Developer/Platforms/MacOSX.platform/Developer/SDKs/MacOSX14.2.sdk/usr/local/include -internal-isystem /Applications/Xcode.app/Contents/Developer/Toolchains/XcodeDefault.xctoolchain/usr/lib/clang/15.0.0/include -internal-externc-isystem /Applications/Xcode.app/Contents/Developer/Platforms/MacOSX.platform/Developer/SDKs/MacOSX14.2.sdk/usr/include -internal-externc-isystem /Applications/Xcode.app/Contents/Developer/Toolchains/XcodeDefault.xctoolchain/usr/include -Wno-reorder-init-list -Wno-implicit-int-float-conversion -Wno-c99-designator -Wno-final-dtor-non-final-class -Wno-extra-semi-stmt -Wno-misleading-indentation -Wno-quoted-include-in-framework-header -Wno-implicit-fallthrough -Wno-enum-enum-conversion -Wno-enum-float-conversion -Wno-elaborated-enum-base -Wno-reserved-identifier -Wno-gnu-folding-constant -fdeprecated-macro -fdebug-compilation-dir=/Users/jocastab/Projects/CPP3_BrickGame_v2.0/build/CMakeFiles/CMakeTmp -ferror-limit 19 -stack-protector 1 -fstack-check -mdarwin-stkchk-strong-link -fblocks -fencode-extended-block-signature -fregister-global-dtors-with-atexit -fgnuc-version=4.2.1 -fno-cxx-modules -fcxx-exceptions -fexceptions -fmax-type-align=16 -fcommon -clang-vendor-feature=+disableNonDependentMemberExprInCurrentInstantiation -fno-odr-hash-protocols -clang-vendor-feature=+enableAggressiveVLAFolding -clang-vendor-feature=+revert09abecef7bbf -clang-vendor-feature=+thisNoAlignAttr -clang-vendor-feature=+thisNoNullAttr -mllvm -disable-aligned-alloc-awareness=1 -D__GCC_HAVE_DWARF2_CFI_ASM=1 -o CMakeFiles/cmTC_c899e.dir/CMakeCXXCompilerABI.cpp.o -x c++ /usr/local/share/cmake/Modules/CMakeCXXCompilerABI.cpp
clang -cc1 version 15.0.0 (clang-1500.1.0.2.5) default target x86_64-apple-darwin22.6.0
ignoring nonexistent directory "/Applications/Xcode.app/Contents/Developer/Platforms/MacOSX.platform/Developer/SDKs/MacOSX14.2.sdk/usr/local/include"
ignoring nonexistent directory "/Applications/Xcode.app/Contents/Developer/Platforms/MacOSX.platform/Developer/SDKs/MacOSX14.2.sdk/Library/Frameworks"
#include "..." search starts here:
#include <...> search starts here:
 /usr/local/include
 /Applications/Xcode.app/Contents/Developer/Platforms/MacOSX.platform/Developer/SDKs/MacOSX14.2.sdk/usr/include/c++/v1
 /Applications/Xcode.app/Contents/Developer/Toolchains/XcodeDefault.xctoolchain/usr/lib/clang/15.0.0/include
 /Applications/Xcode.app/Contents/Developer/Platforms/MacOSX.platform/Developer/SDKs/MacOSX14.2.sdk/usr/include
 /Applications/Xcode.app/Contents/Developer/Toolchains/XcodeDefault.xctoolchain/usr/include
 /Applications/Xcode.app/Contents/Developer/Platforms/MacOSX.platform/Developer/SDKs/MacOSX14.2.sdk/System/Library/Frameworks (framework directory)
End of search list.
Linking CXX executable cmTC_c899e
/usr/local/bin/cmake -E cmake_link_script CMakeFiles/cmTC_c899e.dir/link.txt --verbose=1
/Applications/Xcode.app/Contents/Developer/Toolchains/XcodeDefault.xctoolchain/usr/bin/c++  -isysroot /Applications/Xcode.app/Contents/Developer/Platforms/MacOSX.platform/Developer/SDKs/MacOSX14.2.sdk -mmacosx-version-min=13.6 -Wl,-search_paths_first -Wl,-headerpad_max_install_names  -v -Wl,-v CMakeFiles/cmTC_c899e.dir/CMakeCXXCompilerABI.cpp.o -o cmTC_c899e 
Apple clang version 15.0.0 (clang-1500.1.0.2.5)
Target: x86_64-apple-darwin22.6.0
Thread model: posix
InstalledDir: /Applications/Xcode.app/Contents/Developer/Toolchains/XcodeDefault.xctoolchain/usr/bin
 "/Applications/Xcode.app/Contents/Developer/Toolchains/XcodeDefault.xctoolchain/usr/bin/ld" -demangle -lto_library /Applications/Xcode.app/Contents/Developer/Toolchains/XcodeDefault.xctoolchain/usr/lib/libLTO.dylib -dynamic -arch x86_64 -platform_version macos 13.6.0 14.2 -syslibroot /Applications/Xcode.app/Contents/Developer/Platforms/MacOSX.platform/Developer/SDKs/MacOSX14.2.sdk -o cmTC_c899e -L/usr/local/Cellar/check/0.15.2/lib -L/usr/local/lib -search_paths_first -headerpad_max_install_names -v CMakeFiles/cmTC_c899e.dir/CMakeCXXCompilerABI.cpp.o -lc++ -lSystem /Applications/Xcode.app/Contents/Developer/Toolchains/XcodeDefault.xctoolchain/usr/lib/clang/15.0.0/lib/darwin/libclang_rt.osx.a
@(#)PROGRAM:ld  PROJECT:dyld-1022.1
BUILD 05:26:33 Dec  7 2023
configured to support archs: armv6 armv7 armv7s arm64 arm64e arm64_32 i386 x86_64 x86_64h
will use ld-classic for: armv6 armv7 armv7s arm64_32 i386 armv6m armv7k armv7m armv7em
LTO support using: LLVM version 15.0.0 (static support for 29, runtime is 29)
TAPI support using: Apple TAPI version 15.0.0 (tapi-1500.0.12.8)
Library search paths:
	/usr/local/Cellar/check/0.15.2/lib
	/usr/local/lib
Framework search paths:



Parsed CXX implicit include dir info from above output: rv=done
  found start of include info
  found start of implicit include info
    add: [/usr/local/include]
    add: [/Applications/Xcode.app/Contents/Developer/Platforms/MacOSX.platform/Developer/SDKs/MacOSX14.2.sdk/usr/include/c++/v1]
    add: [/Applications/Xcode.app/Contents/Developer/Toolchains/XcodeDefault.xctoolchain/usr/lib/clang/15.0.0/include]
    add: [/Applications/Xcode.app/Contents/Developer/Platforms/MacOSX.platform/Developer/SDKs/MacOSX14.2.sdk/usr/include]
    add: [/Applications/Xcode.app/Contents/Developer/Toolchains/XcodeDefault.xctoolchain/usr/include]
  end of search list found
  collapse include dir [/usr/local/include] ==> [/usr/local/include]
  collapse include dir [/Applications/Xcode.app/Contents/Developer/Platforms/MacOSX.platform/Developer/SDKs/MacOSX14.2.sdk/usr/include/c++/v1] ==> [/Applications/Xcode.app/Contents/Developer/Platforms/MacOSX.platform/Developer/SDKs/MacOSX14.2.sdk/usr/include/c++/v1]
  collapse include dir [/Applications/Xcode.app/Contents/Developer/Toolchains/XcodeDefault.xctoolchain/usr/lib/clang/15.0.0/include] ==> [/Applications/Xcode.app/Contents/Developer/Toolchains/XcodeDefault.xctoolchain/usr/lib/clang/15.0.0/include]
  collapse include dir [/Applications/Xcode.app/Contents/Developer/Platforms/MacOSX.platform/Developer/SDKs/MacOSX14.2.sdk/usr/include] ==> [/Applications/Xcode.app/Contents/Developer/Platforms/MacOSX.platform/Developer/SDKs/MacOSX14.2.sdk/usr/include]
  collapse include dir [/Applications/Xcode.app/Contents/Developer/Toolchains/XcodeDefault.xctoolchain/usr/include] ==> [/Applications/Xcode.app/Contents/Developer/Toolchains/XcodeDefault.xctoolchain/usr/include]
  implicit include dirs: [/usr/local/include;/Applications/Xcode.app/Contents/Developer/Platforms/MacOSX.platform/Developer/SDKs/MacOSX14.2.sdk/usr/include/c++/v1;/Applications/Xcode.app/Contents/Developer/Toolchains/XcodeDefault.xctoolchain/usr/lib/clang/15.0.0/include;/Applications/Xcode.app/Contents/Developer/Platforms/MacOSX.platform/Developer/SDKs/MacOSX14.2.sdk/usr/include;/Applications/Xcode.app/Contents/Developer/Toolchains/XcodeDefault.xctoolchain/usr/include]


Parsed CXX implicit link information from above output:
  link line regex: [^( *|.*[/\])(ld|CMAKE_LINK_STARTFILE-NOTFOUND|([^/\]+-)?ld|collect2)[^/\]*( |$)]
  ignore line: [Change Dir: /Users/jocastab/Projects/CPP3_BrickGame_v2.0/build/CMakeFiles/CMakeTmp]
  ignore line: []
  ignore line: [Run Build Command(s):/usr/bin/make -f Makefile cmTC_c899e/fast && /Applications/Xcode.app/Contents/Developer/usr/bin/make  -f CMakeFiles/cmTC_c899e.dir/build.make CMakeFiles/cmTC_c899e.dir/build]
  ignore line: [Building CXX object CMakeFiles/cmTC_c899e.dir/CMakeCXXCompilerABI.cpp.o]
  ignore line: [/Applications/Xcode.app/Contents/Developer/Toolchains/XcodeDefault.xctoolchain/usr/bin/c++   -isysroot /Applications/Xcode.app/Contents/Developer/Platforms/MacOSX.platform/Developer/SDKs/MacOSX14.2.sdk -mmacosx-version-min=13.6   -v -Wl -v -MD -MT CMakeFiles/cmTC_c899e.dir/CMakeCXXCompilerABI.cpp.o -MF CMakeFiles/cmTC_c899e.dir/CMakeCXXCompilerABI.cpp.o.d -o CMakeFiles/cmTC_c899e.dir/CMakeCXXCompilerABI.cpp.o -c /usr/local/share/cmake/Modules/CMakeCXXCompilerABI.cpp]
  ignore line: [Apple clang version 15.0.0 (clang-1500.1.0.2.5)]
  ignore line: [Target: x86_64-apple-darwin22.6.0]
  ignore line: [Thread model: posix]
  ignore line: [InstalledDir: /Applications/Xcode.app/Contents/Developer/Toolchains/XcodeDefault.xctoolchain/usr/bin]
  ignore line: [clang: warning: -Wl -v: 'linker' input unused [-Wunused-command-line-argument]]
  ignore line: [ "/Applications/Xcode.app/Contents/Developer/Toolchains/XcodeDefault.xctoolchain/usr/bin/clang" -cc1 -triple x86_64-apple-macosx13.6.0 -Wundef-prefix=TARGET_OS_ -Wdeprecated-objc-isa-usage -Werror=deprecated-objc-isa-usage -Werror=implicit-function-declaration -emit-obj -mrelax-all --mrelax-relocations -disable-free -clear-ast-before-backend -disable-llvm-verifier -discard-value-names -main-file-name CMakeCXXCompilerABI.cpp -mrelocation-model pic -pic-level 2 -mframe-pointer=all -fno-strict-return -ffp-contract=on -fno-rounding-math -funwind-tables=2 -target-sdk-version=14.2 -fvisibility-inlines-hidden-static-local-var -target-cpu penryn -tune-cpu generic -mllvm -treat-scalable-fixed-error-as-warning -debugger-tuning=lldb -target-linker-version 1022.1 -v -fcoverage-compilation-dir=/Users/jocastab/Projects/CPP3_BrickGame_v2.0/build/CMakeFiles/CMakeTmp -resource-dir /Applications/Xcode.app/Contents/Developer/Toolchains/XcodeDefault.xctoolchain/usr/lib/clang/15.0.0 -dependency-file CMakeFiles/cmTC_c899e.dir/CMakeCXXCompilerABI.cpp.o.d -skip-unused-modulemap-deps -MT CMakeFiles/cmTC_c899e.dir/CMakeCXXCompilerABI.cpp.o -sys-header-deps -isysroot /Applications/Xcode.app/Contents/Developer/Platforms/MacOSX.platform/Developer/SDKs/MacOSX14.2.sdk -c-isystem /usr/local/include/ -cxx-isystem /usr/local/include/ -internal-isystem /Applications/Xcode.app/Contents/Developer/Platforms/MacOSX.platform/Developer/SDKs/MacOSX14.2.sdk/usr/include/c++/v1 -internal-isystem /Applications/Xcode.app/Contents/Developer/Platforms/MacOSX.platform/Developer/SDKs/MacOSX14.2.sdk/usr/local/include -internal-isystem /Applications/Xcode.app/Contents/Developer/Toolchains/XcodeDefault.xctoolchain/usr/lib/clang/15.0.0/include -internal-externc-isystem /Applications/Xcode.app/Contents/Developer/Platforms/MacOSX.platform/Developer/SDKs/MacOSX14.2.sdk/usr/include -internal-externc-isystem /Applications/Xcode.app/Contents/Developer/Toolchains/XcodeDefault.xctoolchain/usr/include -Wno-reorder-init-list -Wno-implicit-int-float-conversion -Wno-c99-designator -Wno-final-dtor-non-final-class -Wno-extra-semi-stmt -Wno-misleading-indentation -Wno-quoted-include-in-framework-header -Wno-implicit-fallthrough -Wno-enum-enum-conversion -Wno-enum-float-conversion -Wno-elaborated-enum-base -Wno-reserved-identifier -Wno-gnu-folding-constant -fdeprecated-macro -fdebug-compilation-dir=/Users/jocastab/Projects/CPP3_BrickGame_v2.0/build/CMakeFiles/CMakeTmp -ferror-limit 19 -stack-protector 1 -fstack-check -mdarwin-stkchk-strong-link -fblocks -fencode-extended-block-signature -fregister-global-dtors-with-atexit -fgnuc-version=4.2.1 -fno-cxx-modules -fcxx-exceptions -fexceptions -fmax-type-align=16 -fcommon -clang-vendor-feature=+disableNonDependentMemberExprInCurrentInstantiation -fno-odr-hash-protocols -clang-vendor-feature=+enableAggressiveVLAFolding -clang-vendor-feature=+revert09abecef7bbf -clang-vendor-feature=+thisNoAlignAttr -clang-vendor-feature=+thisNoNullAttr -mllvm -disable-aligned-alloc-awareness=1 -D__GCC_HAVE_DWARF2_CFI_ASM=1 -o CMakeFiles/cmTC_c899e.dir/CMakeCXXCompilerABI.cpp.o -x c++ /usr/local/share/cmake/Modules/CMakeCXXCompilerABI.cpp]
  ignore line: [clang -cc1 version 15.0.0 (clang-1500.1.0.2.5) default target x86_64-apple-darwin22.6.0]
  ignore line: [ignoring nonexistent directory "/Applications/Xcode.app/Contents/Developer/Platforms/MacOSX.platform/Developer/SDKs/MacOSX14.2.sdk/usr/local/include"]
  ignore line: [ignoring nonexistent directory "/Applications/Xcode.app/Contents/Developer/Platforms/MacOSX.platform/Developer/SDKs/MacOSX14.2.sdk/Library/Frameworks"]
  ignore line: [#include "..." search starts here:]
  ignore line: [#include <...> search starts here:]
  ignore line: [ /usr/local/include]
  ignore line: [ /Applications/Xcode.app/Contents/Developer/Platforms/MacOSX.platform/Developer/SDKs/MacOSX14.2.sdk/usr/include/c++/v1]
  ignore line: [ /Applications/Xcode.app/Contents/Developer/Toolchains/XcodeDefault.xctoolchain/usr/lib/clang/15.0.0/include]
  ignore line: [ /Applications/Xcode.app/Contents/Developer/Platforms/MacOSX.platform/Developer/SDKs/MacOSX14.2.sdk/usr/include]
  ignore line: [ /Applications/Xcode.app/Contents/Developer/Toolchains/XcodeDefault.xctoolchain/usr/include]
  ignore line: [ /Applications/Xcode.app/Contents/Developer/Platforms/MacOSX.platform/Developer/SDKs/MacOSX14.2.sdk/System/Library/Frameworks (framework directory)]
  ignore line: [End of search list.]
  ignore line: [Linking CXX executable cmTC_c899e]
  ignore line: [/usr/local/bin/cmake -E cmake_link_script CMakeFiles/cmTC_c899e.dir/link.txt --verbose=1]
  ignore line: [/Applications/Xcode.app/Contents/Developer/Toolchains/XcodeDefault.xctoolchain/usr/bin/c++  -isysroot /Applications/Xcode.app/Contents/Developer/Platforms/MacOSX.platform/Developer/SDKs/MacOSX14.2.sdk -mmacosx-version-min=13.6 -Wl -search_paths_first -Wl -headerpad_max_install_names  -v -Wl -v CMakeFiles/cmTC_c899e.dir/CMakeCXXCompilerABI.cpp.o -o cmTC_c899e ]
  ignore line: [Apple clang version 15.0.0 (clang-1500.1.0.2.5)]
  ignore line: [Target: x86_64-apple-darwin22.6.0]
  ignore line: [Thread model: posix]
  ignore line: [InstalledDir: /Applications/Xcode.app/Contents/Developer/Toolchains/XcodeDefault.xctoolchain/usr/bin]
  link line: [ "/Applications/Xcode.app/Contents/Developer/Toolchains/XcodeDefault.xctoolchain/usr/bin/ld" -demangle -lto_library /Applications/Xcode.app/Contents/Developer/Toolchains/XcodeDefault.xctoolchain/usr/lib/libLTO.dylib -dynamic -arch x86_64 -platform_version macos 13.6.0 14.2 -syslibroot /Applications/Xcode.app/Contents/Developer/Platforms/MacOSX.platform/Developer/SDKs/MacOSX14.2.sdk -o cmTC_c899e -L/usr/local/Cellar/check/0.15.2/lib -L/usr/local/lib -search_paths_first -headerpad_max_install_names -v CMakeFiles/cmTC_c899e.dir/CMakeCXXCompilerABI.cpp.o -lc++ -lSystem /Applications/Xcode.app/Contents/Developer/Toolchains/XcodeDefault.xctoolchain/usr/lib/clang/15.0.0/lib/darwin/libclang_rt.osx.a]
    arg [/Applications/Xcode.app/Contents/Developer/Toolchains/XcodeDefault.xctoolchain/usr/bin/ld] ==> ignore
    arg [-demangle] ==> ignore
    arg [-lto_library] ==> ignore, skip following value
    arg [/Applications/Xcode.app/Contents/Developer/Toolchains/XcodeDefault.xctoolchain/usr/lib/libLTO.dylib] ==> skip value of -lto_library
    arg [-dynamic] ==> ignore
    arg [-arch] ==> ignore
    arg [x86_64] ==> ignore
    arg [-platform_version] ==> ignore
    arg [macos] ==> ignore
    arg [13.6.0] ==> ignore
    arg [14.2] ==> ignore
    arg [-syslibroot] ==> ignore
    arg [/Applications/Xcode.app/Contents/Developer/Platforms/MacOSX.platform/Developer/SDKs/MacOSX14.2.sdk] ==> ignore
    arg [-o] ==> ignore
    arg [cmTC_c899e] ==> ignore
    arg [-L/usr/local/Cellar/check/0.15.2/lib] ==> dir [/usr/local/Cellar/check/0.15.2/lib]
    arg [-L/usr/local/lib] ==> dir [/usr/local/lib]
    arg [-search_paths_first] ==> ignore
    arg [-headerpad_max_install_names] ==> ignore
    arg [-v] ==> ignore
    arg [CMakeFiles/cmTC_c899e.dir/CMakeCXXCompilerABI.cpp.o] ==> ignore
    arg [-lc++] ==> lib [c++]
    arg [-lSystem] ==> lib [System]
    arg [/Applications/Xcode.app/Contents/Developer/Toolchains/XcodeDefault.xctoolchain/usr/lib/clang/15.0.0/lib/darwin/libclang_rt.osx.a] ==> lib [/Applications/Xcode.app/Contents/Developer/Toolchains/XcodeDefault.xctoolchain/usr/lib/clang/15.0.0/lib/darwin/libclang_rt.osx.a]
  Library search paths: [;/usr/local/Cellar/check/0.15.2/lib;/usr/local/lib]
  remove lib [System]
  remove lib [/Applications/Xcode.app/Contents/Developer/Toolchains/XcodeDefault.xctoolchain/usr/lib/clang/15.0.0/lib/darwin/libclang_rt.osx.a]
  collapse library dir [/usr/local/Cellar/check/0.15.2/lib] ==> [/usr/local/Cellar/check/0.15.2/lib]
  collapse library dir [/usr/local/lib] ==> [/usr/local/lib]
  collapse library dir [/usr/local/Cellar/check/0.15.2/lib] ==> [/usr/local/Cellar/check/0.15.2/lib]
  collapse library dir [/usr/local/lib] ==> [/usr/local/lib]
  implicit libs: [c++]
  implicit objs: []
  implicit dirs: [/usr/local/Cellar/check/0.15.2/lib;/usr/local/lib]
  implicit fwks: []


Determining if the include file pthread.h exists passed with the following output:
Change Dir: /Users/jocastab/Projects/CPP3_BrickGame_v2.0/build/CMakeFiles/CMakeTmp

Run Build Command(s):/usr/bin/make -f Makefile cmTC_8b20e/fast && /Applications/Xcode.app/Contents/Developer/usr/bin/make  -f CMakeFiles/cmTC_8b20e.dir/build.make CMakeFiles/cmTC_8b20e.dir/build
Building C object CMakeFiles/cmTC_8b20e.dir/CheckIncludeFile.c.o
/Applications/Xcode.app/Contents/Developer/Toolchains/XcodeDefault.xctoolchain/usr/bin/cc   -isysroot /Applications/Xcode.app/Contents/Developer/Platforms/MacOSX.platform/Developer/SDKs/MacOSX14.2.sdk -mmacosx-version-min=13.6 -MD -MT CMakeFiles/cmTC_8b20e.dir/CheckIncludeFile.c.o -MF CMakeFiles/cmTC_8b20e.dir/CheckIncludeFile.c.o.d -o CMakeFiles/cmTC_8b20e.dir/CheckIncludeFile.c.o -c /Users/jocastab/Projects/CPP3_BrickGame_v2.0/build/CMakeFiles/CMakeTmp/CheckIncludeFile.c
Linking C executable cmTC_8b20e
/usr/local/bin/cmake -E cmake_link_script CMakeFiles/cmTC_8b20e.dir/link.txt --verbose=1
/Applications/Xcode.app/Contents/Developer/Toolchains/XcodeDefault.xctoolchain/usr/bin/cc  -isysroot /Applications/Xcode.app/Contents/Developer/Platforms/MacOSX.platform/Developer/SDKs/MacOSX14.2.sdk -mmacosx-version-min=13.6 -Wl,-search_paths_first -Wl,-headerpad_max_install_names CMakeFiles/cmTC_8b20e.dir/CheckIncludeFile.c.o -o cmTC_8b20e 



Performing C SOURCE FILE Test CMAKE_HAVE_LIBC_PTHREAD succeeded with the following output:
Change Dir: /Users/jocastab/Projects/CPP3_BrickGame_v2.0/build/CMakeFiles/CMakeTmp

Run Build Command(s):/usr/bin/make -f Makefile cmTC_b759b/fast && /Applications/Xcode.app/Contents/Developer/usr/bin/make  -f CMakeFiles/cmTC_b759b.dir/build.make CMakeFiles/cmTC_b759b.dir/build
Building C object CMakeFiles/cmTC_b759b.dir/src.c.o
/Applications/Xcode.app/Contents/Developer/Toolchains/XcodeDefault.xctoolchain/usr/bin/cc -DCMAKE_HAVE_LIBC_PTHREAD  -isysroot /Applications/Xcode.app/Contents/Developer/Platforms/MacOSX.platform/Developer/SDKs/MacOSX14.2.sdk -mmacosx-version-min=13.6 -MD -MT CMakeFiles/cmTC_b759b.dir/src.c.o -MF CMakeFiles/cmTC_b759b.dir/src.c.o.d -o CMakeFiles/cmTC_b759b.dir/src.c.o -c /Users/jocastab/Projects/CPP3_BrickGame_v2.0/build/CMakeFiles/CMakeTmp/src.c
Linking C executable cmTC_b759b
/usr/local/bin/cmake -E cmake_link_script CMakeFiles/cmTC_b759b.dir/link.txt --verbose=1
/Applications/Xcode.app/Contents/Developer/Toolchains/XcodeDefault.xctoolchain/usr/bin/cc  -isysroot /Applications/Xcode.app/Contents/Developer/Platforms/MacOSX.platform/Developer/SDKs/MacOSX14.2.sdk -mmacosx-version-min=13.6 -Wl,-search_paths_first -Wl,-headerpad_max_install_names CMakeFiles/cmTC_b759b.dir/src.c.o -o cmTC_b759b 


Source file was:
#include <pthread.h>

static void* test_func(void* data)
{
  return data;
}

int main(void)
{
  pthread_t thread;
  pthread_create(&thread, NULL, test_func, NULL);
  pthread_detach(thread);
  pthread_cancel(thread);
  pthread_join(thread, NULL);
  pthread_atfork(NULL, NULL, NULL);
  pthread_exit(NULL);

  return 0;
}

Performing C++ SOURCE FILE Test HAVE_STDATOMIC succeeded with the following output:
Change Dir: /Users/jocastab/Projects/CPP3_BrickGame_v2.0/build/CMakeFiles/CMakeTmp

Run Build Command(s):/usr/bin/make -f Makefile cmTC_ae5b5/fast && /Applications/Xcode.app/Contents/Developer/usr/bin/make  -f CMakeFiles/cmTC_ae5b5.dir/build.make CMakeFiles/cmTC_ae5b5.dir/build
Building CXX object CMakeFiles/cmTC_ae5b5.dir/src.cxx.o
/Applications/Xcode.app/Contents/Developer/Toolchains/XcodeDefault.xctoolchain/usr/bin/c++ -DHAVE_STDATOMIC  -isysroot /Applications/Xcode.app/Contents/Developer/Platforms/MacOSX.platform/Developer/SDKs/MacOSX14.2.sdk -mmacosx-version-min=13.6 -std=gnu++17 -MD -MT CMakeFiles/cmTC_ae5b5.dir/src.cxx.o -MF CMakeFiles/cmTC_ae5b5.dir/src.cxx.o.d -o CMakeFiles/cmTC_ae5b5.dir/src.cxx.o -c /Users/jocastab/Projects/CPP3_BrickGame_v2.0/build/CMakeFiles/CMakeTmp/src.cxx
Linking CXX executable cmTC_ae5b5
/usr/local/bin/cmake -E cmake_link_script CMakeFiles/cmTC_ae5b5.dir/link.txt --verbose=1
/Applications/Xcode.app/Contents/Developer/Toolchains/XcodeDefault.xctoolchain/usr/bin/c++  -isysroot /Applications/Xcode.app/Contents/Developer/Platforms/MacOSX.platform/Developer/SDKs/MacOSX14.2.sdk -mmacosx-version-min=13.6 -Wl,-search_paths_first -Wl,-headerpad_max_install_names CMakeFiles/cmTC_ae5b5.dir/src.cxx.o -o cmTC_ae5b5 


Source file was:
#include <atomic>
#include <cstdint>

int main(int, char **)
{
    volatile std::atomic<char>    size_1;
    volatile std::atomic<short>   size_2;
    volatile std::atomic<int>     size_4;
    volatile std::atomic<int64_t> size_8;

    ++size_1;
    ++size_2;
    ++size_4;
    ++size_8;

    (void)size_1.load(std::memory_order_relaxed);
    (void)size_2.load(std::memory_order_relaxed);
    (void)size_4.load(std::memory_order_relaxed);
    (void)size_8.load(std::memory_order_relaxed);

    return 0;
}
The system is: Darwin - 22.6.0 - x86_64
Compiling the C compiler identification source file "CMakeCCompilerId.c" succeeded.
Compiler: /Applications/Xcode.app/Contents/Developer/Toolchains/XcodeDefault.xctoolchain/usr/bin/cc 
Build flags: 
Id flags: -c 

The output was:
0


Compilation of the C compiler identification source "CMakeCCompilerId.c" produced "CMakeCCompilerId.o"

The C compiler identification is AppleClang, found in "/Users/jocastab/Projects/CPP3_BrickGame_v2.0/build/CMakeFiles/3.23.0/CompilerIdC/CMakeCCompilerId.o"

Compiling the CXX compiler identification source file "CMakeCXXCompilerId.cpp" succeeded.
Compiler: /Applications/Xcode.app/Contents/Developer/Toolchains/XcodeDefault.xctoolchain/usr/bin/c++ 
Build flags: 
Id flags: -c 

The output was:
0


Compilation of the CXX compiler identification source "CMakeCXXCompilerId.cpp" produced "CMakeCXXCompilerId.o"

The CXX compiler identification is AppleClang, found in "/Users/jocastab/Projects/CPP3_BrickGame_v2.0/build/CMakeFiles/3.23.0/CompilerIdCXX/CMakeCXXCompilerId.o"

Detecting C compiler ABI info compiled with the following output:
Change Dir: /Users/jocastab/Projects/CPP3_BrickGame_v2.0/build/CMakeFiles/CMakeTmp

Run Build Command(s):/usr/bin/make -f Makefile cmTC_f1317/fast && /Applications/Xcode.app/Contents/Developer/usr/bin/make  -f CMakeFiles/cmTC_f1317.dir/build.make CMakeFiles/cmTC_f1317.dir/build
Building C object CMakeFiles/cmTC_f1317.dir/CMakeCCompilerABI.c.o
/Applications/Xcode.app/Contents/Developer/Toolchains/XcodeDefault.xctoolchain/usr/bin/cc   -isysroot /Applications/Xcode.app/Contents/Developer/Platforms/MacOSX.platform/Developer/SDKs/MacOSX14.2.sdk -mmacosx-version-min=13.6   -v -Wl,-v -MD -MT CMakeFiles/cmTC_f1317.dir/CMakeCCompilerABI.c.o -MF CMakeFiles/cmTC_f1317.dir/CMakeCCompilerABI.c.o.d -o CMakeFiles/cmTC_f1317.dir/CMakeCCompilerABI.c.o -c /usr/local/share/cmake/Modules/CMakeCCompilerABI.c
Apple clang version 15.0.0 (clang-1500.1.0.2.5)
Target: x86_64-apple-darwin22.6.0
Thread model: posix
InstalledDir: /Applications/Xcode.app/Contents/Developer/Toolchains/XcodeDefault.xctoolchain/usr/bin
clang: warning: -Wl,-v: 'linker' input unused [-Wunused-command-line-argument]
 "/Applications/Xcode.app/Contents/Developer/Toolchains/XcodeDefault.xctoolchain/usr/bin/clang" -cc1 -triple x86_64-apple-macosx13.6.0 -Wundef-prefix=TARGET_OS_ -Wdeprecated-objc-isa-usage -Werror=deprecated-objc-isa-usage -Werror=implicit-function-declaration -emit-obj -mrelax-all --mrelax-relocations -disable-free -clear-ast-before-backend -disable-llvm-verifier -discard-value-names -main-file-name CMakeCCompilerABI.c -mrelocation-model pic -pic-level 2 -mframe-pointer=all -fno-strict-return -ffp-contract=on -fno-rounding-math -funwind-tables=2 -target-sdk-version=14.2 -fvisibility-inlines-hidden-static-local-var -target-cpu penryn -tune-cpu generic -mllvm -treat-scalable-fixed-error-as-warning -debugger-tuning=lldb -target-linker-version 1022.1 -v -fcoverage-compilation-dir=/Users/jocastab/Projects/CPP3_BrickGame_v2.0/build/CMakeFiles/CMakeTmp -resource-dir /Applications/Xcode.app/Contents/Developer/Toolchains/XcodeDefault.xctoolchain/usr/lib/clang/15.0.0 -dependency-file CMakeFiles/cmTC_f1317.dir/CMakeCCompilerABI.c.o.d -skip-unused-modulemap-deps -MT CMakeFiles/cmTC_f1317.dir/CMakeCCompilerABI.c.o -sys-header-deps -isysroot /Applications/Xcode.app/Contents/Developer/Platforms/MacOSX.platform/Developer/SDKs/MacOSX14.2.sdk -c-isystem /usr/local/include/ -cxx-isystem /usr/local/include/ -internal-isystem /Applications/Xcode.app/Contents/Developer/Platforms/MacOSX.platform/Developer/SDKs/MacOSX14.2.sdk/usr/local/include -internal-isystem /Applications/Xcode.app/Contents/Developer/Toolchains/XcodeDefault.xctoolchain/usr/lib/clang/15.0.0/include -internal-externc-isystem /Applications/Xcode.app/Contents/Developer/Platforms/MacOSX.platform/Developer/SDKs/MacOSX14.2.sdk/usr/include -internal-externc-isystem /Applications/Xcode.app/Contents/Developer/Toolchains/XcodeDefault.xctoolchain/usr/include -Wno-reorder-init-list -Wno-implicit-int-float-conversion -Wno-c99-designator -Wno-final-dtor-non-final-class -Wno-extra-semi-stmt -Wno-misleading-indentation -Wno-quoted-include-in-framework-header -Wno-implicit-fallthrough -Wno-enum-enum-conversion -Wno-enum-float-conversion -Wno-elaborated-enum-base -Wno-reserved-identifier -Wno-gnu-folding-constant -fdebug-compilation-dir=/Users/jocastab/Projects/CPP3_BrickGame_v2.0/build/CMakeFiles/CMakeTmp -ferror-limit 19 -stack-protector 1 -fstack-check -mdarwin-stkchk-strong-link -fblocks -fencode-extended-block-signature -fregister-global-dtors-with-atexit -fgnuc-version=4.2.1 -fmax-type-align=16 -fcommon -clang-vendor-feature=+disableNonDependentMemberExprInCurrentInstantiation -fno-odr-hash-protocols -clang-vendor-feature=+enableAggressiveVLAFolding -clang-vendor-feature=+revert09abecef7bbf -clang-vendor-feature=+thisNoAlignAttr -clang-vendor-feature=+thisNoNullAttr -mllvm -disable-aligned-alloc-awareness=1 -D__GCC_HAVE_DWARF2_CFI_ASM=1 -o CMakeFiles/cmTC_f1317.dir/CMakeCCompilerABI.c.o -x c /usr/local/share/cmake/Modules/CMakeCCompilerABI.c
clang -cc1 version 15.0.0 (clang-1500.1.0.2.5) default target x86_64-apple-darwin22.6.0
ignoring nonexistent directory "/Applications/Xcode.app/Contents/Developer/Platforms/MacOSX.platform/Developer/SDKs/MacOSX14.2.sdk/usr/local/include"
ignoring nonexistent directory "/Applications/Xcode.app/Contents/Developer/Platforms/MacOSX.platform/Developer/SDKs/MacOSX14.2.sdk/Library/Frameworks"
#include "..." search starts here:
#include <...> search starts here:
 /usr/local/include
 /Applications/Xcode.app/Contents/Developer/Toolchains/XcodeDefault.xctoolchain/usr/lib/clang/15.0.0/include
 /Applications/Xcode.app/Contents/Developer/Platforms/MacOSX.platform/Developer/SDKs/MacOSX14.2.sdk/usr/include
 /Applications/Xcode.app/Contents/Developer/Toolchains/XcodeDefault.xctoolchain/usr/include
 /Applications/Xcode.app/Contents/Developer/Platforms/MacOSX.platform/Developer/SDKs/MacOSX14.2.sdk/System/Library/Frameworks (framework directory)
End of search list.
Linking C executable cmTC_f1317
/usr/local/bin/cmake -E cmake_link_script CMakeFiles/cmTC_f1317.dir/link.txt --verbose=1
/Applications/Xcode.app/Contents/Developer/Toolchains/XcodeDefault.xctoolchain/usr/bin/cc  -isysroot /Applications/Xcode.app/Contents/Developer/Platforms/MacOSX.platform/Developer/SDKs/MacOSX14.2.sdk -mmacosx-version-min=13.6 -Wl,-search_paths_first -Wl,-headerpad_max_install_names  -v -Wl,-v CMakeFiles/cmTC_f1317.dir/CMakeCCompilerABI.c.o -o cmTC_f1317 
Apple clang version 15.0.0 (clang-1500.1.0.2.5)
Target: x86_64-apple-darwin22.6.0
Thread model: posix
InstalledDir: /Applications/Xcode.app/Contents/Developer/Toolchains/XcodeDefault.xctoolchain/usr/bin
 "/Applications/Xcode.app/Contents/Developer/Toolchains/XcodeDefault.xctoolchain/usr/bin/ld" -demangle -lto_library /Applications/Xcode.app/Contents/Developer/Toolchains/XcodeDefault.xctoolchain/usr/lib/libLTO.dylib -dynamic -arch x86_64 -platform_version macos 13.6.0 14.2 -syslibroot /Applications/Xcode.app/Contents/Developer/Platforms/MacOSX.platform/Developer/SDKs/MacOSX14.2.sdk -o cmTC_f1317 -L/usr/local/Cellar/check/0.15.2/lib -L/usr/local/lib -search_paths_first -headerpad_max_install_names -v CMakeFiles/cmTC_f1317.dir/CMakeCCompilerABI.c.o -lSystem /Applications/Xcode.app/Contents/Developer/Toolchains/XcodeDefault.xctoolchain/usr/lib/clang/15.0.0/lib/darwin/libclang_rt.osx.a
@(#)PROGRAM:ld  PROJECT:dyld-1022.1
BUILD 05:26:33 Dec  7 2023
configured to support archs: armv6 armv7 armv7s arm64 arm64e arm64_32 i386 x86_64 x86_64h
will use ld-classic for: armv6 armv7 armv7s arm64_32 i386 armv6m armv7k armv7m armv7em
LTO support using: LLVM version 15.0.0 (static support for 29, runtime is 29)
TAPI support using: Apple TAPI version 15.0.0 (tapi-1500.0.12.8)
Library search paths:
	/usr/local/Cellar/check/0.15.2/lib
	/usr/local/lib
Framework search paths:



Parsed C implicit include dir info from above output: rv=done
  found start of include info
  found start of implicit include info
    add: [/usr/local/include]
    add: [/Applications/Xcode.app/Contents/Developer/Toolchains/XcodeDefault.xctoolchain/usr/lib/clang/15.0.0/include]
    add: [/Applications/Xcode.app/Contents/Developer/Platforms/MacOSX.platform/Developer/SDKs/MacOSX14.2.sdk/usr/include]
    add: [/Applications/Xcode.app/Contents/Developer/Toolchains/XcodeDefault.xctoolchain/usr/include]
  end of search list found
  collapse include dir [/usr/local/include] ==> [/usr/local/include]
  collapse include dir [/Applications/Xcode.app/Contents/Developer/Toolchains/XcodeDefault.xctoolchain/usr/lib/clang/15.0.0/include] ==> [/Applications/Xcode.app/Contents/Developer/Toolchains/XcodeDefault.xctoolchain/usr/lib/clang/15.0.0/include]
  collapse include dir [/Applications/Xcode.app/Contents/Developer/Platforms/MacOSX.platform/Developer/SDKs/MacOSX14.2.sdk/usr/include] ==> [/Applications/Xcode.app/Contents/Developer/Platforms/MacOSX.platform/Developer/SDKs/MacOSX14.2.sdk/usr/include]
  collapse include dir [/Applications/Xcode.app/Contents/Developer/Toolchains/XcodeDefault.xctoolchain/usr/include] ==> [/Applications/Xcode.app/Contents/Developer/Toolchains/XcodeDefault.xctoolchain/usr/include]
  implicit include dirs: [/usr/local/include;/Applications/Xcode.app/Contents/Developer/Toolchains/XcodeDefault.xctoolchain/usr/lib/clang/15.0.0/include;/Applications/Xcode.app/Contents/Developer/Platforms/MacOSX.platform/Developer/SDKs/MacOSX14.2.sdk/usr/include;/Applications/Xcode.app/Contents/Developer/Toolchains/XcodeDefault.xctoolchain/usr/include]


Parsed C implicit link information from above output:
  link line regex: [^( *|.*[/\])(ld|CMAKE_LINK_STARTFILE-NOTFOUND|([^/\]+-)?ld|collect2)[^/\]*( |$)]
  ignore line: [Change Dir: /Users/jocastab/Projects/CPP3_BrickGame_v2.0/build/CMakeFiles/CMakeTmp]
  ignore line: []
  ignore line: [Run Build Command(s):/usr/bin/make -f Makefile cmTC_f1317/fast && /Applications/Xcode.app/Contents/Developer/usr/bin/make  -f CMakeFiles/cmTC_f1317.dir/build.make CMakeFiles/cmTC_f1317.dir/build]
  ignore line: [Building C object CMakeFiles/cmTC_f1317.dir/CMakeCCompilerABI.c.o]
  ignore line: [/Applications/Xcode.app/Contents/Developer/Toolchains/XcodeDefault.xctoolchain/usr/bin/cc   -isysroot /Applications/Xcode.app/Contents/Developer/Platforms/MacOSX.platform/Developer/SDKs/MacOSX14.2.sdk -mmacosx-version-min=13.6   -v -Wl -v -MD -MT CMakeFiles/cmTC_f1317.dir/CMakeCCompilerABI.c.o -MF CMakeFiles/cmTC_f1317.dir/CMakeCCompilerABI.c.o.d -o CMakeFiles/cmTC_f1317.dir/CMakeCCompilerABI.c.o -c /usr/local/share/cmake/Modules/CMakeCCompilerABI.c]
  ignore line: [Apple clang version 15.0.0 (clang-1500.1.0.2.5)]
  ignore line: [Target: x86_64-apple-darwin22.6.0]
  ignore line: [Thread model: posix]
  ignore line: [InstalledDir: /Applications/Xcode.app/Contents/Developer/Toolchains/XcodeDefault.xctoolchain/usr/bin]
  ignore line: [clang: warning: -Wl -v: 'linker' input unused [-Wunused-command-line-argument]]
  ignore line: [ "/Applications/Xcode.app/Contents/Developer/Toolchains/XcodeDefault.xctoolchain/usr/bin/clang" -cc1 -triple x86_64-apple-macosx13.6.0 -Wundef-prefix=TARGET_OS_ -Wdeprecated-objc-isa-usage -Werror=deprecated-objc-isa-usage -Werror=implicit-function-declaration -emit-obj -mrelax-all --mrelax-relocations -disable-free -clear-ast-before-backend -disable-llvm-verifier -discard-value-names -main-file-name CMakeCCompilerABI.c -mrelocation-model pic -pic-level 2 -mframe-pointer=all -fno-strict-return -ffp-contract=on -fno-rounding-math -funwind-tables=2 -target-sdk-version=14.2 -fvisibility-inlines-hidden-static-local-var -target-cpu penryn -tune-cpu generic -mllvm -treat-scalable-fixed-error-as-warning -debugger-tuning=lldb -target-linker-version 1022.1 -v -fcoverage-compilation-dir=/Users/jocastab/Projects/CPP3_BrickGame_v2.0/build/CMakeFiles/CMakeTmp -resource-dir /Applications/Xcode.app/Contents/Developer/Toolchains/XcodeDefault.xctoolchain/usr/lib/clang/15.0.0 -dependency-file CMakeFiles/cmTC_f1317.dir/CMakeCCompilerABI.c.o.d -skip-unused-modulemap-deps -MT CMakeFiles/cmTC_f1317.dir/CMakeCCompilerABI.c.o -sys-header-deps -isysroot /Applications/Xcode.app/Contents/Developer/Platforms/MacOSX.platform/Developer/SDKs/MacOSX14.2.sdk -c-isystem /usr/local/include/ -cxx-isystem /usr/local/include/ -internal-isystem /Applications/Xcode.app/Contents/Developer/Platforms/MacOSX.platform/Developer/SDKs/MacOSX14.2.sdk/usr/local/include -internal-isystem /Applications/Xcode.app/Contents/Developer/Toolchains/XcodeDefault.xctoolchain/usr/lib/clang/15.0.0/include -internal-externc-isystem /Applications/Xcode.app/Contents/Developer/Platforms/MacOSX.platform/Developer/SDKs/MacOSX14.2.sdk/usr/include -internal-externc-isystem /Applications/Xcode.app/Contents/Developer/Toolchains/XcodeDefault.xctoolchain/usr/include -Wno-reorder-init-list -Wno-implicit-int-float-conversion -Wno-c99-designator -Wno-final-dtor-non-final-class -Wno-extra-semi-stmt -Wno-misleading-indentation -Wno-quoted-include-in-framework-header -Wno-implicit-fallthrough -Wno-enum-enum-conversion -Wno-enum-float-conversion -Wno-elaborated-enum-base -Wno-reserved-identifier -Wno-gnu-folding-constant -fdebug-compilation-dir=/Users/jocastab/Projects/CPP3_BrickGame_v2.0/build/CMakeFiles/CMakeTmp -ferror-limit 19 -stack-protector 1 -fstack-check -mdarwin-stkchk-strong-link -fblocks -fencode-extended-block-signature -fregister-global-dtors-with-atexit -fgnuc-version=4.2.1 -fmax-type-align=16 -fcommon -clang-vendor-feature=+disableNonDependentMemberExprInCurrentInstantiation -fno-odr-hash-protocols -clang-vendor-feature=+enableAggressiveVLAFolding -clang-vendor-feature=+revert09abecef7bbf -clang-vendor-feature=+thisNoAlignAttr -clang-vendor-feature=+thisNoNullAttr -mllvm -disable-aligned-alloc-awareness=1 -D__GCC_HAVE_DWARF2_CFI_ASM=1 -o CMakeFiles/cmTC_f1317.dir/CMakeCCompilerABI.c.o -x c /usr/local/share/cmake/Modules/CMakeCCompilerABI.c]
  ignore line: [clang -cc1 version 15.0.0 (clang-1500.1.0.2.5) default target x86_64-apple-darwin22.6.0]
  ignore line: [ignoring nonexistent directory "/Applications/Xcode.app/Contents/Developer/Platforms/MacOSX.platform/Developer/SDKs/MacOSX14.2.sdk/usr/local/include"]
  ignore line: [ignoring nonexistent directory "/Applications/Xcode.app/Contents/Developer/Platforms/MacOSX.platform/Developer/SDKs/MacOSX14.2.sdk/Library/Frameworks"]
  ignore line: [#include "..." search starts here:]
  ignore line: [#include <...> search starts here:]
  ignore line: [ /usr/local/include]
  ignore line: [ /Applications/Xcode.app/Contents/Developer/Toolchains/XcodeDefault.xctoolchain/usr/lib/clang/15.0.0/include]
  ignore line: [ /Applications/Xcode.app/Contents/Developer/Platforms/MacOSX.platform/Developer/SDKs/MacOSX14.2.sdk/usr/include]
  ignore line: [ /Applications/Xcode.app/Contents/Developer/Toolchains/XcodeDefault.xctoolchain/usr/include]
  ignore line: [ /Applications/Xcode.app/Contents/Developer/Platforms/MacOSX.platform/Developer/SDKs/MacOSX14.2.sdk/System/Library/Frameworks (framework directory)]
  ignore line: [End of search list.]
  ignore line: [Linking C executable cmTC_f1317]
  ignore line: [/usr/local/bin/cmake -E cmake_link_script CMakeFiles/cmTC_f1317.dir/link.txt --verbose=1]
  ignore line: [/Applications/Xcode.app/Contents/Developer/Toolchains/XcodeDefault.xctoolchain/usr/bin/cc  -isysroot /Applications/Xcode.app/Contents/Developer/Platforms/MacOSX.platform/Developer/SDKs/MacOSX14.2.sdk -mmacosx-version-min=13.6 -Wl -search_paths_first -Wl -headerpad_max_install_names  -v -Wl -v CMakeFiles/cmTC_f1317.dir/CMakeCCompilerABI.c.o -o cmTC_f1317 ]
  ignore line: [Apple clang version 15.0.0 (clang-1500.1.0.2.5)]
  ignore line: [Target: x86_64-apple-darwin22.6.0]
  ignore line: [Thread model: posix]
  ignore line: [InstalledDir: /Applications/Xcode.app/Contents/Developer/Toolchains/XcodeDefault.xctoolchain/usr/bin]
  link line: [ "/Applications/Xcode.app/Contents/Developer/Toolchains/XcodeDefault.xctoolchain/usr/bin/ld" -demangle -lto_library /Applications/Xcode.app/Contents/Developer/Toolchains/XcodeDefault.xctoolchain/usr/lib/libLTO.dylib -dynamic -arch x86_64 -platform_version macos 13.6.0 14.2 -syslibroot /Applications/Xcode.app/Contents/Developer/Platforms/MacOSX.platform/Developer/SDKs/MacOSX14.2.sdk -o cmTC_f1317 -L/usr/local/Cellar/check/0.15.2/lib -L/usr/local/lib -search_paths_first -headerpad_max_install_names -v CMakeFiles/cmTC_f1317.dir/CMakeCCompilerABI.c.o -lSystem /Applications/Xcode.app/Contents/Developer/Toolchains/XcodeDefault.xctoolchain/usr/lib/clang/15.0.0/lib/darwin/libclang_rt.osx.a]
    arg [/Applications/Xcode.app/Contents/Developer/Toolchains/XcodeDefault.xctoolchain/usr/bin/ld] ==> ignore
    arg [-demangle] ==> ignore
    arg [-lto_library] ==> ignore, skip following value
    arg [/Applications/Xcode.app/Contents/Developer/Toolchains/XcodeDefault.xctoolchain/usr/lib/libLTO.dylib] ==> skip value of -lto_library
    arg [-dynamic] ==> ignore
    arg [-arch] ==> ignore
    arg [x86_64] ==> ignore
    arg [-platform_version] ==> ignore
    arg [macos] ==> ignore
    arg [13.6.0] ==> ignore
    arg [14.2] ==> ignore
    arg [-syslibroot] ==> ignore
    arg [/Applications/Xcode.app/Contents/Developer/Platforms/MacOSX.platform/Developer/SDKs/MacOSX14.2.sdk] ==> ignore
    arg [-o] ==> ignore
    arg [cmTC_f1317] ==> ignore
    arg [-L/usr/local/Cellar/check/0.15.2/lib] ==> dir [/usr/local/Cellar/check/0.15.2/lib]
    arg [-L/usr/local/lib] ==> dir [/usr/local/lib]
    arg [-search_paths_first] ==> ignore
    arg [-headerpad_max_install_names] ==> ignore
    arg [-v] ==> ignore
    arg [CMakeFiles/cmTC_f1317.dir/CMakeCCompilerABI.c.o] ==> ignore
    arg [-lSystem] ==> lib [System]
    arg [/Applications/Xcode.app/Contents/Developer/Toolchains/XcodeDefault.xctoolchain/usr/lib/clang/15.0.0/lib/darwin/libclang_rt.osx.a] ==> lib [/Applications/Xcode.app/Contents/Developer/Toolchains/XcodeDefault.xctoolchain/usr/lib/clang/15.0.0/lib/darwin/libclang_rt.osx.a]
  Library search paths: [;/usr/local/Cellar/check/0.15.2/lib;/usr/local/lib]
  remove lib [System]
  remove lib [/Applications/Xcode.app/Contents/Developer/Toolchains/XcodeDefault.xctoolchain/usr/lib/clang/15.0.0/lib/darwin/libclang_rt.osx.a]
  collapse library dir [/usr/local/Cellar/check/0.15.2/lib] ==> [/usr/local/Cellar/check/0.15.2/lib]
  collapse library dir [/usr/local/lib] ==> [/usr/local/lib]
  collapse library dir [/usr/local/Cellar/check/0.15.2/lib] ==> [/usr/local/Cellar/check/0.15.2/lib]
  collapse library dir [/usr/local/lib] ==> [/usr/local/lib]
  implicit libs: []
  implicit objs: []
  implicit dirs: [/usr/local/Cellar/check/0.15.2/lib;/usr/local/lib]
  implicit fwks: []


Detecting CXX compiler ABI info compiled with the following output:
Change Dir: /Users/jocastab/Projects/CPP3_BrickGame_v2.0/build/CMakeFiles/CMakeTmp

Run Build Command(s):/usr/bin/make -f Makefile cmTC_133f3/fast && /Applications/Xcode.app/Contents/Developer/usr/bin/make  -f CMakeFiles/cmTC_133f3.dir/build.make CMakeFiles/cmTC_133f3.dir/build
Building CXX object CMakeFiles/cmTC_133f3.dir/CMakeCXXCompilerABI.cpp.o
/Applications/Xcode.app/Contents/Developer/Toolchains/XcodeDefault.xctoolchain/usr/bin/c++   -isysroot /Applications/Xcode.app/Contents/Developer/Platforms/MacOSX.platform/Developer/SDKs/MacOSX14.2.sdk -mmacosx-version-min=13.6   -v -Wl,-v -MD -MT CMakeFiles/cmTC_133f3.dir/CMakeCXXCompilerABI.cpp.o -MF CMakeFiles/cmTC_133f3.dir/CMakeCXXCompilerABI.cpp.o.d -o CMakeFiles/cmTC_133f3.dir/CMakeCXXCompilerABI.cpp.o -c /usr/local/share/cmake/Modules/CMakeCXXCompilerABI.cpp
Apple clang version 15.0.0 (clang-1500.1.0.2.5)
Target: x86_64-apple-darwin22.6.0
Thread model: posix
InstalledDir: /Applications/Xcode.app/Contents/Developer/Toolchains/XcodeDefault.xctoolchain/usr/bin
clang: warning: -Wl,-v: 'linker' input unused [-Wunused-command-line-argument]
 "/Applications/Xcode.app/Contents/Developer/Toolchains/XcodeDefault.xctoolchain/usr/bin/clang" -cc1 -triple x86_64-apple-macosx13.6.0 -Wundef-prefix=TARGET_OS_ -Wdeprecated-objc-isa-usage -Werror=deprecated-objc-isa-usage -Werror=implicit-function-declaration -emit-obj -mrelax-all --mrelax-relocations -disable-free -clear-ast-before-backend -disable-llvm-verifier -discard-value-names -main-file-name CMakeCXXCompilerABI.cpp -mrelocation-model pic -pic-level 2 -mframe-pointer=all -fno-strict-return -ffp-contract=on -fno-rounding-math -funwind-tables=2 -target-sdk-version=14.2 -fvisibility-inlines-hidden-static-local-var -target-cpu penryn -tune-cpu generic -mllvm -treat-scalable-fixed-error-as-warning -debugger-tuning=lldb -target-linker-version 1022.1 -v -fcoverage-compilation-dir=/Users/jocastab/Projects/CPP3_BrickGame_v2.0/build/CMakeFiles/CMakeTmp -resource-dir /Applications/Xcode.app/Contents/Developer/Toolchains/XcodeDefault.xctoolchain/usr/lib/clang/15.0.0 -dependency-file CMakeFiles/cmTC_133f3.dir/CMakeCXXCompilerABI.cpp.o.d -skip-unused-modulemap-deps -MT CMakeFiles/cmTC_133f3.dir/CMakeCXXCompilerABI.cpp.o -sys-header-deps -isysroot /Applications/Xcode.app/Contents/Developer/Platforms/MacOSX.platform/Developer/SDKs/MacOSX14.2.sdk -c-isystem /usr/local/include/ -cxx-isystem /usr/local/include/ -internal-isystem /Applications/Xcode.app/Contents/Developer/Platforms/MacOSX.platform/Developer/SDKs/MacOSX14.2.sdk/usr/include/c++/v1 -internal-isystem /Applications/Xcode.app/Contents/Developer/Platforms/MacOSX.platform/Developer/SDKs/MacOSX14.2.sdk/usr/local/include -internal-isystem /Applications/Xcode.app/Contents/Developer/Toolchains/XcodeDefault.xctoolchain/usr/lib/clang/15.0.0/include -internal-externc-isystem /Applications/Xcode.app/Contents/Developer/Platforms/MacOSX.platform/Developer/SDKs/MacOSX14.2.sdk/usr/include -internal-externc-isystem /Applications/Xcode.app/Contents/Developer/Toolchains/XcodeDefault.xctoolchain/usr/include -Wno-reorder-init-list -Wno-implicit-int-float-conversion -Wno-c99-designator -Wno-final-dtor-non-final-class -Wno-extra-semi-stmt -Wno-misleading-indentation -Wno-quoted-include-in-framework-header -Wno-implicit-fallthrough -Wno-enum-enum-conversion -Wno-enum-float-conversion -Wno-elaborated-enum-base -Wno-reserved-identifier -Wno-gnu-folding-constant -fdeprecated-macro -fdebug-compilation-dir=/Users/jocastab/Projects/CPP3_BrickGame_v2.0/build/CMakeFiles/CMakeTmp -ferror-limit 19 -stack-protector 1 -fstack-check -mdarwin-stkchk-strong-link -fblocks -fencode-extended-block-signature -fregister-global-dtors-with-atexit -fgnuc-version=4.2.1 -fno-cxx-modules -fcxx-exceptions -fexceptions -fmax-type-align=16 -fcommon -clang-vendor-feature=+disableNonDependentMemberExprInCurrentInstantiation -fno-odr-hash-protocols -clang-vendor-feature=+enableAggressiveVLAFolding -clang-vendor-feature=+revert09abecef7bbf -clang-vendor-feature=+thisNoAlignAttr -clang-vendor-feature=+thisNoNullAttr -mllvm -disable-aligned-alloc-awareness=1 -D__GCC_HAVE_DWARF2_CFI_ASM=1 -o CMakeFiles/cmTC_133f3.dir/CMakeCXXCompilerABI.cpp.o -x c++ /usr/local/share/cmake/Modules/CMakeCXXCompilerABI.cpp
clang -cc1 version 15.0.0 (clang-1500.1.0.2.5) default target x86_64-apple-darwin22.6.0
ignoring nonexistent directory "/Applications/Xcode.app/Contents/Developer/Platforms/MacOSX.platform/Developer/SDKs/MacOSX14.2.sdk/usr/local/include"
ignoring nonexistent directory "/Applications/Xcode.app/Contents/Developer/Platforms/MacOSX.platform/Developer/SDKs/MacOSX14.2.sdk/Library/Frameworks"
#include "..." search starts here:
#include <...> search starts here:
 /usr/local/include
 /Applications/Xcode.app/Contents/Developer/Platforms/MacOSX.platform/Developer/SDKs/MacOSX14.2.sdk/usr/include/c++/v1
 /Applications/Xcode.app/Contents/Developer/Toolchains/XcodeDefault.xctoolchain/usr/lib/clang/15.0.0/include
 /Applications/Xcode.app/Contents/Developer/Platforms/MacOSX.platform/Developer/SDKs/MacOSX14.2.sdk/usr/include
 /Applications/Xcode.app/Contents/Developer/Toolchains/XcodeDefault.xctoolchain/usr/include
 /Applications/Xcode.app/Contents/Developer/Platforms/MacOSX.platform/Developer/SDKs/MacOSX14.2.sdk/System/Library/Frameworks (framework directory)
End of search list.
Linking CXX executable cmTC_133f3
/usr/local/bin/cmake -E cmake_link_script CMakeFiles/cmTC_133f3.dir/link.txt --verbose=1
/Applications/Xcode.app/Contents/Developer/Toolchains/XcodeDefault.xctoolchain/usr/bin/c++  -isysroot /Applications/Xcode.app/Contents/Developer/Platforms/MacOSX.platform/Developer/SDKs/MacOSX14.2.sdk -mmacosx-version-min=13.6 -Wl,-search_paths_first -Wl,-headerpad_max_install_names  -v -Wl,-v CMakeFiles/cmTC_133f3.dir/CMakeCXXCompilerABI.cpp.o -o cmTC_133f3 
Apple clang version 15.0.0 (clang-1500.1.0.2.5)
Target: x86_64-apple-darwin22.6.0
Thread model: posix
InstalledDir: /Applications/Xcode.app/Contents/Developer/Toolchains/XcodeDefault.xctoolchain/usr/bin
 "/Applications/Xcode.app/Contents/Developer/Toolchains/XcodeDefault.xctoolchain/usr/bin/ld" -demangle -lto_library /Applications/Xcode.app/Contents/Developer/Toolchains/XcodeDefault.xctoolchain/usr/lib/libLTO.dylib -dynamic -arch x86_64 -platform_version macos 13.6.0 14.2 -syslibroot /Applications/Xcode.app/Contents/Developer/Platforms/MacOSX.platform/Developer/SDKs/MacOSX14.2.sdk -o cmTC_133f3 -L/usr/local/Cellar/check/0.15.2/lib -L/usr/local/lib -search_paths_first -headerpad_max_install_names -v CMakeFiles/cmTC_133f3.dir/CMakeCXXCompilerABI.cpp.o -lc++ -lSystem /Applications/Xcode.app/Contents/Developer/Toolchains/XcodeDefault.xctoolchain/usr/lib/clang/15.0.0/lib/darwin/libclang_rt.osx.a
@(#)PROGRAM:ld  PROJECT:dyld-1022.1
BUILD 05:26:33 Dec  7 2023
configured to support archs: armv6 armv7 armv7s arm64 arm64e arm64_32 i386 x86_64 x86_64h
will use ld-classic for: armv6 armv7 armv7s arm64_32 i386 armv6m armv7k armv7m armv7em
LTO support using: LLVM version 15.0.0 (static support for 29, runtime is 29)
TAPI support using: Apple TAPI version 15.0.0 (tapi-1500.0.12.8)
Library search paths:
	/usr/local/Cellar/check/0.15.2/lib
	/usr/local/lib
Framework search paths:



Parsed CXX implicit include dir info from above output: rv=done
  found start of include info
  found start of implicit include info
    add: [/usr/local/include]
    add: [/Applications/Xcode.app/Contents/Developer/Platforms/MacOSX.platform/Developer/SDKs/MacOSX14.2.sdk/usr/include/c++/v1]
    add: [/Applications/Xcode.app/Contents/Developer/Toolchains/XcodeDefault.xctoolchain/usr/lib/clang/15.0.0/include]
    add: [/Applications/Xcode.app/Contents/Developer/Platforms/MacOSX.platform/Developer/SDKs/MacOSX14.2.sdk/usr/include]
    add: [/Applications/Xcode.app/Contents/Developer/Toolchains/XcodeDefault.xctoolchain/usr/include]
  end of search list found
  collapse include dir [/usr/local/include] ==> [/usr/local/include]
  collapse include dir [/Applications/Xcode.app/Contents/Developer/Platforms/MacOSX.platform/Developer/SDKs/MacOSX14.2.sdk/usr/include/c++/v1] ==> [/Applications/Xcode.app/Contents/Developer/Platforms/MacOSX.platform/Developer/SDKs/MacOSX14.2.sdk/usr/include/c++/v1]
  collapse include dir [/Applications/Xcode.app/Contents/Developer/Toolchains/XcodeDefault.xctoolchain/usr/lib/clang/15.0.0/include] ==> [/Applications/Xcode.app/Contents/Developer/Toolchains/XcodeDefault.xctoolchain/usr/lib/clang/15.0.0/include]
  collapse include dir [/Applications/Xcode.app/Contents/Developer/Platforms/MacOSX.platform/Developer/SDKs/MacOSX14.2.sdk/usr/include] ==> [/Applications/Xcode.app/Contents/Developer/Platforms/MacOSX.platform/Developer/SDKs/MacOSX14.2.sdk/usr/include]
  collapse include dir [/Applications/Xcode.app/Contents/Developer/Toolchains/XcodeDefault.xctoolchain/usr/include] ==> [/Applications/Xcode.app/Contents/Developer/Toolchains/XcodeDefault.xctoolchain/usr/include]
  implicit include dirs: [/usr/local/include;/Applications/Xcode.app/Contents/Developer/Platforms/MacOSX.platform/Developer/SDKs/MacOSX14.2.sdk/usr/include/c++/v1;/Applications/Xcode.app/Contents/Developer/Toolchains/XcodeDefault.xctoolchain/usr/lib/clang/15.0.0/include;/Applications/Xcode.app/Contents/Developer/Platforms/MacOSX.platform/Developer/SDKs/MacOSX14.2.sdk/usr/include;/Applications/Xcode.app/Contents/Developer/Toolchains/XcodeDefault.xctoolchain/usr/include]


Parsed CXX implicit link information from above output:
  link line regex: [^( *|.*[/\])(ld|CMAKE_LINK_STARTFILE-NOTFOUND|([^/\]+-)?ld|collect2)[^/\]*( |$)]
  ignore line: [Change Dir: /Users/jocastab/Projects/CPP3_BrickGame_v2.0/build/CMakeFiles/CMakeTmp]
  ignore line: []
  ignore line: [Run Build Command(s):/usr/bin/make -f Makefile cmTC_133f3/fast && /Applications/Xcode.app/Contents/Developer/usr/bin/make  -f CMakeFiles/cmTC_133f3.dir/build.make CMakeFiles/cmTC_133f3.dir/build]
  ignore line: [Building CXX object CMakeFiles/cmTC_133f3.dir/CMakeCXXCompilerABI.cpp.o]
  ignore line: [/Applications/Xcode.app/Contents/Developer/Toolchains/XcodeDefault.xctoolchain/usr/bin/c++   -isysroot /Applications/Xcode.app/Contents/Developer/Platforms/MacOSX.platform/Developer/SDKs/MacOSX14.2.sdk -mmacosx-version-min=13.6   -v -Wl -v -MD -MT CMakeFiles/cmTC_133f3.dir/CMakeCXXCompilerABI.cpp.o -MF CMakeFiles/cmTC_133f3.dir/CMakeCXXCompilerABI.cpp.o.d -o CMakeFiles/cmTC_133f3.dir/CMakeCXXCompilerABI.cpp.o -c /usr/local/share/cmake/Modules/CMakeCXXCompilerABI.cpp]
  ignore line: [Apple clang version 15.0.0 (clang-1500.1.0.2.5)]
  ignore line: [Target: x86_64-apple-darwin22.6.0]
  ignore line: [Thread model: posix]
  ignore line: [InstalledDir: /Applications/Xcode.app/Contents/Developer/Toolchains/XcodeDefault.xctoolchain/usr/bin]
  ignore line: [clang: warning: -Wl -v: 'linker' input unused [-Wunused-command-line-argument]]
  ignore line: [ "/Applications/Xcode.app/Contents/Developer/Toolchains/XcodeDefault.xctoolchain/usr/bin/clang" -cc1 -triple x86_64-apple-macosx13.6.0 -Wundef-prefix=TARGET_OS_ -Wdeprecated-objc-isa-usage -Werror=deprecated-objc-isa-usage -Werror=implicit-function-declaration -emit-obj -mrelax-all --mrelax-relocations -disable-free -clear-ast-before-backend -disable-llvm-verifier -discard-value-names -main-file-name CMakeCXXCompilerABI.cpp -mrelocation-model pic -pic-level 2 -mframe-pointer=all -fno-strict-return -ffp-contract=on -fno-rounding-math -funwind-tables=2 -target-sdk-version=14.2 -fvisibility-inlines-hidden-static-local-var -target-cpu penryn -tune-cpu generic -mllvm -treat-scalable-fixed-error-as-warning -debugger-tuning=lldb -target-linker-version 1022.1 -v -fcoverage-compilation-dir=/Users/jocastab/Projects/CPP3_BrickGame_v2.0/build/CMakeFiles/CMakeTmp -resource-dir /Applications/Xcode.app/Contents/Developer/Toolchains/XcodeDefault.xctoolchain/usr/lib/clang/15.0.0 -dependency-file CMakeFiles/cmTC_133f3.dir/CMakeCXXCompilerABI.cpp.o.d -skip-unused-modulemap-deps -MT CMakeFiles/cmTC_133f3.dir/CMakeCXXCompilerABI.cpp.o -sys-header-deps -isysroot /Applications/Xcode.app/Contents/Developer/Platforms/MacOSX.platform/Developer/SDKs/MacOSX14.2.sdk -c-isystem /usr/local/include/ -cxx-isystem /usr/local/include/ -internal-isystem /Applications/Xcode.app/Contents/Developer/Platforms/MacOSX.platform/Developer/SDKs/MacOSX14.2.sdk/usr/include/c++/v1 -internal-isystem /Applications/Xcode.app/Contents/Developer/Platforms/MacOSX.platform/Developer/SDKs/MacOSX14.2.sdk/usr/local/include -internal-isystem /Applications/Xcode.app/Contents/Developer/Toolchains/XcodeDefault.xctoolchain/usr/lib/clang/15.0.0/include -internal-externc-isystem /Applications/Xcode.app/Contents/Developer/Platforms/MacOSX.platform/Developer/SDKs/MacOSX14.2.sdk/usr/include -internal-externc-isystem /Applications/Xcode.app/Contents/Developer/Toolchains/XcodeDefault.xctoolchain/usr/include -Wno-reorder-init-list -Wno-implicit-int-float-conversion -Wno-c99-designator -Wno-final-dtor-non-final-class -Wno-extra-semi-stmt -Wno-misleading-indentation -Wno-quoted-include-in-framework-header -Wno-implicit-fallthrough -Wno-enum-enum-conversion -Wno-enum-float-conversion -Wno-elaborated-enum-base -Wno-reserved-identifier -Wno-gnu-folding-constant -fdeprecated-macro -fdebug-compilation-dir=/Users/jocastab/Projects/CPP3_BrickGame_v2.0/build/CMakeFiles/CMakeTmp -ferror-limit 19 -stack-protector 1 -fstack-check -mdarwin-stkchk-strong-link -fblocks -fencode-extended-block-signature -fregister-global-dtors-with-atexit -fgnuc-version=4.2.1 -fno-cxx-modules -fcxx-exceptions -fexceptions -fmax-type-align=16 -fcommon -clang-vendor-feature=+disableNonDependentMemberExprInCurrentInstantiation -fno-odr-hash-protocols -clang-vendor-feature=+enableAggressiveVLAFolding -clang-vendor-feature=+revert09abecef7bbf -clang-vendor-feature=+thisNoAlignAttr -clang-vendor-feature=+thisNoNullAttr -mllvm -disable-aligned-alloc-awareness=1 -D__GCC_HAVE_DWARF2_CFI_ASM=1 -o CMakeFiles/cmTC_133f3.dir/CMakeCXXCompilerABI.cpp.o -x c++ /usr/local/share/cmake/Modules/CMakeCXXCompilerABI.cpp]
  ignore line: [clang -cc1 version 15.0.0 (clang-1500.1.0.2.5) default target x86_64-apple-darwin22.6.0]
  ignore line: [ignoring nonexistent directory "/Applications/Xcode.app/Contents/Developer/Platforms/MacOSX.platform/Developer/SDKs/MacOSX14.2.sdk/usr/local/include"]
  ignore line: [ignoring nonexistent directory "/Applications/Xcode.app/Contents/Developer/Platforms/MacOSX.platform/Developer/SDKs/MacOSX14.2.sdk/Library/Frameworks"]
  ignore line: [#include "..." search starts here:]
  ignore line: [#include <...> search starts here:]
  ignore line: [ /usr/local/include]
  ignore line: [ /Applications/Xcode.app/Contents/Developer/Platforms/MacOSX.platform/Developer/SDKs/MacOSX14.2.sdk/usr/include/c++/v1]
  ignore line: [ /Applications/Xcode.app/Contents/Developer/Toolchains/XcodeDefault.xctoolchain/usr/lib/clang/15.0.0/include]
  ignore line: [ /Applications/Xcode.app/Contents/Developer/Platforms/MacOSX.platform/Developer/SDKs/MacOSX14.2.sdk/usr/include]
  ignore line: [ /Applications/Xcode.app/Contents/Developer/Toolchains/XcodeDefault.xctoolchain/usr/include]
  ignore line: [ /Applications/Xcode.app/Contents/Developer/Platforms/MacOSX.platform/Developer/SDKs/MacOSX14.2.sdk/System/Library/Frameworks (framework directory)]
  ignore line: [End of search list.]
  ignore line: [Linking CXX executable cmTC_133f3]
  ignore line: [/usr/local/bin/cmake -E cmake_link_script CMakeFiles/cmTC_133f3.dir/link.txt --verbose=1]
  ignore line: [/Applications/Xcode.app/Contents/Developer/Toolchains/XcodeDefault.xctoolchain/usr/bin/c++  -isysroot /Applications/Xcode.app/Contents/Developer/Platforms/MacOSX.platform/Developer/SDKs/MacOSX14.2.sdk -mmacosx-version-min=13.6 -Wl -search_paths_first -Wl -headerpad_max_install_names  -v -Wl -v CMakeFiles/cmTC_133f3.dir/CMakeCXXCompilerABI.cpp.o -o cmTC_133f3 ]
  ignore line: [Apple clang version 15.0.0 (clang-1500.1.0.2.5)]
  ignore line: [Target: x86_64-apple-darwin22.6.0]
  ignore line: [Thread model: posix]
  ignore line: [InstalledDir: /Applications/Xcode.app/Contents/Developer/Toolchains/XcodeDefault.xctoolchain/usr/bin]
  link line: [ "/Applications/Xcode.app/Contents/Developer/Toolchains/XcodeDefault.xctoolchain/usr/bin/ld" -demangle -lto_library /Applications/Xcode.app/Contents/Developer/Toolchains/XcodeDefault.xctoolchain/usr/lib/libLTO.dylib -dynamic -arch x86_64 -platform_version macos 13.6.0 14.2 -syslibroot /Applications/Xcode.app/Contents/Developer/Platforms/MacOSX.platform/Developer/SDKs/MacOSX14.2.sdk -o cmTC_133f3 -L/usr/local/Cellar/check/0.15.2/lib -L/usr/local/lib -search_paths_first -headerpad_max_install_names -v CMakeFiles/cmTC_133f3.dir/CMakeCXXCompilerABI.cpp.o -lc++ -lSystem /Applications/Xcode.app/Contents/Developer/Toolchains/XcodeDefault.xctoolchain/usr/lib/clang/15.0.0/lib/darwin/libclang_rt.osx.a]
    arg [/Applications/Xcode.app/Contents/Developer/Toolchains/XcodeDefault.xctoolchain/usr/bin/ld] ==> ignore
    arg [-demangle] ==> ignore
    arg [-lto_library] ==> ignore, skip following value
    arg [/Applications/Xcode.app/Contents/Developer/Toolchains/XcodeDefault.xctoolchain/usr/lib/libLTO.dylib] ==> skip value of -lto_library
    arg [-dynamic] ==> ignore
    arg [-arch] ==> ignore
    arg [x86_64] ==> ignore
    arg [-platform_version] ==> ignore
    arg [macos] ==> ignore
    arg [13.6.0] ==> ignore
    arg [14.2] ==> ignore
    arg [-syslibroot] ==> ignore
    arg [/Applications/Xcode.app/Contents/Developer/Platforms/MacOSX.platform/Developer/SDKs/MacOSX14.2.sdk] ==> ignore
    arg [-o] ==> ignore
    arg [cmTC_133f3] ==> ignore
    arg [-L/usr/local/Cellar/check/0.15.2/lib] ==> dir [/usr/local/Cellar/check/0.15.2/lib]
    arg [-L/usr/local/lib] ==> dir [/usr/local/lib]
    arg [-search_paths_first] ==> ignore
    arg [-headerpad_max_install_names] ==> ignore
    arg [-v] ==> ignore
    arg [CMakeFiles/cmTC_133f3.dir/CMakeCXXCompilerABI.cpp.o] ==> ignore
    arg [-lc++] ==> lib [c++]
    arg [-lSystem] ==> lib [System]
    arg [/Applications/Xcode.app/Contents/Developer/Toolchains/XcodeDefault.xctoolchain/usr/lib/clang/15.0.0/lib/darwin/libclang_rt.osx.a] ==> lib [/Applications/Xcode.app/Contents/Developer/Toolchains/XcodeDefault.xctoolchain/usr/lib/clang/15.0.0/lib/darwin/libclang_rt.osx.a]
  Library search paths: [;/usr/local/Cellar/check/0.15.2/lib;/usr/local/lib]
  remove lib [System]
  remove lib [/Applications/Xcode.app/Contents/Developer/Toolchains/XcodeDefault.xctoolchain/usr/lib/clang/15.0.0/lib/darwin/libclang_rt.osx.a]
  collapse library dir [/usr/local/Cellar/check/0.15.2/lib] ==> [/usr/local/Cellar/check/0.15.2/lib]
  collapse library dir [/usr/local/lib] ==> [/usr/local/lib]
  collapse library dir [/usr/local/Cellar/check/0.15.2/lib] ==> [/usr/local/Cellar/check/0.15.2/lib]
  collapse library dir [/usr/local/lib] ==> [/usr/local/lib]
  implicit libs: [c++]
  implicit objs: []
  implicit dirs: [/usr/local/Cellar/check/0.15.2/lib;/usr/local/lib]
  implicit fwks: []


Determining if the include file pthread.h exists passed with the following output:
Change Dir: /Users/jocastab/Projects/CPP3_BrickGame_v2.0/build/CMakeFiles/CMakeTmp

Run Build Command(s):/usr/bin/make -f Makefile cmTC_5855a/fast && /Applications/Xcode.app/Contents/Developer/usr/bin/make  -f CMakeFiles/cmTC_5855a.dir/build.make CMakeFiles/cmTC_5855a.dir/build
Building C object CMakeFiles/cmTC_5855a.dir/CheckIncludeFile.c.o
/Applications/Xcode.app/Contents/Developer/Toolchains/XcodeDefault.xctoolchain/usr/bin/cc   -isysroot /Applications/Xcode.app/Contents/Developer/Platforms/MacOSX.platform/Developer/SDKs/MacOSX14.2.sdk -mmacosx-version-min=13.6 -MD -MT CMakeFiles/cmTC_5855a.dir/CheckIncludeFile.c.o -MF CMakeFiles/cmTC_5855a.dir/CheckIncludeFile.c.o.d -o CMakeFiles/cmTC_5855a.dir/CheckIncludeFile.c.o -c /Users/jocastab/Projects/CPP3_BrickGame_v2.0/build/CMakeFiles/CMakeTmp/CheckIncludeFile.c
Linking C executable cmTC_5855a
/usr/local/bin/cmake -E cmake_link_script CMakeFiles/cmTC_5855a.dir/link.txt --verbose=1
/Applications/Xcode.app/Contents/Developer/Toolchains/XcodeDefault.xctoolchain/usr/bin/cc  -isysroot /Applications/Xcode.app/Contents/Developer/Platforms/MacOSX.platform/Developer/SDKs/MacOSX14.2.sdk -mmacosx-version-min=13.6 -Wl,-search_paths_first -Wl,-headerpad_max_install_names CMakeFiles/cmTC_5855a.dir/CheckIncludeFile.c.o -o cmTC_5855a 



Performing C SOURCE FILE Test CMAKE_HAVE_LIBC_PTHREAD succeeded with the following output:
Change Dir: /Users/jocastab/Projects/CPP3_BrickGame_v2.0/build/CMakeFiles/CMakeTmp

Run Build Command(s):/usr/bin/make -f Makefile cmTC_4cbbc/fast && /Applications/Xcode.app/Contents/Developer/usr/bin/make  -f CMakeFiles/cmTC_4cbbc.dir/build.make CMakeFiles/cmTC_4cbbc.dir/build
Building C object CMakeFiles/cmTC_4cbbc.dir/src.c.o
/Applications/Xcode.app/Contents/Developer/Toolchains/XcodeDefault.xctoolchain/usr/bin/cc -DCMAKE_HAVE_LIBC_PTHREAD  -isysroot /Applications/Xcode.app/Contents/Developer/Platforms/MacOSX.platform/Developer/SDKs/MacOSX14.2.sdk -mmacosx-version-min=13.6 -MD -MT CMakeFiles/cmTC_4cbbc.dir/src.c.o -MF CMakeFiles/cmTC_4cbbc.dir/src.c.o.d -o CMakeFiles/cmTC_4cbbc.dir/src.c.o -c /Users/jocastab/Projects/CPP3_BrickGame_v2.0/build/CMakeFiles/CMakeTmp/src.c
Linking C executable cmTC_4cbbc
/usr/local/bin/cmake -E cmake_link_script CMakeFiles/cmTC_4cbbc.dir/link.txt --verbose=1
/Applications/Xcode.app/Contents/Developer/Toolchains/XcodeDefault.xctoolchain/usr/bin/cc  -isysroot /Applications/Xcode.app/Contents/Developer/Platforms/MacOSX.platform/Developer/SDKs/MacOSX14.2.sdk -mmacosx-version-min=13.6 -Wl,-search_paths_first -Wl,-headerpad_max_install_names CMakeFiles/cmTC_4cbbc.dir/src.c.o -o cmTC_4cbbc 


Source file was:
#include <pthread.h>

static void* test_func(void* data)
{
  return data;
}

int main(void)
{
  pthread_t thread;
  pthread_create(&thread, NULL, test_func, NULL);
  pthread_detach(thread);
  pthread_cancel(thread);
  pthread_join(thread, NULL);
  pthread_atfork(NULL, NULL, NULL);
  pthread_exit(NULL);

  return 0;
}

Performing C++ SOURCE FILE Test HAVE_STDATOMIC succeeded with the following output:
Change Dir: /Users/jocastab/Projects/CPP3_BrickGame_v2.0/build/CMakeFiles/CMakeTmp

Run Build Command(s):/usr/bin/make -f Makefile cmTC_a8e22/fast && /Applications/Xcode.app/Contents/Developer/usr/bin/make  -f CMakeFiles/cmTC_a8e22.dir/build.make CMakeFiles/cmTC_a8e22.dir/build
Building CXX object CMakeFiles/cmTC_a8e22.dir/src.cxx.o
/Applications/Xcode.app/Contents/Developer/Toolchains/XcodeDefault.xctoolchain/usr/bin/c++ -DHAVE_STDATOMIC  -isysroot /Applications/Xcode.app/Contents/Developer/Platforms/MacOSX.platform/Developer/SDKs/MacOSX14.2.sdk -mmacosx-version-min=13.6 -std=gnu++17 -MD -MT CMakeFiles/cmTC_a8e22.dir/src.cxx.o -MF CMakeFiles/cmTC_a8e22.dir/src.cxx.o.d -o CMakeFiles/cmTC_a8e22.dir/src.cxx.o -c /Users/jocastab/Projects/CPP3_BrickGame_v2.0/build/CMakeFiles/CMakeTmp/src.cxx
Linking CXX executable cmTC_a8e22
/usr/local/bin/cmake -E cmake_link_script CMakeFiles/cmTC_a8e22.dir/link.txt --verbose=1
/Applications/Xcode.app/Contents/Developer/Toolchains/XcodeDefault.xctoolchain/usr/bin/c++  -isysroot /Applications/Xcode.app/Contents/Developer/Platforms/MacOSX.platform/Developer/SDKs/MacOSX14.2.sdk -mmacosx-version-min=13.6 -Wl,-search_paths_first -Wl,-headerpad_max_install_names CMakeFiles/cmTC_a8e22.dir/src.cxx.o -o cmTC_a8e22 


Source file was:
#include <atomic>
#include <cstdint>

int main(int, char **)
{
    volatile std::atomic<char>    size_1;
    volatile std::atomic<short>   size_2;
    volatile std::atomic<int>     size_4;
    volatile std::atomic<int64_t> size_8;

    ++size_1;
    ++size_2;
    ++size_4;
    ++size_8;

    (void)size_1.load(std::memory_order_relaxed);
    (void)size_2.load(std::memory_order_relaxed);
    (void)size_4.load(std::memory_order_relaxed);
    (void)size_8.load(std::memory_order_relaxed);

    return 0;
}
The system is: Darwin - 22.6.0 - x86_64
Compiling the C compiler identification source file "CMakeCCompilerId.c" succeeded.
Compiler: /Applications/Xcode.app/Contents/Developer/Toolchains/XcodeDefault.xctoolchain/usr/bin/cc 
Build flags: 
Id flags: -c 

The output was:
0


Compilation of the C compiler identification source "CMakeCCompilerId.c" produced "CMakeCCompilerId.o"

The C compiler identification is AppleClang, found in "/Users/jocastab/Projects/CPP3_BrickGame_v2.0/build/CMakeFiles/3.23.0/CompilerIdC/CMakeCCompilerId.o"

Compiling the CXX compiler identification source file "CMakeCXXCompilerId.cpp" succeeded.
Compiler: /Applications/Xcode.app/Contents/Developer/Toolchains/XcodeDefault.xctoolchain/usr/bin/c++ 
Build flags: 
Id flags: -c 

The output was:
0


Compilation of the CXX compiler identification source "CMakeCXXCompilerId.cpp" produced "CMakeCXXCompilerId.o"

The CXX compiler identification is AppleClang, found in "/Users/jocastab/Projects/CPP3_BrickGame_v2.0/build/CMakeFiles/3.23.0/CompilerIdCXX/CMakeCXXCompilerId.o"

Detecting C compiler ABI info compiled with the following output:
Change Dir: /Users/jocastab/Projects/CPP3_BrickGame_v2.0/build/CMakeFiles/CMakeTmp

Run Build Command(s):/usr/bin/make -f Makefile cmTC_f0cd9/fast && /Applications/Xcode.app/Contents/Developer/usr/bin/make  -f CMakeFiles/cmTC_f0cd9.dir/build.make CMakeFiles/cmTC_f0cd9.dir/build
Building C object CMakeFiles/cmTC_f0cd9.dir/CMakeCCompilerABI.c.o
/Applications/Xcode.app/Contents/Developer/Toolchains/XcodeDefault.xctoolchain/usr/bin/cc   -isysroot /Applications/Xcode.app/Contents/Developer/Platforms/MacOSX.platform/Developer/SDKs/MacOSX14.2.sdk -mmacosx-version-min=13.6   -v -Wl,-v -MD -MT CMakeFiles/cmTC_f0cd9.dir/CMakeCCompilerABI.c.o -MF CMakeFiles/cmTC_f0cd9.dir/CMakeCCompilerABI.c.o.d -o CMakeFiles/cmTC_f0cd9.dir/CMakeCCompilerABI.c.o -c /usr/local/share/cmake/Modules/CMakeCCompilerABI.c
Apple clang version 15.0.0 (clang-1500.1.0.2.5)
Target: x86_64-apple-darwin22.6.0
Thread model: posix
InstalledDir: /Applications/Xcode.app/Contents/Developer/Toolchains/XcodeDefault.xctoolchain/usr/bin
clang: warning: -Wl,-v: 'linker' input unused [-Wunused-command-line-argument]
 "/Applications/Xcode.app/Contents/Developer/Toolchains/XcodeDefault.xctoolchain/usr/bin/clang" -cc1 -triple x86_64-apple-macosx13.6.0 -Wundef-prefix=TARGET_OS_ -Wdeprecated-objc-isa-usage -Werror=deprecated-objc-isa-usage -Werror=implicit-function-declaration -emit-obj -mrelax-all --mrelax-relocations -disable-free -clear-ast-before-backend -disable-llvm-verifier -discard-value-names -main-file-name CMakeCCompilerABI.c -mrelocation-model pic -pic-level 2 -mframe-pointer=all -fno-strict-return -ffp-contract=on -fno-rounding-math -funwind-tables=2 -target-sdk-version=14.2 -fvisibility-inlines-hidden-static-local-var -target-cpu penryn -tune-cpu generic -mllvm -treat-scalable-fixed-error-as-warning -debugger-tuning=lldb -target-linker-version 1022.1 -v -fcoverage-compilation-dir=/Users/jocastab/Projects/CPP3_BrickGame_v2.0/build/CMakeFiles/CMakeTmp -resource-dir /Applications/Xcode.app/Contents/Developer/Toolchains/XcodeDefault.xctoolchain/usr/lib/clang/15.0.0 -dependency-file CMakeFiles/cmTC_f0cd9.dir/CMakeCCompilerABI.c.o.d -skip-unused-modulemap-deps -MT CMakeFiles/cmTC_f0cd9.dir/CMakeCCompilerABI.c.o -sys-header-deps -isysroot /Applications/Xcode.app/Contents/Developer/Platforms/MacOSX.platform/Developer/SDKs/MacOSX14.2.sdk -c-isystem /usr/local/include/ -cxx-isystem /usr/local/include/ -internal-isystem /Applications/Xcode.app/Contents/Developer/Platforms/MacOSX.platform/Developer/SDKs/MacOSX14.2.sdk/usr/local/include -internal-isystem /Applications/Xcode.app/Contents/Developer/Toolchains/XcodeDefault.xctoolchain/usr/lib/clang/15.0.0/include -internal-externc-isystem /Applications/Xcode.app/Contents/Developer/Platforms/MacOSX.platform/Developer/SDKs/MacOSX14.2.sdk/usr/include -internal-externc-isystem /Applications/Xcode.app/Contents/Developer/Toolchains/XcodeDefault.xctoolchain/usr/include -Wno-reorder-init-list -Wno-implicit-int-float-conversion -Wno-c99-designator -Wno-final-dtor-non-final-class -Wno-extra-semi-stmt -Wno-misleading-indentation -Wno-quoted-include-in-framework-header -Wno-implicit-fallthrough -Wno-enum-enum-conversion -Wno-enum-float-conversion -Wno-elaborated-enum-base -Wno-reserved-identifier -Wno-gnu-folding-constant -fdebug-compilation-dir=/Users/jocastab/Projects/CPP3_BrickGame_v2.0/build/CMakeFiles/CMakeTmp -ferror-limit 19 -stack-protector 1 -fstack-check -mdarwin-stkchk-strong-link -fblocks -fencode-extended-block-signature -fregister-global-dtors-with-atexit -fgnuc-version=4.2.1 -fmax-type-align=16 -fcommon -clang-vendor-feature=+disableNonDependentMemberExprInCurrentInstantiation -fno-odr-hash-protocols -clang-vendor-feature=+enableAggressiveVLAFolding -clang-vendor-feature=+revert09abecef7bbf -clang-vendor-feature=+thisNoAlignAttr -clang-vendor-feature=+thisNoNullAttr -mllvm -disable-aligned-alloc-awareness=1 -D__GCC_HAVE_DWARF2_CFI_ASM=1 -o CMakeFiles/cmTC_f0cd9.dir/CMakeCCompilerABI.c.o -x c /usr/local/share/cmake/Modules/CMakeCCompilerABI.c
clang -cc1 version 15.0.0 (clang-1500.1.0.2.5) default target x86_64-apple-darwin22.6.0
ignoring nonexistent directory "/Applications/Xcode.app/Contents/Developer/Platforms/MacOSX.platform/Developer/SDKs/MacOSX14.2.sdk/usr/local/include"
ignoring nonexistent directory "/Applications/Xcode.app/Contents/Developer/Platforms/MacOSX.platform/Developer/SDKs/MacOSX14.2.sdk/Library/Frameworks"
#include "..." search starts here:
#include <...> search starts here:
 /usr/local/include
 /Applications/Xcode.app/Contents/Developer/Toolchains/XcodeDefault.xctoolchain/usr/lib/clang/15.0.0/include
 /Applications/Xcode.app/Contents/Developer/Platforms/MacOSX.platform/Developer/SDKs/MacOSX14.2.sdk/usr/include
 /Applications/Xcode.app/Contents/Developer/Toolchains/XcodeDefault.xctoolchain/usr/include
 /Applications/Xcode.app/Contents/Developer/Platforms/MacOSX.platform/Developer/SDKs/MacOSX14.2.sdk/System/Library/Frameworks (framework directory)
End of search list.
Linking C executable cmTC_f0cd9
/usr/local/bin/cmake -E cmake_link_script CMakeFiles/cmTC_f0cd9.dir/link.txt --verbose=1
/Applications/Xcode.app/Contents/Developer/Toolchains/XcodeDefault.xctoolchain/usr/bin/cc  -isysroot /Applications/Xcode.app/Contents/Developer/Platforms/MacOSX.platform/Developer/SDKs/MacOSX14.2.sdk -mmacosx-version-min=13.6 -Wl,-search_paths_first -Wl,-headerpad_max_install_names  -v -Wl,-v CMakeFiles/cmTC_f0cd9.dir/CMakeCCompilerABI.c.o -o cmTC_f0cd9 
Apple clang version 15.0.0 (clang-1500.1.0.2.5)
Target: x86_64-apple-darwin22.6.0
Thread model: posix
InstalledDir: /Applications/Xcode.app/Contents/Developer/Toolchains/XcodeDefault.xctoolchain/usr/bin
 "/Applications/Xcode.app/Contents/Developer/Toolchains/XcodeDefault.xctoolchain/usr/bin/ld" -demangle -lto_library /Applications/Xcode.app/Contents/Developer/Toolchains/XcodeDefault.xctoolchain/usr/lib/libLTO.dylib -dynamic -arch x86_64 -platform_version macos 13.6.0 14.2 -syslibroot /Applications/Xcode.app/Contents/Developer/Platforms/MacOSX.platform/Developer/SDKs/MacOSX14.2.sdk -o cmTC_f0cd9 -L/usr/local/Cellar/check/0.15.2/lib -L/usr/local/lib -search_paths_first -headerpad_max_install_names -v CMakeFiles/cmTC_f0cd9.dir/CMakeCCompilerABI.c.o -lSystem /Applications/Xcode.app/Contents/Developer/Toolchains/XcodeDefault.xctoolchain/usr/lib/clang/15.0.0/lib/darwin/libclang_rt.osx.a
@(#)PROGRAM:ld  PROJECT:dyld-1022.1
BUILD 05:26:33 Dec  7 2023
configured to support archs: armv6 armv7 armv7s arm64 arm64e arm64_32 i386 x86_64 x86_64h
will use ld-classic for: armv6 armv7 armv7s arm64_32 i386 armv6m armv7k armv7m armv7em
LTO support using: LLVM version 15.0.0 (static support for 29, runtime is 29)
TAPI support using: Apple TAPI version 15.0.0 (tapi-1500.0.12.8)
Library search paths:
	/usr/local/Cellar/check/0.15.2/lib
	/usr/local/lib
Framework search paths:



Parsed C implicit include dir info from above output: rv=done
  found start of include info
  found start of implicit include info
    add: [/usr/local/include]
    add: [/Applications/Xcode.app/Contents/Developer/Toolchains/XcodeDefault.xctoolchain/usr/lib/clang/15.0.0/include]
    add: [/Applications/Xcode.app/Contents/Developer/Platforms/MacOSX.platform/Developer/SDKs/MacOSX14.2.sdk/usr/include]
    add: [/Applications/Xcode.app/Contents/Developer/Toolchains/XcodeDefault.xctoolchain/usr/include]
  end of search list found
  collapse include dir [/usr/local/include] ==> [/usr/local/include]
  collapse include dir [/Applications/Xcode.app/Contents/Developer/Toolchains/XcodeDefault.xctoolchain/usr/lib/clang/15.0.0/include] ==> [/Applications/Xcode.app/Contents/Developer/Toolchains/XcodeDefault.xctoolchain/usr/lib/clang/15.0.0/include]
  collapse include dir [/Applications/Xcode.app/Contents/Developer/Platforms/MacOSX.platform/Developer/SDKs/MacOSX14.2.sdk/usr/include] ==> [/Applications/Xcode.app/Contents/Developer/Platforms/MacOSX.platform/Developer/SDKs/MacOSX14.2.sdk/usr/include]
  collapse include dir [/Applications/Xcode.app/Contents/Developer/Toolchains/XcodeDefault.xctoolchain/usr/include] ==> [/Applications/Xcode.app/Contents/Developer/Toolchains/XcodeDefault.xctoolchain/usr/include]
  implicit include dirs: [/usr/local/include;/Applications/Xcode.app/Contents/Developer/Toolchains/XcodeDefault.xctoolchain/usr/lib/clang/15.0.0/include;/Applications/Xcode.app/Contents/Developer/Platforms/MacOSX.platform/Developer/SDKs/MacOSX14.2.sdk/usr/include;/Applications/Xcode.app/Contents/Developer/Toolchains/XcodeDefault.xctoolchain/usr/include]


Parsed C implicit link information from above output:
  link line regex: [^( *|.*[/\])(ld|CMAKE_LINK_STARTFILE-NOTFOUND|([^/\]+-)?ld|collect2)[^/\]*( |$)]
  ignore line: [Change Dir: /Users/jocastab/Projects/CPP3_BrickGame_v2.0/build/CMakeFiles/CMakeTmp]
  ignore line: []
  ignore line: [Run Build Command(s):/usr/bin/make -f Makefile cmTC_f0cd9/fast && /Applications/Xcode.app/Contents/Developer/usr/bin/make  -f CMakeFiles/cmTC_f0cd9.dir/build.make CMakeFiles/cmTC_f0cd9.dir/build]
  ignore line: [Building C object CMakeFiles/cmTC_f0cd9.dir/CMakeCCompilerABI.c.o]
  ignore line: [/Applications/Xcode.app/Contents/Developer/Toolchains/XcodeDefault.xctoolchain/usr/bin/cc   -isysroot /Applications/Xcode.app/Contents/Developer/Platforms/MacOSX.platform/Developer/SDKs/MacOSX14.2.sdk -mmacosx-version-min=13.6   -v -Wl -v -MD -MT CMakeFiles/cmTC_f0cd9.dir/CMakeCCompilerABI.c.o -MF CMakeFiles/cmTC_f0cd9.dir/CMakeCCompilerABI.c.o.d -o CMakeFiles/cmTC_f0cd9.dir/CMakeCCompilerABI.c.o -c /usr/local/share/cmake/Modules/CMakeCCompilerABI.c]
  ignore line: [Apple clang version 15.0.0 (clang-1500.1.0.2.5)]
  ignore line: [Target: x86_64-apple-darwin22.6.0]
  ignore line: [Thread model: posix]
  ignore line: [InstalledDir: /Applications/Xcode.app/Contents/Developer/Toolchains/XcodeDefault.xctoolchain/usr/bin]
  ignore line: [clang: warning: -Wl -v: 'linker' input unused [-Wunused-command-line-argument]]
  ignore line: [ "/Applications/Xcode.app/Contents/Developer/Toolchains/XcodeDefault.xctoolchain/usr/bin/clang" -cc1 -triple x86_64-apple-macosx13.6.0 -Wundef-prefix=TARGET_OS_ -Wdeprecated-objc-isa-usage -Werror=deprecated-objc-isa-usage -Werror=implicit-function-declaration -emit-obj -mrelax-all --mrelax-relocations -disable-free -clear-ast-before-backend -disable-llvm-verifier -discard-value-names -main-file-name CMakeCCompilerABI.c -mrelocation-model pic -pic-level 2 -mframe-pointer=all -fno-strict-return -ffp-contract=on -fno-rounding-math -funwind-tables=2 -target-sdk-version=14.2 -fvisibility-inlines-hidden-static-local-var -target-cpu penryn -tune-cpu generic -mllvm -treat-scalable-fixed-error-as-warning -debugger-tuning=lldb -target-linker-version 1022.1 -v -fcoverage-compilation-dir=/Users/jocastab/Projects/CPP3_BrickGame_v2.0/build/CMakeFiles/CMakeTmp -resource-dir /Applications/Xcode.app/Contents/Developer/Toolchains/XcodeDefault.xctoolchain/usr/lib/clang/15.0.0 -dependency-file CMakeFiles/cmTC_f0cd9.dir/CMakeCCompilerABI.c.o.d -skip-unused-modulemap-deps -MT CMakeFiles/cmTC_f0cd9.dir/CMakeCCompilerABI.c.o -sys-header-deps -isysroot /Applications/Xcode.app/Contents/Developer/Platforms/MacOSX.platform/Developer/SDKs/MacOSX14.2.sdk -c-isystem /usr/local/include/ -cxx-isystem /usr/local/include/ -internal-isystem /Applications/Xcode.app/Contents/Developer/Platforms/MacOSX.platform/Developer/SDKs/MacOSX14.2.sdk/usr/local/include -internal-isystem /Applications/Xcode.app/Contents/Developer/Toolchains/XcodeDefault.xctoolchain/usr/lib/clang/15.0.0/include -internal-externc-isystem /Applications/Xcode.app/Contents/Developer/Platforms/MacOSX.platform/Developer/SDKs/MacOSX14.2.sdk/usr/include -internal-externc-isystem /Applications/Xcode.app/Contents/Developer/Toolchains/XcodeDefault.xctoolchain/usr/include -Wno-reorder-init-list -Wno-implicit-int-float-conversion -Wno-c99-designator -Wno-final-dtor-non-final-class -Wno-extra-semi-stmt -Wno-misleading-indentation -Wno-quoted-include-in-framework-header -Wno-implicit-fallthrough -Wno-enum-enum-conversion -Wno-enum-float-conversion -Wno-elaborated-enum-base -Wno-reserved-identifier -Wno-gnu-folding-constant -fdebug-compilation-dir=/Users/jocastab/Projects/CPP3_BrickGame_v2.0/build/CMakeFiles/CMakeTmp -ferror-limit 19 -stack-protector 1 -fstack-check -mdarwin-stkchk-strong-link -fblocks -fencode-extended-block-signature -fregister-global-dtors-with-atexit -fgnuc-version=4.2.1 -fmax-type-align=16 -fcommon -clang-vendor-feature=+disableNonDependentMemberExprInCurrentInstantiation -fno-odr-hash-protocols -clang-vendor-feature=+enableAggressiveVLAFolding -clang-vendor-feature=+revert09abecef7bbf -clang-vendor-feature=+thisNoAlignAttr -clang-vendor-feature=+thisNoNullAttr -mllvm -disable-aligned-alloc-awareness=1 -D__GCC_HAVE_DWARF2_CFI_ASM=1 -o CMakeFiles/cmTC_f0cd9.dir/CMakeCCompilerABI.c.o -x c /usr/local/share/cmake/Modules/CMakeCCompilerABI.c]
  ignore line: [clang -cc1 version 15.0.0 (clang-1500.1.0.2.5) default target x86_64-apple-darwin22.6.0]
  ignore line: [ignoring nonexistent directory "/Applications/Xcode.app/Contents/Developer/Platforms/MacOSX.platform/Developer/SDKs/MacOSX14.2.sdk/usr/local/include"]
  ignore line: [ignoring nonexistent directory "/Applications/Xcode.app/Contents/Developer/Platforms/MacOSX.platform/Developer/SDKs/MacOSX14.2.sdk/Library/Frameworks"]
  ignore line: [#include "..." search starts here:]
  ignore line: [#include <...> search starts here:]
  ignore line: [ /usr/local/include]
  ignore line: [ /Applications/Xcode.app/Contents/Developer/Toolchains/XcodeDefault.xctoolchain/usr/lib/clang/15.0.0/include]
  ignore line: [ /Applications/Xcode.app/Contents/Developer/Platforms/MacOSX.platform/Developer/SDKs/MacOSX14.2.sdk/usr/include]
  ignore line: [ /Applications/Xcode.app/Contents/Developer/Toolchains/XcodeDefault.xctoolchain/usr/include]
  ignore line: [ /Applications/Xcode.app/Contents/Developer/Platforms/MacOSX.platform/Developer/SDKs/MacOSX14.2.sdk/System/Library/Frameworks (framework directory)]
  ignore line: [End of search list.]
  ignore line: [Linking C executable cmTC_f0cd9]
  ignore line: [/usr/local/bin/cmake -E cmake_link_script CMakeFiles/cmTC_f0cd9.dir/link.txt --verbose=1]
  ignore line: [/Applications/Xcode.app/Contents/Developer/Toolchains/XcodeDefault.xctoolchain/usr/bin/cc  -isysroot /Applications/Xcode.app/Contents/Developer/Platforms/MacOSX.platform/Developer/SDKs/MacOSX14.2.sdk -mmacosx-version-min=13.6 -Wl -search_paths_first -Wl -headerpad_max_install_names  -v -Wl -v CMakeFiles/cmTC_f0cd9.dir/CMakeCCompilerABI.c.o -o cmTC_f0cd9 ]
  ignore line: [Apple clang version 15.0.0 (clang-1500.1.0.2.5)]
  ignore line: [Target: x86_64-apple-darwin22.6.0]
  ignore line: [Thread model: posix]
  ignore line: [InstalledDir: /Applications/Xcode.app/Contents/Developer/Toolchains/XcodeDefault.xctoolchain/usr/bin]
  link line: [ "/Applications/Xcode.app/Contents/Developer/Toolchains/XcodeDefault.xctoolchain/usr/bin/ld" -demangle -lto_library /Applications/Xcode.app/Contents/Developer/Toolchains/XcodeDefault.xctoolchain/usr/lib/libLTO.dylib -dynamic -arch x86_64 -platform_version macos 13.6.0 14.2 -syslibroot /Applications/Xcode.app/Contents/Developer/Platforms/MacOSX.platform/Developer/SDKs/MacOSX14.2.sdk -o cmTC_f0cd9 -L/usr/local/Cellar/check/0.15.2/lib -L/usr/local/lib -search_paths_first -headerpad_max_install_names -v CMakeFiles/cmTC_f0cd9.dir/CMakeCCompilerABI.c.o -lSystem /Applications/Xcode.app/Contents/Developer/Toolchains/XcodeDefault.xctoolchain/usr/lib/clang/15.0.0/lib/darwin/libclang_rt.osx.a]
    arg [/Applications/Xcode.app/Contents/Developer/Toolchains/XcodeDefault.xctoolchain/usr/bin/ld] ==> ignore
    arg [-demangle] ==> ignore
    arg [-lto_library] ==> ignore, skip following value
    arg [/Applications/Xcode.app/Contents/Developer/Toolchains/XcodeDefault.xctoolchain/usr/lib/libLTO.dylib] ==> skip value of -lto_library
    arg [-dynamic] ==> ignore
    arg [-arch] ==> ignore
    arg [x86_64] ==> ignore
    arg [-platform_version] ==> ignore
    arg [macos] ==> ignore
    arg [13.6.0] ==> ignore
    arg [14.2] ==> ignore
    arg [-syslibroot] ==> ignore
    arg [/Applications/Xcode.app/Contents/Developer/Platforms/MacOSX.platform/Developer/SDKs/MacOSX14.2.sdk] ==> ignore
    arg [-o] ==> ignore
    arg [cmTC_f0cd9] ==> ignore
    arg [-L/usr/local/Cellar/check/0.15.2/lib] ==> dir [/usr/local/Cellar/check/0.15.2/lib]
    arg [-L/usr/local/lib] ==> dir [/usr/local/lib]
    arg [-search_paths_first] ==> ignore
    arg [-headerpad_max_install_names] ==> ignore
    arg [-v] ==> ignore
    arg [CMakeFiles/cmTC_f0cd9.dir/CMakeCCompilerABI.c.o] ==> ignore
    arg [-lSystem] ==> lib [System]
    arg [/Applications/Xcode.app/Contents/Developer/Toolchains/XcodeDefault.xctoolchain/usr/lib/clang/15.0.0/lib/darwin/libclang_rt.osx.a] ==> lib [/Applications/Xcode.app/Contents/Developer/Toolchains/XcodeDefault.xctoolchain/usr/lib/clang/15.0.0/lib/darwin/libclang_rt.osx.a]
  Library search paths: [;/usr/local/Cellar/check/0.15.2/lib;/usr/local/lib]
  remove lib [System]
  remove lib [/Applications/Xcode.app/Contents/Developer/Toolchains/XcodeDefault.xctoolchain/usr/lib/clang/15.0.0/lib/darwin/libclang_rt.osx.a]
  collapse library dir [/usr/local/Cellar/check/0.15.2/lib] ==> [/usr/local/Cellar/check/0.15.2/lib]
  collapse library dir [/usr/local/lib] ==> [/usr/local/lib]
  collapse library dir [/usr/local/Cellar/check/0.15.2/lib] ==> [/usr/local/Cellar/check/0.15.2/lib]
  collapse library dir [/usr/local/lib] ==> [/usr/local/lib]
  implicit libs: []
  implicit objs: []
  implicit dirs: [/usr/local/Cellar/check/0.15.2/lib;/usr/local/lib]
  implicit fwks: []


Detecting CXX compiler ABI info compiled with the following output:
Change Dir: /Users/jocastab/Projects/CPP3_BrickGame_v2.0/build/CMakeFiles/CMakeTmp

Run Build Command(s):/usr/bin/make -f Makefile cmTC_0926c/fast && /Applications/Xcode.app/Contents/Developer/usr/bin/make  -f CMakeFiles/cmTC_0926c.dir/build.make CMakeFiles/cmTC_0926c.dir/build
Building CXX object CMakeFiles/cmTC_0926c.dir/CMakeCXXCompilerABI.cpp.o
/Applications/Xcode.app/Contents/Developer/Toolchains/XcodeDefault.xctoolchain/usr/bin/c++   -isysroot /Applications/Xcode.app/Contents/Developer/Platforms/MacOSX.platform/Developer/SDKs/MacOSX14.2.sdk -mmacosx-version-min=13.6   -v -Wl,-v -MD -MT CMakeFiles/cmTC_0926c.dir/CMakeCXXCompilerABI.cpp.o -MF CMakeFiles/cmTC_0926c.dir/CMakeCXXCompilerABI.cpp.o.d -o CMakeFiles/cmTC_0926c.dir/CMakeCXXCompilerABI.cpp.o -c /usr/local/share/cmake/Modules/CMakeCXXCompilerABI.cpp
Apple clang version 15.0.0 (clang-1500.1.0.2.5)
Target: x86_64-apple-darwin22.6.0
Thread model: posix
InstalledDir: /Applications/Xcode.app/Contents/Developer/Toolchains/XcodeDefault.xctoolchain/usr/bin
clang: warning: -Wl,-v: 'linker' input unused [-Wunused-command-line-argument]
 "/Applications/Xcode.app/Contents/Developer/Toolchains/XcodeDefault.xctoolchain/usr/bin/clang" -cc1 -triple x86_64-apple-macosx13.6.0 -Wundef-prefix=TARGET_OS_ -Wdeprecated-objc-isa-usage -Werror=deprecated-objc-isa-usage -Werror=implicit-function-declaration -emit-obj -mrelax-all --mrelax-relocations -disable-free -clear-ast-before-backend -disable-llvm-verifier -discard-value-names -main-file-name CMakeCXXCompilerABI.cpp -mrelocation-model pic -pic-level 2 -mframe-pointer=all -fno-strict-return -ffp-contract=on -fno-rounding-math -funwind-tables=2 -target-sdk-version=14.2 -fvisibility-inlines-hidden-static-local-var -target-cpu penryn -tune-cpu generic -mllvm -treat-scalable-fixed-error-as-warning -debugger-tuning=lldb -target-linker-version 1022.1 -v -fcoverage-compilation-dir=/Users/jocastab/Projects/CPP3_BrickGame_v2.0/build/CMakeFiles/CMakeTmp -resource-dir /Applications/Xcode.app/Contents/Developer/Toolchains/XcodeDefault.xctoolchain/usr/lib/clang/15.0.0 -dependency-file CMakeFiles/cmTC_0926c.dir/CMakeCXXCompilerABI.cpp.o.d -skip-unused-modulemap-deps -MT CMakeFiles/cmTC_0926c.dir/CMakeCXXCompilerABI.cpp.o -sys-header-deps -isysroot /Applications/Xcode.app/Contents/Developer/Platforms/MacOSX.platform/Developer/SDKs/MacOSX14.2.sdk -c-isystem /usr/local/include/ -cxx-isystem /usr/local/include/ -internal-isystem /Applications/Xcode.app/Contents/Developer/Platforms/MacOSX.platform/Developer/SDKs/MacOSX14.2.sdk/usr/include/c++/v1 -internal-isystem /Applications/Xcode.app/Contents/Developer/Platforms/MacOSX.platform/Developer/SDKs/MacOSX14.2.sdk/usr/local/include -internal-isystem /Applications/Xcode.app/Contents/Developer/Toolchains/XcodeDefault.xctoolchain/usr/lib/clang/15.0.0/include -internal-externc-isystem /Applications/Xcode.app/Contents/Developer/Platforms/MacOSX.platform/Developer/SDKs/MacOSX14.2.sdk/usr/include -internal-externc-isystem /Applications/Xcode.app/Contents/Developer/Toolchains/XcodeDefault.xctoolchain/usr/include -Wno-reorder-init-list -Wno-implicit-int-float-conversion -Wno-c99-designator -Wno-final-dtor-non-final-class -Wno-extra-semi-stmt -Wno-misleading-indentation -Wno-quoted-include-in-framework-header -Wno-implicit-fallthrough -Wno-enum-enum-conversion -Wno-enum-float-conversion -Wno-elaborated-enum-base -Wno-reserved-identifier -Wno-gnu-folding-constant -fdeprecated-macro -fdebug-compilation-dir=/Users/jocastab/Projects/CPP3_BrickGame_v2.0/build/CMakeFiles/CMakeTmp -ferror-limit 19 -stack-protector 1 -fstack-check -mdarwin-stkchk-strong-link -fblocks -fencode-extended-block-signature -fregister-global-dtors-with-atexit -fgnuc-version=4.2.1 -fno-cxx-modules -fcxx-exceptions -fexceptions -fmax-type-align=16 -fcommon -clang-vendor-feature=+disableNonDependentMemberExprInCurrentInstantiation -fno-odr-hash-protocols -clang-vendor-feature=+enableAggressiveVLAFolding -clang-vendor-feature=+revert09abecef7bbf -clang-vendor-feature=+thisNoAlignAttr -clang-vendor-feature=+thisNoNullAttr -mllvm -disable-aligned-alloc-awareness=1 -D__GCC_HAVE_DWARF2_CFI_ASM=1 -o CMakeFiles/cmTC_0926c.dir/CMakeCXXCompilerABI.cpp.o -x c++ /usr/local/share/cmake/Modules/CMakeCXXCompilerABI.cpp
clang -cc1 version 15.0.0 (clang-1500.1.0.2.5) default target x86_64-apple-darwin22.6.0
ignoring nonexistent directory "/Applications/Xcode.app/Contents/Developer/Platforms/MacOSX.platform/Developer/SDKs/MacOSX14.2.sdk/usr/local/include"
ignoring nonexistent directory "/Applications/Xcode.app/Contents/Developer/Platforms/MacOSX.platform/Developer/SDKs/MacOSX14.2.sdk/Library/Frameworks"
#include "..." search starts here:
#include <...> search starts here:
 /usr/local/include
 /Applications/Xcode.app/Contents/Developer/Platforms/MacOSX.platform/Developer/SDKs/MacOSX14.2.sdk/usr/include/c++/v1
 /Applications/Xcode.app/Contents/Developer/Toolchains/XcodeDefault.xctoolchain/usr/lib/clang/15.0.0/include
 /Applications/Xcode.app/Contents/Developer/Platforms/MacOSX.platform/Developer/SDKs/MacOSX14.2.sdk/usr/include
 /Applications/Xcode.app/Contents/Developer/Toolchains/XcodeDefault.xctoolchain/usr/include
 /Applications/Xcode.app/Contents/Developer/Platforms/MacOSX.platform/Developer/SDKs/MacOSX14.2.sdk/System/Library/Frameworks (framework directory)
End of search list.
Linking CXX executable cmTC_0926c
/usr/local/bin/cmake -E cmake_link_script CMakeFiles/cmTC_0926c.dir/link.txt --verbose=1
/Applications/Xcode.app/Contents/Developer/Toolchains/XcodeDefault.xctoolchain/usr/bin/c++  -isysroot /Applications/Xcode.app/Contents/Developer/Platforms/MacOSX.platform/Developer/SDKs/MacOSX14.2.sdk -mmacosx-version-min=13.6 -Wl,-search_paths_first -Wl,-headerpad_max_install_names  -v -Wl,-v CMakeFiles/cmTC_0926c.dir/CMakeCXXCompilerABI.cpp.o -o cmTC_0926c 
Apple clang version 15.0.0 (clang-1500.1.0.2.5)
Target: x86_64-apple-darwin22.6.0
Thread model: posix
InstalledDir: /Applications/Xcode.app/Contents/Developer/Toolchains/XcodeDefault.xctoolchain/usr/bin
 "/Applications/Xcode.app/Contents/Developer/Toolchains/XcodeDefault.xctoolchain/usr/bin/ld" -demangle -lto_library /Applications/Xcode.app/Contents/Developer/Toolchains/XcodeDefault.xctoolchain/usr/lib/libLTO.dylib -dynamic -arch x86_64 -platform_version macos 13.6.0 14.2 -syslibroot /Applications/Xcode.app/Contents/Developer/Platforms/MacOSX.platform/Developer/SDKs/MacOSX14.2.sdk -o cmTC_0926c -L/usr/local/Cellar/check/0.15.2/lib -L/usr/local/lib -search_paths_first -headerpad_max_install_names -v CMakeFiles/cmTC_0926c.dir/CMakeCXXCompilerABI.cpp.o -lc++ -lSystem /Applications/Xcode.app/Contents/Developer/Toolchains/XcodeDefault.xctoolchain/usr/lib/clang/15.0.0/lib/darwin/libclang_rt.osx.a
@(#)PROGRAM:ld  PROJECT:dyld-1022.1
BUILD 05:26:33 Dec  7 2023
configured to support archs: armv6 armv7 armv7s arm64 arm64e arm64_32 i386 x86_64 x86_64h
will use ld-classic for: armv6 armv7 armv7s arm64_32 i386 armv6m armv7k armv7m armv7em
LTO support using: LLVM version 15.0.0 (static support for 29, runtime is 29)
TAPI support using: Apple TAPI version 15.0.0 (tapi-1500.0.12.8)
Library search paths:
	/usr/local/Cellar/check/0.15.2/lib
	/usr/local/lib
Framework search paths:



Parsed CXX implicit include dir info from above output: rv=done
  found start of include info
  found start of implicit include info
    add: [/usr/local/include]
    add: [/Applications/Xcode.app/Contents/Developer/Platforms/MacOSX.platform/Developer/SDKs/MacOSX14.2.sdk/usr/include/c++/v1]
    add: [/Applications/Xcode.app/Contents/Developer/Toolchains/XcodeDefault.xctoolchain/usr/lib/clang/15.0.0/include]
    add: [/Applications/Xcode.app/Contents/Developer/Platforms/MacOSX.platform/Developer/SDKs/MacOSX14.2.sdk/usr/include]
    add: [/Applications/Xcode.app/Contents/Developer/Toolchains/XcodeDefault.xctoolchain/usr/include]
  end of search list found
  collapse include dir [/usr/local/include] ==> [/usr/local/include]
  collapse include dir [/Applications/Xcode.app/Contents/Developer/Platforms/MacOSX.platform/Developer/SDKs/MacOSX14.2.sdk/usr/include/c++/v1] ==> [/Applications/Xcode.app/Contents/Developer/Platforms/MacOSX.platform/Developer/SDKs/MacOSX14.2.sdk/usr/include/c++/v1]
  collapse include dir [/Applications/Xcode.app/Contents/Developer/Toolchains/XcodeDefault.xctoolchain/usr/lib/clang/15.0.0/include] ==> [/Applications/Xcode.app/Contents/Developer/Toolchains/XcodeDefault.xctoolchain/usr/lib/clang/15.0.0/include]
  collapse include dir [/Applications/Xcode.app/Contents/Developer/Platforms/MacOSX.platform/Developer/SDKs/MacOSX14.2.sdk/usr/include] ==> [/Applications/Xcode.app/Contents/Developer/Platforms/MacOSX.platform/Developer/SDKs/MacOSX14.2.sdk/usr/include]
  collapse include dir [/Applications/Xcode.app/Contents/Developer/Toolchains/XcodeDefault.xctoolchain/usr/include] ==> [/Applications/Xcode.app/Contents/Developer/Toolchains/XcodeDefault.xctoolchain/usr/include]
  implicit include dirs: [/usr/local/include;/Applications/Xcode.app/Contents/Developer/Platforms/MacOSX.platform/Developer/SDKs/MacOSX14.2.sdk/usr/include/c++/v1;/Applications/Xcode.app/Contents/Developer/Toolchains/XcodeDefault.xctoolchain/usr/lib/clang/15.0.0/include;/Applications/Xcode.app/Contents/Developer/Platforms/MacOSX.platform/Developer/SDKs/MacOSX14.2.sdk/usr/include;/Applications/Xcode.app/Contents/Developer/Toolchains/XcodeDefault.xctoolchain/usr/include]


Parsed CXX implicit link information from above output:
  link line regex: [^( *|.*[/\])(ld|CMAKE_LINK_STARTFILE-NOTFOUND|([^/\]+-)?ld|collect2)[^/\]*( |$)]
  ignore line: [Change Dir: /Users/jocastab/Projects/CPP3_BrickGame_v2.0/build/CMakeFiles/CMakeTmp]
  ignore line: []
  ignore line: [Run Build Command(s):/usr/bin/make -f Makefile cmTC_0926c/fast && /Applications/Xcode.app/Contents/Developer/usr/bin/make  -f CMakeFiles/cmTC_0926c.dir/build.make CMakeFiles/cmTC_0926c.dir/build]
  ignore line: [Building CXX object CMakeFiles/cmTC_0926c.dir/CMakeCXXCompilerABI.cpp.o]
  ignore line: [/Applications/Xcode.app/Contents/Developer/Toolchains/XcodeDefault.xctoolchain/usr/bin/c++   -isysroot /Applications/Xcode.app/Contents/Developer/Platforms/MacOSX.platform/Developer/SDKs/MacOSX14.2.sdk -mmacosx-version-min=13.6   -v -Wl -v -MD -MT CMakeFiles/cmTC_0926c.dir/CMakeCXXCompilerABI.cpp.o -MF CMakeFiles/cmTC_0926c.dir/CMakeCXXCompilerABI.cpp.o.d -o CMakeFiles/cmTC_0926c.dir/CMakeCXXCompilerABI.cpp.o -c /usr/local/share/cmake/Modules/CMakeCXXCompilerABI.cpp]
  ignore line: [Apple clang version 15.0.0 (clang-1500.1.0.2.5)]
  ignore line: [Target: x86_64-apple-darwin22.6.0]
  ignore line: [Thread model: posix]
  ignore line: [InstalledDir: /Applications/Xcode.app/Contents/Developer/Toolchains/XcodeDefault.xctoolchain/usr/bin]
  ignore line: [clang: warning: -Wl -v: 'linker' input unused [-Wunused-command-line-argument]]
  ignore line: [ "/Applications/Xcode.app/Contents/Developer/Toolchains/XcodeDefault.xctoolchain/usr/bin/clang" -cc1 -triple x86_64-apple-macosx13.6.0 -Wundef-prefix=TARGET_OS_ -Wdeprecated-objc-isa-usage -Werror=deprecated-objc-isa-usage -Werror=implicit-function-declaration -emit-obj -mrelax-all --mrelax-relocations -disable-free -clear-ast-before-backend -disable-llvm-verifier -discard-value-names -main-file-name CMakeCXXCompilerABI.cpp -mrelocation-model pic -pic-level 2 -mframe-pointer=all -fno-strict-return -ffp-contract=on -fno-rounding-math -funwind-tables=2 -target-sdk-version=14.2 -fvisibility-inlines-hidden-static-local-var -target-cpu penryn -tune-cpu generic -mllvm -treat-scalable-fixed-error-as-warning -debugger-tuning=lldb -target-linker-version 1022.1 -v -fcoverage-compilation-dir=/Users/jocastab/Projects/CPP3_BrickGame_v2.0/build/CMakeFiles/CMakeTmp -resource-dir /Applications/Xcode.app/Contents/Developer/Toolchains/XcodeDefault.xctoolchain/usr/lib/clang/15.0.0 -dependency-file CMakeFiles/cmTC_0926c.dir/CMakeCXXCompilerABI.cpp.o.d -skip-unused-modulemap-deps -MT CMakeFiles/cmTC_0926c.dir/CMakeCXXCompilerABI.cpp.o -sys-header-deps -isysroot /Applications/Xcode.app/Contents/Developer/Platforms/MacOSX.platform/Developer/SDKs/MacOSX14.2.sdk -c-isystem /usr/local/include/ -cxx-isystem /usr/local/include/ -internal-isystem /Applications/Xcode.app/Contents/Developer/Platforms/MacOSX.platform/Developer/SDKs/MacOSX14.2.sdk/usr/include/c++/v1 -internal-isystem /Applications/Xcode.app/Contents/Developer/Platforms/MacOSX.platform/Developer/SDKs/MacOSX14.2.sdk/usr/local/include -internal-isystem /Applications/Xcode.app/Contents/Developer/Toolchains/XcodeDefault.xctoolchain/usr/lib/clang/15.0.0/include -internal-externc-isystem /Applications/Xcode.app/Contents/Developer/Platforms/MacOSX.platform/Developer/SDKs/MacOSX14.2.sdk/usr/include -internal-externc-isystem /Applications/Xcode.app/Contents/Developer/Toolchains/XcodeDefault.xctoolchain/usr/include -Wno-reorder-init-list -Wno-implicit-int-float-conversion -Wno-c99-designator -Wno-final-dtor-non-final-class -Wno-extra-semi-stmt -Wno-misleading-indentation -Wno-quoted-include-in-framework-header -Wno-implicit-fallthrough -Wno-enum-enum-conversion -Wno-enum-float-conversion -Wno-elaborated-enum-base -Wno-reserved-identifier -Wno-gnu-folding-constant -fdeprecated-macro -fdebug-compilation-dir=/Users/jocastab/Projects/CPP3_BrickGame_v2.0/build/CMakeFiles/CMakeTmp -ferror-limit 19 -stack-protector 1 -fstack-check -mdarwin-stkchk-strong-link -fblocks -fencode-extended-block-signature -fregister-global-dtors-with-atexit -fgnuc-version=4.2.1 -fno-cxx-modules -fcxx-exceptions -fexceptions -fmax-type-align=16 -fcommon -clang-vendor-feature=+disableNonDependentMemberExprInCurrentInstantiation -fno-odr-hash-protocols -clang-vendor-feature=+enableAggressiveVLAFolding -clang-vendor-feature=+revert09abecef7bbf -clang-vendor-feature=+thisNoAlignAttr -clang-vendor-feature=+thisNoNullAttr -mllvm -disable-aligned-alloc-awareness=1 -D__GCC_HAVE_DWARF2_CFI_ASM=1 -o CMakeFiles/cmTC_0926c.dir/CMakeCXXCompilerABI.cpp.o -x c++ /usr/local/share/cmake/Modules/CMakeCXXCompilerABI.cpp]
  ignore line: [clang -cc1 version 15.0.0 (clang-1500.1.0.2.5) default target x86_64-apple-darwin22.6.0]
  ignore line: [ignoring nonexistent directory "/Applications/Xcode.app/Contents/Developer/Platforms/MacOSX.platform/Developer/SDKs/MacOSX14.2.sdk/usr/local/include"]
  ignore line: [ignoring nonexistent directory "/Applications/Xcode.app/Contents/Developer/Platforms/MacOSX.platform/Developer/SDKs/MacOSX14.2.sdk/Library/Frameworks"]
  ignore line: [#include "..." search starts here:]
  ignore line: [#include <...> search starts here:]
  ignore line: [ /usr/local/include]
  ignore line: [ /Applications/Xcode.app/Contents/Developer/Platforms/MacOSX.platform/Developer/SDKs/MacOSX14.2.sdk/usr/include/c++/v1]
  ignore line: [ /Applications/Xcode.app/Contents/Developer/Toolchains/XcodeDefault.xctoolchain/usr/lib/clang/15.0.0/include]
  ignore line: [ /Applications/Xcode.app/Contents/Developer/Platforms/MacOSX.platform/Developer/SDKs/MacOSX14.2.sdk/usr/include]
  ignore line: [ /Applications/Xcode.app/Contents/Developer/Toolchains/XcodeDefault.xctoolchain/usr/include]
  ignore line: [ /Applications/Xcode.app/Contents/Developer/Platforms/MacOSX.platform/Developer/SDKs/MacOSX14.2.sdk/System/Library/Frameworks (framework directory)]
  ignore line: [End of search list.]
  ignore line: [Linking CXX executable cmTC_0926c]
  ignore line: [/usr/local/bin/cmake -E cmake_link_script CMakeFiles/cmTC_0926c.dir/link.txt --verbose=1]
  ignore line: [/Applications/Xcode.app/Contents/Developer/Toolchains/XcodeDefault.xctoolchain/usr/bin/c++  -isysroot /Applications/Xcode.app/Contents/Developer/Platforms/MacOSX.platform/Developer/SDKs/MacOSX14.2.sdk -mmacosx-version-min=13.6 -Wl -search_paths_first -Wl -headerpad_max_install_names  -v -Wl -v CMakeFiles/cmTC_0926c.dir/CMakeCXXCompilerABI.cpp.o -o cmTC_0926c ]
  ignore line: [Apple clang version 15.0.0 (clang-1500.1.0.2.5)]
  ignore line: [Target: x86_64-apple-darwin22.6.0]
  ignore line: [Thread model: posix]
  ignore line: [InstalledDir: /Applications/Xcode.app/Contents/Developer/Toolchains/XcodeDefault.xctoolchain/usr/bin]
  link line: [ "/Applications/Xcode.app/Contents/Developer/Toolchains/XcodeDefault.xctoolchain/usr/bin/ld" -demangle -lto_library /Applications/Xcode.app/Contents/Developer/Toolchains/XcodeDefault.xctoolchain/usr/lib/libLTO.dylib -dynamic -arch x86_64 -platform_version macos 13.6.0 14.2 -syslibroot /Applications/Xcode.app/Contents/Developer/Platforms/MacOSX.platform/Developer/SDKs/MacOSX14.2.sdk -o cmTC_0926c -L/usr/local/Cellar/check/0.15.2/lib -L/usr/local/lib -search_paths_first -headerpad_max_install_names -v CMakeFiles/cmTC_0926c.dir/CMakeCXXCompilerABI.cpp.o -lc++ -lSystem /Applications/Xcode.app/Contents/Developer/Toolchains/XcodeDefault.xctoolchain/usr/lib/clang/15.0.0/lib/darwin/libclang_rt.osx.a]
    arg [/Applications/Xcode.app/Contents/Developer/Toolchains/XcodeDefault.xctoolchain/usr/bin/ld] ==> ignore
    arg [-demangle] ==> ignore
    arg [-lto_library] ==> ignore, skip following value
    arg [/Applications/Xcode.app/Contents/Developer/Toolchains/XcodeDefault.xctoolchain/usr/lib/libLTO.dylib] ==> skip value of -lto_library
    arg [-dynamic] ==> ignore
    arg [-arch] ==> ignore
    arg [x86_64] ==> ignore
    arg [-platform_version] ==> ignore
    arg [macos] ==> ignore
    arg [13.6.0] ==> ignore
    arg [14.2] ==> ignore
    arg [-syslibroot] ==> ignore
    arg [/Applications/Xcode.app/Contents/Developer/Platforms/MacOSX.platform/Developer/SDKs/MacOSX14.2.sdk] ==> ignore
    arg [-o] ==> ignore
    arg [cmTC_0926c] ==> ignore
    arg [-L/usr/local/Cellar/check/0.15.2/lib] ==> dir [/usr/local/Cellar/check/0.15.2/lib]
    arg [-L/usr/local/lib] ==> dir [/usr/local/lib]
    arg [-search_paths_first] ==> ignore
    arg [-headerpad_max_install_names] ==> ignore
    arg [-v] ==> ignore
    arg [CMakeFiles/cmTC_0926c.dir/CMakeCXXCompilerABI.cpp.o] ==> ignore
    arg [-lc++] ==> lib [c++]
    arg [-lSystem] ==> lib [System]
    arg [/Applications/Xcode.app/Contents/Developer/Toolchains/XcodeDefault.xctoolchain/usr/lib/clang/15.0.0/lib/darwin/libclang_rt.osx.a] ==> lib [/Applications/Xcode.app/Contents/Developer/Toolchains/XcodeDefault.xctoolchain/usr/lib/clang/15.0.0/lib/darwin/libclang_rt.osx.a]
  Library search paths: [;/usr/local/Cellar/check/0.15.2/lib;/usr/local/lib]
  remove lib [System]
  remove lib [/Applications/Xcode.app/Contents/Developer/Toolchains/XcodeDefault.xctoolchain/usr/lib/clang/15.0.0/lib/darwin/libclang_rt.osx.a]
  collapse library dir [/usr/local/Cellar/check/0.15.2/lib] ==> [/usr/local/Cellar/check/0.15.2/lib]
  collapse library dir [/usr/local/lib] ==> [/usr/local/lib]
  collapse library dir [/usr/local/Cellar/check/0.15.2/lib] ==> [/usr/local/Cellar/check/0.15.2/lib]
  collapse library dir [/usr/local/lib] ==> [/usr/local/lib]
  implicit libs: [c++]
  implicit objs: []
  implicit dirs: [/usr/local/Cellar/check/0.15.2/lib;/usr/local/lib]
  implicit fwks: []


Determining if the include file pthread.h exists passed with the following output:
Change Dir: /Users/jocastab/Projects/CPP3_BrickGame_v2.0/build/CMakeFiles/CMakeTmp

Run Build Command(s):/usr/bin/make -f Makefile cmTC_a4c42/fast && /Applications/Xcode.app/Contents/Developer/usr/bin/make  -f CMakeFiles/cmTC_a4c42.dir/build.make CMakeFiles/cmTC_a4c42.dir/build
Building C object CMakeFiles/cmTC_a4c42.dir/CheckIncludeFile.c.o
/Applications/Xcode.app/Contents/Developer/Toolchains/XcodeDefault.xctoolchain/usr/bin/cc   -isysroot /Applications/Xcode.app/Contents/Developer/Platforms/MacOSX.platform/Developer/SDKs/MacOSX14.2.sdk -mmacosx-version-min=13.6 -MD -MT CMakeFiles/cmTC_a4c42.dir/CheckIncludeFile.c.o -MF CMakeFiles/cmTC_a4c42.dir/CheckIncludeFile.c.o.d -o CMakeFiles/cmTC_a4c42.dir/CheckIncludeFile.c.o -c /Users/jocastab/Projects/CPP3_BrickGame_v2.0/build/CMakeFiles/CMakeTmp/CheckIncludeFile.c
Linking C executable cmTC_a4c42
/usr/local/bin/cmake -E cmake_link_script CMakeFiles/cmTC_a4c42.dir/link.txt --verbose=1
/Applications/Xcode.app/Contents/Developer/Toolchains/XcodeDefault.xctoolchain/usr/bin/cc  -isysroot /Applications/Xcode.app/Contents/Developer/Platforms/MacOSX.platform/Developer/SDKs/MacOSX14.2.sdk -mmacosx-version-min=13.6 -Wl,-search_paths_first -Wl,-headerpad_max_install_names CMakeFiles/cmTC_a4c42.dir/CheckIncludeFile.c.o -o cmTC_a4c42 



Performing C SOURCE FILE Test CMAKE_HAVE_LIBC_PTHREAD succeeded with the following output:
Change Dir: /Users/jocastab/Projects/CPP3_BrickGame_v2.0/build/CMakeFiles/CMakeTmp

Run Build Command(s):/usr/bin/make -f Makefile cmTC_f281f/fast && /Applications/Xcode.app/Contents/Developer/usr/bin/make  -f CMakeFiles/cmTC_f281f.dir/build.make CMakeFiles/cmTC_f281f.dir/build
Building C object CMakeFiles/cmTC_f281f.dir/src.c.o
/Applications/Xcode.app/Contents/Developer/Toolchains/XcodeDefault.xctoolchain/usr/bin/cc -DCMAKE_HAVE_LIBC_PTHREAD  -isysroot /Applications/Xcode.app/Contents/Developer/Platforms/MacOSX.platform/Developer/SDKs/MacOSX14.2.sdk -mmacosx-version-min=13.6 -MD -MT CMakeFiles/cmTC_f281f.dir/src.c.o -MF CMakeFiles/cmTC_f281f.dir/src.c.o.d -o CMakeFiles/cmTC_f281f.dir/src.c.o -c /Users/jocastab/Projects/CPP3_BrickGame_v2.0/build/CMakeFiles/CMakeTmp/src.c
Linking C executable cmTC_f281f
/usr/local/bin/cmake -E cmake_link_script CMakeFiles/cmTC_f281f.dir/link.txt --verbose=1
/Applications/Xcode.app/Contents/Developer/Toolchains/XcodeDefault.xctoolchain/usr/bin/cc  -isysroot /Applications/Xcode.app/Contents/Developer/Platforms/MacOSX.platform/Developer/SDKs/MacOSX14.2.sdk -mmacosx-version-min=13.6 -Wl,-search_paths_first -Wl,-headerpad_max_install_names CMakeFiles/cmTC_f281f.dir/src.c.o -o cmTC_f281f 


Source file was:
#include <pthread.h>

static void* test_func(void* data)
{
  return data;
}

int main(void)
{
  pthread_t thread;
  pthread_create(&thread, NULL, test_func, NULL);
  pthread_detach(thread);
  pthread_cancel(thread);
  pthread_join(thread, NULL);
  pthread_atfork(NULL, NULL, NULL);
  pthread_exit(NULL);

  return 0;
}

Performing C++ SOURCE FILE Test HAVE_STDATOMIC succeeded with the following output:
Change Dir: /Users/jocastab/Projects/CPP3_BrickGame_v2.0/build/CMakeFiles/CMakeTmp

Run Build Command(s):/usr/bin/make -f Makefile cmTC_43e45/fast && /Applications/Xcode.app/Contents/Developer/usr/bin/make  -f CMakeFiles/cmTC_43e45.dir/build.make CMakeFiles/cmTC_43e45.dir/build
Building CXX object CMakeFiles/cmTC_43e45.dir/src.cxx.o
/Applications/Xcode.app/Contents/Developer/Toolchains/XcodeDefault.xctoolchain/usr/bin/c++ -DHAVE_STDATOMIC  -isysroot /Applications/Xcode.app/Contents/Developer/Platforms/MacOSX.platform/Developer/SDKs/MacOSX14.2.sdk -mmacosx-version-min=13.6 -std=gnu++17 -MD -MT CMakeFiles/cmTC_43e45.dir/src.cxx.o -MF CMakeFiles/cmTC_43e45.dir/src.cxx.o.d -o CMakeFiles/cmTC_43e45.dir/src.cxx.o -c /Users/jocastab/Projects/CPP3_BrickGame_v2.0/build/CMakeFiles/CMakeTmp/src.cxx
Linking CXX executable cmTC_43e45
/usr/local/bin/cmake -E cmake_link_script CMakeFiles/cmTC_43e45.dir/link.txt --verbose=1
/Applications/Xcode.app/Contents/Developer/Toolchains/XcodeDefault.xctoolchain/usr/bin/c++  -isysroot /Applications/Xcode.app/Contents/Developer/Platforms/MacOSX.platform/Developer/SDKs/MacOSX14.2.sdk -mmacosx-version-min=13.6 -Wl,-search_paths_first -Wl,-headerpad_max_install_names CMakeFiles/cmTC_43e45.dir/src.cxx.o -o cmTC_43e45 


Source file was:
#include <atomic>
#include <cstdint>

int main(int, char **)
{
    volatile std::atomic<char>    size_1;
    volatile std::atomic<short>   size_2;
    volatile std::atomic<int>     size_4;
    volatile std::atomic<int64_t> size_8;

    ++size_1;
    ++size_2;
    ++size_4;
    ++size_8;

    (void)size_1.load(std::memory_order_relaxed);
    (void)size_2.load(std::memory_order_relaxed);
    (void)size_4.load(std::memory_order_relaxed);
    (void)size_8.load(std::memory_order_relaxed);

    return 0;
}
The system is: Darwin - 22.6.0 - x86_64
Compiling the C compiler identification source file "CMakeCCompilerId.c" succeeded.
Compiler: /Applications/Xcode.app/Contents/Developer/Toolchains/XcodeDefault.xctoolchain/usr/bin/cc 
Build flags: 
Id flags: -c 

The output was:
0


Compilation of the C compiler identification source "CMakeCCompilerId.c" produced "CMakeCCompilerId.o"

The C compiler identification is AppleClang, found in "/Users/jocastab/Projects/CPP3_BrickGame_v2.0/build/CMakeFiles/3.23.0/CompilerIdC/CMakeCCompilerId.o"

Compiling the CXX compiler identification source file "CMakeCXXCompilerId.cpp" succeeded.
Compiler: /Applications/Xcode.app/Contents/Developer/Toolchains/XcodeDefault.xctoolchain/usr/bin/c++ 
Build flags: 
Id flags: -c 

The output was:
0


Compilation of the CXX compiler identification source "CMakeCXXCompilerId.cpp" produced "CMakeCXXCompilerId.o"

The CXX compiler identification is AppleClang, found in "/Users/jocastab/Projects/CPP3_BrickGame_v2.0/build/CMakeFiles/3.23.0/CompilerIdCXX/CMakeCXXCompilerId.o"

Detecting C compiler ABI info compiled with the following output:
Change Dir: /Users/jocastab/Projects/CPP3_BrickGame_v2.0/build/CMakeFiles/CMakeTmp

Run Build Command(s):/usr/bin/make -f Makefile cmTC_08663/fast && /Applications/Xcode.app/Contents/Developer/usr/bin/make  -f CMakeFiles/cmTC_08663.dir/build.make CMakeFiles/cmTC_08663.dir/build
Building C object CMakeFiles/cmTC_08663.dir/CMakeCCompilerABI.c.o
/Applications/Xcode.app/Contents/Developer/Toolchains/XcodeDefault.xctoolchain/usr/bin/cc   -isysroot /Applications/Xcode.app/Contents/Developer/Platforms/MacOSX.platform/Developer/SDKs/MacOSX14.2.sdk -mmacosx-version-min=13.6   -v -Wl,-v -MD -MT CMakeFiles/cmTC_08663.dir/CMakeCCompilerABI.c.o -MF CMakeFiles/cmTC_08663.dir/CMakeCCompilerABI.c.o.d -o CMakeFiles/cmTC_08663.dir/CMakeCCompilerABI.c.o -c /usr/local/share/cmake/Modules/CMakeCCompilerABI.c
Apple clang version 15.0.0 (clang-1500.1.0.2.5)
Target: x86_64-apple-darwin22.6.0
Thread model: posix
InstalledDir: /Applications/Xcode.app/Contents/Developer/Toolchains/XcodeDefault.xctoolchain/usr/bin
clang: warning: -Wl,-v: 'linker' input unused [-Wunused-command-line-argument]
 "/Applications/Xcode.app/Contents/Developer/Toolchains/XcodeDefault.xctoolchain/usr/bin/clang" -cc1 -triple x86_64-apple-macosx13.6.0 -Wundef-prefix=TARGET_OS_ -Wdeprecated-objc-isa-usage -Werror=deprecated-objc-isa-usage -Werror=implicit-function-declaration -emit-obj -mrelax-all --mrelax-relocations -disable-free -clear-ast-before-backend -disable-llvm-verifier -discard-value-names -main-file-name CMakeCCompilerABI.c -mrelocation-model pic -pic-level 2 -mframe-pointer=all -fno-strict-return -ffp-contract=on -fno-rounding-math -funwind-tables=2 -target-sdk-version=14.2 -fvisibility-inlines-hidden-static-local-var -target-cpu penryn -tune-cpu generic -mllvm -treat-scalable-fixed-error-as-warning -debugger-tuning=lldb -target-linker-version 1022.1 -v -fcoverage-compilation-dir=/Users/jocastab/Projects/CPP3_BrickGame_v2.0/build/CMakeFiles/CMakeTmp -resource-dir /Applications/Xcode.app/Contents/Developer/Toolchains/XcodeDefault.xctoolchain/usr/lib/clang/15.0.0 -dependency-file CMakeFiles/cmTC_08663.dir/CMakeCCompilerABI.c.o.d -skip-unused-modulemap-deps -MT CMakeFiles/cmTC_08663.dir/CMakeCCompilerABI.c.o -sys-header-deps -isysroot /Applications/Xcode.app/Contents/Developer/Platforms/MacOSX.platform/Developer/SDKs/MacOSX14.2.sdk -c-isystem /usr/local/include/ -cxx-isystem /usr/local/include/ -internal-isystem /Applications/Xcode.app/Contents/Developer/Platforms/MacOSX.platform/Developer/SDKs/MacOSX14.2.sdk/usr/local/include -internal-isystem /Applications/Xcode.app/Contents/Developer/Toolchains/XcodeDefault.xctoolchain/usr/lib/clang/15.0.0/include -internal-externc-isystem /Applications/Xcode.app/Contents/Developer/Platforms/MacOSX.platform/Developer/SDKs/MacOSX14.2.sdk/usr/include -internal-externc-isystem /Applications/Xcode.app/Contents/Developer/Toolchains/XcodeDefault.xctoolchain/usr/include -Wno-reorder-init-list -Wno-implicit-int-float-conversion -Wno-c99-designator -Wno-final-dtor-non-final-class -Wno-extra-semi-stmt -Wno-misleading-indentation -Wno-quoted-include-in-framework-header -Wno-implicit-fallthrough -Wno-enum-enum-conversion -Wno-enum-float-conversion -Wno-elaborated-enum-base -Wno-reserved-identifier -Wno-gnu-folding-constant -fdebug-compilation-dir=/Users/jocastab/Projects/CPP3_BrickGame_v2.0/build/CMakeFiles/CMakeTmp -ferror-limit 19 -stack-protector 1 -fstack-check -mdarwin-stkchk-strong-link -fblocks -fencode-extended-block-signature -fregister-global-dtors-with-atexit -fgnuc-version=4.2.1 -fmax-type-align=16 -fcommon -clang-vendor-feature=+disableNonDependentMemberExprInCurrentInstantiation -fno-odr-hash-protocols -clang-vendor-feature=+enableAggressiveVLAFolding -clang-vendor-feature=+revert09abecef7bbf -clang-vendor-feature=+thisNoAlignAttr -clang-vendor-feature=+thisNoNullAttr -mllvm -disable-aligned-alloc-awareness=1 -D__GCC_HAVE_DWARF2_CFI_ASM=1 -o CMakeFiles/cmTC_08663.dir/CMakeCCompilerABI.c.o -x c /usr/local/share/cmake/Modules/CMakeCCompilerABI.c
clang -cc1 version 15.0.0 (clang-1500.1.0.2.5) default target x86_64-apple-darwin22.6.0
ignoring nonexistent directory "/Applications/Xcode.app/Contents/Developer/Platforms/MacOSX.platform/Developer/SDKs/MacOSX14.2.sdk/usr/local/include"
ignoring nonexistent directory "/Applications/Xcode.app/Contents/Developer/Platforms/MacOSX.platform/Developer/SDKs/MacOSX14.2.sdk/Library/Frameworks"
#include "..." search starts here:
#include <...> search starts here:
 /usr/local/include
 /Applications/Xcode.app/Contents/Developer/Toolchains/XcodeDefault.xctoolchain/usr/lib/clang/15.0.0/include
 /Applications/Xcode.app/Contents/Developer/Platforms/MacOSX.platform/Developer/SDKs/MacOSX14.2.sdk/usr/include
 /Applications/Xcode.app/Contents/Developer/Toolchains/XcodeDefault.xctoolchain/usr/include
 /Applications/Xcode.app/Contents/Developer/Platforms/MacOSX.platform/Developer/SDKs/MacOSX14.2.sdk/System/Library/Frameworks (framework directory)
End of search list.
Linking C executable cmTC_08663
/usr/local/bin/cmake -E cmake_link_script CMakeFiles/cmTC_08663.dir/link.txt --verbose=1
/Applications/Xcode.app/Contents/Developer/Toolchains/XcodeDefault.xctoolchain/usr/bin/cc  -isysroot /Applications/Xcode.app/Contents/Developer/Platforms/MacOSX.platform/Developer/SDKs/MacOSX14.2.sdk -mmacosx-version-min=13.6 -Wl,-search_paths_first -Wl,-headerpad_max_install_names  -v -Wl,-v CMakeFiles/cmTC_08663.dir/CMakeCCompilerABI.c.o -o cmTC_08663 
Apple clang version 15.0.0 (clang-1500.1.0.2.5)
Target: x86_64-apple-darwin22.6.0
Thread model: posix
InstalledDir: /Applications/Xcode.app/Contents/Developer/Toolchains/XcodeDefault.xctoolchain/usr/bin
 "/Applications/Xcode.app/Contents/Developer/Toolchains/XcodeDefault.xctoolchain/usr/bin/ld" -demangle -lto_library /Applications/Xcode.app/Contents/Developer/Toolchains/XcodeDefault.xctoolchain/usr/lib/libLTO.dylib -dynamic -arch x86_64 -platform_version macos 13.6.0 14.2 -syslibroot /Applications/Xcode.app/Contents/Developer/Platforms/MacOSX.platform/Developer/SDKs/MacOSX14.2.sdk -o cmTC_08663 -L/usr/local/Cellar/check/0.15.2/lib -L/usr/local/lib -search_paths_first -headerpad_max_install_names -v CMakeFiles/cmTC_08663.dir/CMakeCCompilerABI.c.o -lSystem /Applications/Xcode.app/Contents/Developer/Toolchains/XcodeDefault.xctoolchain/usr/lib/clang/15.0.0/lib/darwin/libclang_rt.osx.a
@(#)PROGRAM:ld  PROJECT:dyld-1022.1
BUILD 05:26:33 Dec  7 2023
configured to support archs: armv6 armv7 armv7s arm64 arm64e arm64_32 i386 x86_64 x86_64h
will use ld-classic for: armv6 armv7 armv7s arm64_32 i386 armv6m armv7k armv7m armv7em
LTO support using: LLVM version 15.0.0 (static support for 29, runtime is 29)
TAPI support using: Apple TAPI version 15.0.0 (tapi-1500.0.12.8)
Library search paths:
	/usr/local/Cellar/check/0.15.2/lib
	/usr/local/lib
Framework search paths:



Parsed C implicit include dir info from above output: rv=done
  found start of include info
  found start of implicit include info
    add: [/usr/local/include]
    add: [/Applications/Xcode.app/Contents/Developer/Toolchains/XcodeDefault.xctoolchain/usr/lib/clang/15.0.0/include]
    add: [/Applications/Xcode.app/Contents/Developer/Platforms/MacOSX.platform/Developer/SDKs/MacOSX14.2.sdk/usr/include]
    add: [/Applications/Xcode.app/Contents/Developer/Toolchains/XcodeDefault.xctoolchain/usr/include]
  end of search list found
  collapse include dir [/usr/local/include] ==> [/usr/local/include]
  collapse include dir [/Applications/Xcode.app/Contents/Developer/Toolchains/XcodeDefault.xctoolchain/usr/lib/clang/15.0.0/include] ==> [/Applications/Xcode.app/Contents/Developer/Toolchains/XcodeDefault.xctoolchain/usr/lib/clang/15.0.0/include]
  collapse include dir [/Applications/Xcode.app/Contents/Developer/Platforms/MacOSX.platform/Developer/SDKs/MacOSX14.2.sdk/usr/include] ==> [/Applications/Xcode.app/Contents/Developer/Platforms/MacOSX.platform/Developer/SDKs/MacOSX14.2.sdk/usr/include]
  collapse include dir [/Applications/Xcode.app/Contents/Developer/Toolchains/XcodeDefault.xctoolchain/usr/include] ==> [/Applications/Xcode.app/Contents/Developer/Toolchains/XcodeDefault.xctoolchain/usr/include]
  implicit include dirs: [/usr/local/include;/Applications/Xcode.app/Contents/Developer/Toolchains/XcodeDefault.xctoolchain/usr/lib/clang/15.0.0/include;/Applications/Xcode.app/Contents/Developer/Platforms/MacOSX.platform/Developer/SDKs/MacOSX14.2.sdk/usr/include;/Applications/Xcode.app/Contents/Developer/Toolchains/XcodeDefault.xctoolchain/usr/include]


Parsed C implicit link information from above output:
  link line regex: [^( *|.*[/\])(ld|CMAKE_LINK_STARTFILE-NOTFOUND|([^/\]+-)?ld|collect2)[^/\]*( |$)]
  ignore line: [Change Dir: /Users/jocastab/Projects/CPP3_BrickGame_v2.0/build/CMakeFiles/CMakeTmp]
  ignore line: []
  ignore line: [Run Build Command(s):/usr/bin/make -f Makefile cmTC_08663/fast && /Applications/Xcode.app/Contents/Developer/usr/bin/make  -f CMakeFiles/cmTC_08663.dir/build.make CMakeFiles/cmTC_08663.dir/build]
  ignore line: [Building C object CMakeFiles/cmTC_08663.dir/CMakeCCompilerABI.c.o]
  ignore line: [/Applications/Xcode.app/Contents/Developer/Toolchains/XcodeDefault.xctoolchain/usr/bin/cc   -isysroot /Applications/Xcode.app/Contents/Developer/Platforms/MacOSX.platform/Developer/SDKs/MacOSX14.2.sdk -mmacosx-version-min=13.6   -v -Wl -v -MD -MT CMakeFiles/cmTC_08663.dir/CMakeCCompilerABI.c.o -MF CMakeFiles/cmTC_08663.dir/CMakeCCompilerABI.c.o.d -o CMakeFiles/cmTC_08663.dir/CMakeCCompilerABI.c.o -c /usr/local/share/cmake/Modules/CMakeCCompilerABI.c]
  ignore line: [Apple clang version 15.0.0 (clang-1500.1.0.2.5)]
  ignore line: [Target: x86_64-apple-darwin22.6.0]
  ignore line: [Thread model: posix]
  ignore line: [InstalledDir: /Applications/Xcode.app/Contents/Developer/Toolchains/XcodeDefault.xctoolchain/usr/bin]
  ignore line: [clang: warning: -Wl -v: 'linker' input unused [-Wunused-command-line-argument]]
  ignore line: [ "/Applications/Xcode.app/Contents/Developer/Toolchains/XcodeDefault.xctoolchain/usr/bin/clang" -cc1 -triple x86_64-apple-macosx13.6.0 -Wundef-prefix=TARGET_OS_ -Wdeprecated-objc-isa-usage -Werror=deprecated-objc-isa-usage -Werror=implicit-function-declaration -emit-obj -mrelax-all --mrelax-relocations -disable-free -clear-ast-before-backend -disable-llvm-verifier -discard-value-names -main-file-name CMakeCCompilerABI.c -mrelocation-model pic -pic-level 2 -mframe-pointer=all -fno-strict-return -ffp-contract=on -fno-rounding-math -funwind-tables=2 -target-sdk-version=14.2 -fvisibility-inlines-hidden-static-local-var -target-cpu penryn -tune-cpu generic -mllvm -treat-scalable-fixed-error-as-warning -debugger-tuning=lldb -target-linker-version 1022.1 -v -fcoverage-compilation-dir=/Users/jocastab/Projects/CPP3_BrickGame_v2.0/build/CMakeFiles/CMakeTmp -resource-dir /Applications/Xcode.app/Contents/Developer/Toolchains/XcodeDefault.xctoolchain/usr/lib/clang/15.0.0 -dependency-file CMakeFiles/cmTC_08663.dir/CMakeCCompilerABI.c.o.d -skip-unused-modulemap-deps -MT CMakeFiles/cmTC_08663.dir/CMakeCCompilerABI.c.o -sys-header-deps -isysroot /Applications/Xcode.app/Contents/Developer/Platforms/MacOSX.platform/Developer/SDKs/MacOSX14.2.sdk -c-isystem /usr/local/include/ -cxx-isystem /usr/local/include/ -internal-isystem /Applications/Xcode.app/Contents/Developer/Platforms/MacOSX.platform/Developer/SDKs/MacOSX14.2.sdk/usr/local/include -internal-isystem /Applications/Xcode.app/Contents/Developer/Toolchains/XcodeDefault.xctoolchain/usr/lib/clang/15.0.0/include -internal-externc-isystem /Applications/Xcode.app/Contents/Developer/Platforms/MacOSX.platform/Developer/SDKs/MacOSX14.2.sdk/usr/include -internal-externc-isystem /Applications/Xcode.app/Contents/Developer/Toolchains/XcodeDefault.xctoolchain/usr/include -Wno-reorder-init-list -Wno-implicit-int-float-conversion -Wno-c99-designator -Wno-final-dtor-non-final-class -Wno-extra-semi-stmt -Wno-misleading-indentation -Wno-quoted-include-in-framework-header -Wno-implicit-fallthrough -Wno-enum-enum-conversion -Wno-enum-float-conversion -Wno-elaborated-enum-base -Wno-reserved-identifier -Wno-gnu-folding-constant -fdebug-compilation-dir=/Users/jocastab/Projects/CPP3_BrickGame_v2.0/build/CMakeFiles/CMakeTmp -ferror-limit 19 -stack-protector 1 -fstack-check -mdarwin-stkchk-strong-link -fblocks -fencode-extended-block-signature -fregister-global-dtors-with-atexit -fgnuc-version=4.2.1 -fmax-type-align=16 -fcommon -clang-vendor-feature=+disableNonDependentMemberExprInCurrentInstantiation -fno-odr-hash-protocols -clang-vendor-feature=+enableAggressiveVLAFolding -clang-vendor-feature=+revert09abecef7bbf -clang-vendor-feature=+thisNoAlignAttr -clang-vendor-feature=+thisNoNullAttr -mllvm -disable-aligned-alloc-awareness=1 -D__GCC_HAVE_DWARF2_CFI_ASM=1 -o CMakeFiles/cmTC_08663.dir/CMakeCCompilerABI.c.o -x c /usr/local/share/cmake/Modules/CMakeCCompilerABI.c]
  ignore line: [clang -cc1 version 15.0.0 (clang-1500.1.0.2.5) default target x86_64-apple-darwin22.6.0]
  ignore line: [ignoring nonexistent directory "/Applications/Xcode.app/Contents/Developer/Platforms/MacOSX.platform/Developer/SDKs/MacOSX14.2.sdk/usr/local/include"]
  ignore line: [ignoring nonexistent directory "/Applications/Xcode.app/Contents/Developer/Platforms/MacOSX.platform/Developer/SDKs/MacOSX14.2.sdk/Library/Frameworks"]
  ignore line: [#include "..." search starts here:]
  ignore line: [#include <...> search starts here:]
  ignore line: [ /usr/local/include]
  ignore line: [ /Applications/Xcode.app/Contents/Developer/Toolchains/XcodeDefault.xctoolchain/usr/lib/clang/15.0.0/include]
  ignore line: [ /Applications/Xcode.app/Contents/Developer/Platforms/MacOSX.platform/Developer/SDKs/MacOSX14.2.sdk/usr/include]
  ignore line: [ /Applications/Xcode.app/Contents/Developer/Toolchains/XcodeDefault.xctoolchain/usr/include]
  ignore line: [ /Applications/Xcode.app/Contents/Developer/Platforms/MacOSX.platform/Developer/SDKs/MacOSX14.2.sdk/System/Library/Frameworks (framework directory)]
  ignore line: [End of search list.]
  ignore line: [Linking C executable cmTC_08663]
  ignore line: [/usr/local/bin/cmake -E cmake_link_script CMakeFiles/cmTC_08663.dir/link.txt --verbose=1]
  ignore line: [/Applications/Xcode.app/Contents/Developer/Toolchains/XcodeDefault.xctoolchain/usr/bin/cc  -isysroot /Applications/Xcode.app/Contents/Developer/Platforms/MacOSX.platform/Developer/SDKs/MacOSX14.2.sdk -mmacosx-version-min=13.6 -Wl -search_paths_first -Wl -headerpad_max_install_names  -v -Wl -v CMakeFiles/cmTC_08663.dir/CMakeCCompilerABI.c.o -o cmTC_08663 ]
  ignore line: [Apple clang version 15.0.0 (clang-1500.1.0.2.5)]
  ignore line: [Target: x86_64-apple-darwin22.6.0]
  ignore line: [Thread model: posix]
  ignore line: [InstalledDir: /Applications/Xcode.app/Contents/Developer/Toolchains/XcodeDefault.xctoolchain/usr/bin]
  link line: [ "/Applications/Xcode.app/Contents/Developer/Toolchains/XcodeDefault.xctoolchain/usr/bin/ld" -demangle -lto_library /Applications/Xcode.app/Contents/Developer/Toolchains/XcodeDefault.xctoolchain/usr/lib/libLTO.dylib -dynamic -arch x86_64 -platform_version macos 13.6.0 14.2 -syslibroot /Applications/Xcode.app/Contents/Developer/Platforms/MacOSX.platform/Developer/SDKs/MacOSX14.2.sdk -o cmTC_08663 -L/usr/local/Cellar/check/0.15.2/lib -L/usr/local/lib -search_paths_first -headerpad_max_install_names -v CMakeFiles/cmTC_08663.dir/CMakeCCompilerABI.c.o -lSystem /Applications/Xcode.app/Contents/Developer/Toolchains/XcodeDefault.xctoolchain/usr/lib/clang/15.0.0/lib/darwin/libclang_rt.osx.a]
    arg [/Applications/Xcode.app/Contents/Developer/Toolchains/XcodeDefault.xctoolchain/usr/bin/ld] ==> ignore
    arg [-demangle] ==> ignore
    arg [-lto_library] ==> ignore, skip following value
    arg [/Applications/Xcode.app/Contents/Developer/Toolchains/XcodeDefault.xctoolchain/usr/lib/libLTO.dylib] ==> skip value of -lto_library
    arg [-dynamic] ==> ignore
    arg [-arch] ==> ignore
    arg [x86_64] ==> ignore
    arg [-platform_version] ==> ignore
    arg [macos] ==> ignore
    arg [13.6.0] ==> ignore
    arg [14.2] ==> ignore
    arg [-syslibroot] ==> ignore
    arg [/Applications/Xcode.app/Contents/Developer/Platforms/MacOSX.platform/Developer/SDKs/MacOSX14.2.sdk] ==> ignore
    arg [-o] ==> ignore
    arg [cmTC_08663] ==> ignore
    arg [-L/usr/local/Cellar/check/0.15.2/lib] ==> dir [/usr/local/Cellar/check/0.15.2/lib]
    arg [-L/usr/local/lib] ==> dir [/usr/local/lib]
    arg [-search_paths_first] ==> ignore
    arg [-headerpad_max_install_names] ==> ignore
    arg [-v] ==> ignore
    arg [CMakeFiles/cmTC_08663.dir/CMakeCCompilerABI.c.o] ==> ignore
    arg [-lSystem] ==> lib [System]
    arg [/Applications/Xcode.app/Contents/Developer/Toolchains/XcodeDefault.xctoolchain/usr/lib/clang/15.0.0/lib/darwin/libclang_rt.osx.a] ==> lib [/Applications/Xcode.app/Contents/Developer/Toolchains/XcodeDefault.xctoolchain/usr/lib/clang/15.0.0/lib/darwin/libclang_rt.osx.a]
  Library search paths: [;/usr/local/Cellar/check/0.15.2/lib;/usr/local/lib]
  remove lib [System]
  remove lib [/Applications/Xcode.app/Contents/Developer/Toolchains/XcodeDefault.xctoolchain/usr/lib/clang/15.0.0/lib/darwin/libclang_rt.osx.a]
  collapse library dir [/usr/local/Cellar/check/0.15.2/lib] ==> [/usr/local/Cellar/check/0.15.2/lib]
  collapse library dir [/usr/local/lib] ==> [/usr/local/lib]
  collapse library dir [/usr/local/Cellar/check/0.15.2/lib] ==> [/usr/local/Cellar/check/0.15.2/lib]
  collapse library dir [/usr/local/lib] ==> [/usr/local/lib]
  implicit libs: []
  implicit objs: []
  implicit dirs: [/usr/local/Cellar/check/0.15.2/lib;/usr/local/lib]
  implicit fwks: []


Detecting CXX compiler ABI info compiled with the following output:
Change Dir: /Users/jocastab/Projects/CPP3_BrickGame_v2.0/build/CMakeFiles/CMakeTmp

Run Build Command(s):/usr/bin/make -f Makefile cmTC_6eae9/fast && /Applications/Xcode.app/Contents/Developer/usr/bin/make  -f CMakeFiles/cmTC_6eae9.dir/build.make CMakeFiles/cmTC_6eae9.dir/build
Building CXX object CMakeFiles/cmTC_6eae9.dir/CMakeCXXCompilerABI.cpp.o
/Applications/Xcode.app/Contents/Developer/Toolchains/XcodeDefault.xctoolchain/usr/bin/c++   -isysroot /Applications/Xcode.app/Contents/Developer/Platforms/MacOSX.platform/Developer/SDKs/MacOSX14.2.sdk -mmacosx-version-min=13.6   -v -Wl,-v -MD -MT CMakeFiles/cmTC_6eae9.dir/CMakeCXXCompilerABI.cpp.o -MF CMakeFiles/cmTC_6eae9.dir/CMakeCXXCompilerABI.cpp.o.d -o CMakeFiles/cmTC_6eae9.dir/CMakeCXXCompilerABI.cpp.o -c /usr/local/share/cmake/Modules/CMakeCXXCompilerABI.cpp
Apple clang version 15.0.0 (clang-1500.1.0.2.5)
Target: x86_64-apple-darwin22.6.0
Thread model: posix
InstalledDir: /Applications/Xcode.app/Contents/Developer/Toolchains/XcodeDefault.xctoolchain/usr/bin
clang: warning: -Wl,-v: 'linker' input unused [-Wunused-command-line-argument]
 "/Applications/Xcode.app/Contents/Developer/Toolchains/XcodeDefault.xctoolchain/usr/bin/clang" -cc1 -triple x86_64-apple-macosx13.6.0 -Wundef-prefix=TARGET_OS_ -Wdeprecated-objc-isa-usage -Werror=deprecated-objc-isa-usage -Werror=implicit-function-declaration -emit-obj -mrelax-all --mrelax-relocations -disable-free -clear-ast-before-backend -disable-llvm-verifier -discard-value-names -main-file-name CMakeCXXCompilerABI.cpp -mrelocation-model pic -pic-level 2 -mframe-pointer=all -fno-strict-return -ffp-contract=on -fno-rounding-math -funwind-tables=2 -target-sdk-version=14.2 -fvisibility-inlines-hidden-static-local-var -target-cpu penryn -tune-cpu generic -mllvm -treat-scalable-fixed-error-as-warning -debugger-tuning=lldb -target-linker-version 1022.1 -v -fcoverage-compilation-dir=/Users/jocastab/Projects/CPP3_BrickGame_v2.0/build/CMakeFiles/CMakeTmp -resource-dir /Applications/Xcode.app/Contents/Developer/Toolchains/XcodeDefault.xctoolchain/usr/lib/clang/15.0.0 -dependency-file CMakeFiles/cmTC_6eae9.dir/CMakeCXXCompilerABI.cpp.o.d -skip-unused-modulemap-deps -MT CMakeFiles/cmTC_6eae9.dir/CMakeCXXCompilerABI.cpp.o -sys-header-deps -isysroot /Applications/Xcode.app/Contents/Developer/Platforms/MacOSX.platform/Developer/SDKs/MacOSX14.2.sdk -c-isystem /usr/local/include/ -cxx-isystem /usr/local/include/ -internal-isystem /Applications/Xcode.app/Contents/Developer/Platforms/MacOSX.platform/Developer/SDKs/MacOSX14.2.sdk/usr/include/c++/v1 -internal-isystem /Applications/Xcode.app/Contents/Developer/Platforms/MacOSX.platform/Developer/SDKs/MacOSX14.2.sdk/usr/local/include -internal-isystem /Applications/Xcode.app/Contents/Developer/Toolchains/XcodeDefault.xctoolchain/usr/lib/clang/15.0.0/include -internal-externc-isystem /Applications/Xcode.app/Contents/Developer/Platforms/MacOSX.platform/Developer/SDKs/MacOSX14.2.sdk/usr/include -internal-externc-isystem /Applications/Xcode.app/Contents/Developer/Toolchains/XcodeDefault.xctoolchain/usr/include -Wno-reorder-init-list -Wno-implicit-int-float-conversion -Wno-c99-designator -Wno-final-dtor-non-final-class -Wno-extra-semi-stmt -Wno-misleading-indentation -Wno-quoted-include-in-framework-header -Wno-implicit-fallthrough -Wno-enum-enum-conversion -Wno-enum-float-conversion -Wno-elaborated-enum-base -Wno-reserved-identifier -Wno-gnu-folding-constant -fdeprecated-macro -fdebug-compilation-dir=/Users/jocastab/Projects/CPP3_BrickGame_v2.0/build/CMakeFiles/CMakeTmp -ferror-limit 19 -stack-protector 1 -fstack-check -mdarwin-stkchk-strong-link -fblocks -fencode-extended-block-signature -fregister-global-dtors-with-atexit -fgnuc-version=4.2.1 -fno-cxx-modules -fcxx-exceptions -fexceptions -fmax-type-align=16 -fcommon -clang-vendor-feature=+disableNonDependentMemberExprInCurrentInstantiation -fno-odr-hash-protocols -clang-vendor-feature=+enableAggressiveVLAFolding -clang-vendor-feature=+revert09abecef7bbf -clang-vendor-feature=+thisNoAlignAttr -clang-vendor-feature=+thisNoNullAttr -mllvm -disable-aligned-alloc-awareness=1 -D__GCC_HAVE_DWARF2_CFI_ASM=1 -o CMakeFiles/cmTC_6eae9.dir/CMakeCXXCompilerABI.cpp.o -x c++ /usr/local/share/cmake/Modules/CMakeCXXCompilerABI.cpp
clang -cc1 version 15.0.0 (clang-1500.1.0.2.5) default target x86_64-apple-darwin22.6.0
ignoring nonexistent directory "/Applications/Xcode.app/Contents/Developer/Platforms/MacOSX.platform/Developer/SDKs/MacOSX14.2.sdk/usr/local/include"
ignoring nonexistent directory "/Applications/Xcode.app/Contents/Developer/Platforms/MacOSX.platform/Developer/SDKs/MacOSX14.2.sdk/Library/Frameworks"
#include "..." search starts here:
#include <...> search starts here:
 /usr/local/include
 /Applications/Xcode.app/Contents/Developer/Platforms/MacOSX.platform/Developer/SDKs/MacOSX14.2.sdk/usr/include/c++/v1
 /Applications/Xcode.app/Contents/Developer/Toolchains/XcodeDefault.xctoolchain/usr/lib/clang/15.0.0/include
 /Applications/Xcode.app/Contents/Developer/Platforms/MacOSX.platform/Developer/SDKs/MacOSX14.2.sdk/usr/include
 /Applications/Xcode.app/Contents/Developer/Toolchains/XcodeDefault.xctoolchain/usr/include
 /Applications/Xcode.app/Contents/Developer/Platforms/MacOSX.platform/Developer/SDKs/MacOSX14.2.sdk/System/Library/Frameworks (framework directory)
End of search list.
Linking CXX executable cmTC_6eae9
/usr/local/bin/cmake -E cmake_link_script CMakeFiles/cmTC_6eae9.dir/link.txt --verbose=1
/Applications/Xcode.app/Contents/Developer/Toolchains/XcodeDefault.xctoolchain/usr/bin/c++  -isysroot /Applications/Xcode.app/Contents/Developer/Platforms/MacOSX.platform/Developer/SDKs/MacOSX14.2.sdk -mmacosx-version-min=13.6 -Wl,-search_paths_first -Wl,-headerpad_max_install_names  -v -Wl,-v CMakeFiles/cmTC_6eae9.dir/CMakeCXXCompilerABI.cpp.o -o cmTC_6eae9 
Apple clang version 15.0.0 (clang-1500.1.0.2.5)
Target: x86_64-apple-darwin22.6.0
Thread model: posix
InstalledDir: /Applications/Xcode.app/Contents/Developer/Toolchains/XcodeDefault.xctoolchain/usr/bin
 "/Applications/Xcode.app/Contents/Developer/Toolchains/XcodeDefault.xctoolchain/usr/bin/ld" -demangle -lto_library /Applications/Xcode.app/Contents/Developer/Toolchains/XcodeDefault.xctoolchain/usr/lib/libLTO.dylib -dynamic -arch x86_64 -platform_version macos 13.6.0 14.2 -syslibroot /Applications/Xcode.app/Contents/Developer/Platforms/MacOSX.platform/Developer/SDKs/MacOSX14.2.sdk -o cmTC_6eae9 -L/usr/local/Cellar/check/0.15.2/lib -L/usr/local/lib -search_paths_first -headerpad_max_install_names -v CMakeFiles/cmTC_6eae9.dir/CMakeCXXCompilerABI.cpp.o -lc++ -lSystem /Applications/Xcode.app/Contents/Developer/Toolchains/XcodeDefault.xctoolchain/usr/lib/clang/15.0.0/lib/darwin/libclang_rt.osx.a
@(#)PROGRAM:ld  PROJECT:dyld-1022.1
BUILD 05:26:33 Dec  7 2023
configured to support archs: armv6 armv7 armv7s arm64 arm64e arm64_32 i386 x86_64 x86_64h
will use ld-classic for: armv6 armv7 armv7s arm64_32 i386 armv6m armv7k armv7m armv7em
LTO support using: LLVM version 15.0.0 (static support for 29, runtime is 29)
TAPI support using: Apple TAPI version 15.0.0 (tapi-1500.0.12.8)
Library search paths:
	/usr/local/Cellar/check/0.15.2/lib
	/usr/local/lib
Framework search paths:



Parsed CXX implicit include dir info from above output: rv=done
  found start of include info
  found start of implicit include info
    add: [/usr/local/include]
    add: [/Applications/Xcode.app/Contents/Developer/Platforms/MacOSX.platform/Developer/SDKs/MacOSX14.2.sdk/usr/include/c++/v1]
    add: [/Applications/Xcode.app/Contents/Developer/Toolchains/XcodeDefault.xctoolchain/usr/lib/clang/15.0.0/include]
    add: [/Applications/Xcode.app/Contents/Developer/Platforms/MacOSX.platform/Developer/SDKs/MacOSX14.2.sdk/usr/include]
    add: [/Applications/Xcode.app/Contents/Developer/Toolchains/XcodeDefault.xctoolchain/usr/include]
  end of search list found
  collapse include dir [/usr/local/include] ==> [/usr/local/include]
  collapse include dir [/Applications/Xcode.app/Contents/Developer/Platforms/MacOSX.platform/Developer/SDKs/MacOSX14.2.sdk/usr/include/c++/v1] ==> [/Applications/Xcode.app/Contents/Developer/Platforms/MacOSX.platform/Developer/SDKs/MacOSX14.2.sdk/usr/include/c++/v1]
  collapse include dir [/Applications/Xcode.app/Contents/Developer/Toolchains/XcodeDefault.xctoolchain/usr/lib/clang/15.0.0/include] ==> [/Applications/Xcode.app/Contents/Developer/Toolchains/XcodeDefault.xctoolchain/usr/lib/clang/15.0.0/include]
  collapse include dir [/Applications/Xcode.app/Contents/Developer/Platforms/MacOSX.platform/Developer/SDKs/MacOSX14.2.sdk/usr/include] ==> [/Applications/Xcode.app/Contents/Developer/Platforms/MacOSX.platform/Developer/SDKs/MacOSX14.2.sdk/usr/include]
  collapse include dir [/Applications/Xcode.app/Contents/Developer/Toolchains/XcodeDefault.xctoolchain/usr/include] ==> [/Applications/Xcode.app/Contents/Developer/Toolchains/XcodeDefault.xctoolchain/usr/include]
  implicit include dirs: [/usr/local/include;/Applications/Xcode.app/Contents/Developer/Platforms/MacOSX.platform/Developer/SDKs/MacOSX14.2.sdk/usr/include/c++/v1;/Applications/Xcode.app/Contents/Developer/Toolchains/XcodeDefault.xctoolchain/usr/lib/clang/15.0.0/include;/Applications/Xcode.app/Contents/Developer/Platforms/MacOSX.platform/Developer/SDKs/MacOSX14.2.sdk/usr/include;/Applications/Xcode.app/Contents/Developer/Toolchains/XcodeDefault.xctoolchain/usr/include]


Parsed CXX implicit link information from above output:
  link line regex: [^( *|.*[/\])(ld|CMAKE_LINK_STARTFILE-NOTFOUND|([^/\]+-)?ld|collect2)[^/\]*( |$)]
  ignore line: [Change Dir: /Users/jocastab/Projects/CPP3_BrickGame_v2.0/build/CMakeFiles/CMakeTmp]
  ignore line: []
  ignore line: [Run Build Command(s):/usr/bin/make -f Makefile cmTC_6eae9/fast && /Applications/Xcode.app/Contents/Developer/usr/bin/make  -f CMakeFiles/cmTC_6eae9.dir/build.make CMakeFiles/cmTC_6eae9.dir/build]
  ignore line: [Building CXX object CMakeFiles/cmTC_6eae9.dir/CMakeCXXCompilerABI.cpp.o]
  ignore line: [/Applications/Xcode.app/Contents/Developer/Toolchains/XcodeDefault.xctoolchain/usr/bin/c++   -isysroot /Applications/Xcode.app/Contents/Developer/Platforms/MacOSX.platform/Developer/SDKs/MacOSX14.2.sdk -mmacosx-version-min=13.6   -v -Wl -v -MD -MT CMakeFiles/cmTC_6eae9.dir/CMakeCXXCompilerABI.cpp.o -MF CMakeFiles/cmTC_6eae9.dir/CMakeCXXCompilerABI.cpp.o.d -o CMakeFiles/cmTC_6eae9.dir/CMakeCXXCompilerABI.cpp.o -c /usr/local/share/cmake/Modules/CMakeCXXCompilerABI.cpp]
  ignore line: [Apple clang version 15.0.0 (clang-1500.1.0.2.5)]
  ignore line: [Target: x86_64-apple-darwin22.6.0]
  ignore line: [Thread model: posix]
  ignore line: [InstalledDir: /Applications/Xcode.app/Contents/Developer/Toolchains/XcodeDefault.xctoolchain/usr/bin]
  ignore line: [clang: warning: -Wl -v: 'linker' input unused [-Wunused-command-line-argument]]
  ignore line: [ "/Applications/Xcode.app/Contents/Developer/Toolchains/XcodeDefault.xctoolchain/usr/bin/clang" -cc1 -triple x86_64-apple-macosx13.6.0 -Wundef-prefix=TARGET_OS_ -Wdeprecated-objc-isa-usage -Werror=deprecated-objc-isa-usage -Werror=implicit-function-declaration -emit-obj -mrelax-all --mrelax-relocations -disable-free -clear-ast-before-backend -disable-llvm-verifier -discard-value-names -main-file-name CMakeCXXCompilerABI.cpp -mrelocation-model pic -pic-level 2 -mframe-pointer=all -fno-strict-return -ffp-contract=on -fno-rounding-math -funwind-tables=2 -target-sdk-version=14.2 -fvisibility-inlines-hidden-static-local-var -target-cpu penryn -tune-cpu generic -mllvm -treat-scalable-fixed-error-as-warning -debugger-tuning=lldb -target-linker-version 1022.1 -v -fcoverage-compilation-dir=/Users/jocastab/Projects/CPP3_BrickGame_v2.0/build/CMakeFiles/CMakeTmp -resource-dir /Applications/Xcode.app/Contents/Developer/Toolchains/XcodeDefault.xctoolchain/usr/lib/clang/15.0.0 -dependency-file CMakeFiles/cmTC_6eae9.dir/CMakeCXXCompilerABI.cpp.o.d -skip-unused-modulemap-deps -MT CMakeFiles/cmTC_6eae9.dir/CMakeCXXCompilerABI.cpp.o -sys-header-deps -isysroot /Applications/Xcode.app/Contents/Developer/Platforms/MacOSX.platform/Developer/SDKs/MacOSX14.2.sdk -c-isystem /usr/local/include/ -cxx-isystem /usr/local/include/ -internal-isystem /Applications/Xcode.app/Contents/Developer/Platforms/MacOSX.platform/Developer/SDKs/MacOSX14.2.sdk/usr/include/c++/v1 -internal-isystem /Applications/Xcode.app/Contents/Developer/Platforms/MacOSX.platform/Developer/SDKs/MacOSX14.2.sdk/usr/local/include -internal-isystem /Applications/Xcode.app/Contents/Developer/Toolchains/XcodeDefault.xctoolchain/usr/lib/clang/15.0.0/include -internal-externc-isystem /Applications/Xcode.app/Contents/Developer/Platforms/MacOSX.platform/Developer/SDKs/MacOSX14.2.sdk/usr/include -internal-externc-isystem /Applications/Xcode.app/Contents/Developer/Toolchains/XcodeDefault.xctoolchain/usr/include -Wno-reorder-init-list -Wno-implicit-int-float-conversion -Wno-c99-designator -Wno-final-dtor-non-final-class -Wno-extra-semi-stmt -Wno-misleading-indentation -Wno-quoted-include-in-framework-header -Wno-implicit-fallthrough -Wno-enum-enum-conversion -Wno-enum-float-conversion -Wno-elaborated-enum-base -Wno-reserved-identifier -Wno-gnu-folding-constant -fdeprecated-macro -fdebug-compilation-dir=/Users/jocastab/Projects/CPP3_BrickGame_v2.0/build/CMakeFiles/CMakeTmp -ferror-limit 19 -stack-protector 1 -fstack-check -mdarwin-stkchk-strong-link -fblocks -fencode-extended-block-signature -fregister-global-dtors-with-atexit -fgnuc-version=4.2.1 -fno-cxx-modules -fcxx-exceptions -fexceptions -fmax-type-align=16 -fcommon -clang-vendor-feature=+disableNonDependentMemberExprInCurrentInstantiation -fno-odr-hash-protocols -clang-vendor-feature=+enableAggressiveVLAFolding -clang-vendor-feature=+revert09abecef7bbf -clang-vendor-feature=+thisNoAlignAttr -clang-vendor-feature=+thisNoNullAttr -mllvm -disable-aligned-alloc-awareness=1 -D__GCC_HAVE_DWARF2_CFI_ASM=1 -o CMakeFiles/cmTC_6eae9.dir/CMakeCXXCompilerABI.cpp.o -x c++ /usr/local/share/cmake/Modules/CMakeCXXCompilerABI.cpp]
  ignore line: [clang -cc1 version 15.0.0 (clang-1500.1.0.2.5) default target x86_64-apple-darwin22.6.0]
  ignore line: [ignoring nonexistent directory "/Applications/Xcode.app/Contents/Developer/Platforms/MacOSX.platform/Developer/SDKs/MacOSX14.2.sdk/usr/local/include"]
  ignore line: [ignoring nonexistent directory "/Applications/Xcode.app/Contents/Developer/Platforms/MacOSX.platform/Developer/SDKs/MacOSX14.2.sdk/Library/Frameworks"]
  ignore line: [#include "..." search starts here:]
  ignore line: [#include <...> search starts here:]
  ignore line: [ /usr/local/include]
  ignore line: [ /Applications/Xcode.app/Contents/Developer/Platforms/MacOSX.platform/Developer/SDKs/MacOSX14.2.sdk/usr/include/c++/v1]
  ignore line: [ /Applications/Xcode.app/Contents/Developer/Toolchains/XcodeDefault.xctoolchain/usr/lib/clang/15.0.0/include]
  ignore line: [ /Applications/Xcode.app/Contents/Developer/Platforms/MacOSX.platform/Developer/SDKs/MacOSX14.2.sdk/usr/include]
  ignore line: [ /Applications/Xcode.app/Contents/Developer/Toolchains/XcodeDefault.xctoolchain/usr/include]
  ignore line: [ /Applications/Xcode.app/Contents/Developer/Platforms/MacOSX.platform/Developer/SDKs/MacOSX14.2.sdk/System/Library/Frameworks (framework directory)]
  ignore line: [End of search list.]
  ignore line: [Linking CXX executable cmTC_6eae9]
  ignore line: [/usr/local/bin/cmake -E cmake_link_script CMakeFiles/cmTC_6eae9.dir/link.txt --verbose=1]
  ignore line: [/Applications/Xcode.app/Contents/Developer/Toolchains/XcodeDefault.xctoolchain/usr/bin/c++  -isysroot /Applications/Xcode.app/Contents/Developer/Platforms/MacOSX.platform/Developer/SDKs/MacOSX14.2.sdk -mmacosx-version-min=13.6 -Wl -search_paths_first -Wl -headerpad_max_install_names  -v -Wl -v CMakeFiles/cmTC_6eae9.dir/CMakeCXXCompilerABI.cpp.o -o cmTC_6eae9 ]
  ignore line: [Apple clang version 15.0.0 (clang-1500.1.0.2.5)]
  ignore line: [Target: x86_64-apple-darwin22.6.0]
  ignore line: [Thread model: posix]
  ignore line: [InstalledDir: /Applications/Xcode.app/Contents/Developer/Toolchains/XcodeDefault.xctoolchain/usr/bin]
  link line: [ "/Applications/Xcode.app/Contents/Developer/Toolchains/XcodeDefault.xctoolchain/usr/bin/ld" -demangle -lto_library /Applications/Xcode.app/Contents/Developer/Toolchains/XcodeDefault.xctoolchain/usr/lib/libLTO.dylib -dynamic -arch x86_64 -platform_version macos 13.6.0 14.2 -syslibroot /Applications/Xcode.app/Contents/Developer/Platforms/MacOSX.platform/Developer/SDKs/MacOSX14.2.sdk -o cmTC_6eae9 -L/usr/local/Cellar/check/0.15.2/lib -L/usr/local/lib -search_paths_first -headerpad_max_install_names -v CMakeFiles/cmTC_6eae9.dir/CMakeCXXCompilerABI.cpp.o -lc++ -lSystem /Applications/Xcode.app/Contents/Developer/Toolchains/XcodeDefault.xctoolchain/usr/lib/clang/15.0.0/lib/darwin/libclang_rt.osx.a]
    arg [/Applications/Xcode.app/Contents/Developer/Toolchains/XcodeDefault.xctoolchain/usr/bin/ld] ==> ignore
    arg [-demangle] ==> ignore
    arg [-lto_library] ==> ignore, skip following value
    arg [/Applications/Xcode.app/Contents/Developer/Toolchains/XcodeDefault.xctoolchain/usr/lib/libLTO.dylib] ==> skip value of -lto_library
    arg [-dynamic] ==> ignore
    arg [-arch] ==> ignore
    arg [x86_64] ==> ignore
    arg [-platform_version] ==> ignore
    arg [macos] ==> ignore
    arg [13.6.0] ==> ignore
    arg [14.2] ==> ignore
    arg [-syslibroot] ==> ignore
    arg [/Applications/Xcode.app/Contents/Developer/Platforms/MacOSX.platform/Developer/SDKs/MacOSX14.2.sdk] ==> ignore
    arg [-o] ==> ignore
    arg [cmTC_6eae9] ==> ignore
    arg [-L/usr/local/Cellar/check/0.15.2/lib] ==> dir [/usr/local/Cellar/check/0.15.2/lib]
    arg [-L/usr/local/lib] ==> dir [/usr/local/lib]
    arg [-search_paths_first] ==> ignore
    arg [-headerpad_max_install_names] ==> ignore
    arg [-v] ==> ignore
    arg [CMakeFiles/cmTC_6eae9.dir/CMakeCXXCompilerABI.cpp.o] ==> ignore
    arg [-lc++] ==> lib [c++]
    arg [-lSystem] ==> lib [System]
    arg [/Applications/Xcode.app/Contents/Developer/Toolchains/XcodeDefault.xctoolchain/usr/lib/clang/15.0.0/lib/darwin/libclang_rt.osx.a] ==> lib [/Applications/Xcode.app/Contents/Developer/Toolchains/XcodeDefault.xctoolchain/usr/lib/clang/15.0.0/lib/darwin/libclang_rt.osx.a]
  Library search paths: [;/usr/local/Cellar/check/0.15.2/lib;/usr/local/lib]
  remove lib [System]
  remove lib [/Applications/Xcode.app/Contents/Developer/Toolchains/XcodeDefault.xctoolchain/usr/lib/clang/15.0.0/lib/darwin/libclang_rt.osx.a]
  collapse library dir [/usr/local/Cellar/check/0.15.2/lib] ==> [/usr/local/Cellar/check/0.15.2/lib]
  collapse library dir [/usr/local/lib] ==> [/usr/local/lib]
  collapse library dir [/usr/local/Cellar/check/0.15.2/lib] ==> [/usr/local/Cellar/check/0.15.2/lib]
  collapse library dir [/usr/local/lib] ==> [/usr/local/lib]
  implicit libs: [c++]
  implicit objs: []
  implicit dirs: [/usr/local/Cellar/check/0.15.2/lib;/usr/local/lib]
  implicit fwks: []


Determining if the include file pthread.h exists passed with the following output:
Change Dir: /Users/jocastab/Projects/CPP3_BrickGame_v2.0/build/CMakeFiles/CMakeTmp

Run Build Command(s):/usr/bin/make -f Makefile cmTC_5d566/fast && /Applications/Xcode.app/Contents/Developer/usr/bin/make  -f CMakeFiles/cmTC_5d566.dir/build.make CMakeFiles/cmTC_5d566.dir/build
Building C object CMakeFiles/cmTC_5d566.dir/CheckIncludeFile.c.o
/Applications/Xcode.app/Contents/Developer/Toolchains/XcodeDefault.xctoolchain/usr/bin/cc   -isysroot /Applications/Xcode.app/Contents/Developer/Platforms/MacOSX.platform/Developer/SDKs/MacOSX14.2.sdk -mmacosx-version-min=13.6 -MD -MT CMakeFiles/cmTC_5d566.dir/CheckIncludeFile.c.o -MF CMakeFiles/cmTC_5d566.dir/CheckIncludeFile.c.o.d -o CMakeFiles/cmTC_5d566.dir/CheckIncludeFile.c.o -c /Users/jocastab/Projects/CPP3_BrickGame_v2.0/build/CMakeFiles/CMakeTmp/CheckIncludeFile.c
Linking C executable cmTC_5d566
/usr/local/bin/cmake -E cmake_link_script CMakeFiles/cmTC_5d566.dir/link.txt --verbose=1
/Applications/Xcode.app/Contents/Developer/Toolchains/XcodeDefault.xctoolchain/usr/bin/cc  -isysroot /Applications/Xcode.app/Contents/Developer/Platforms/MacOSX.platform/Developer/SDKs/MacOSX14.2.sdk -mmacosx-version-min=13.6 -Wl,-search_paths_first -Wl,-headerpad_max_install_names CMakeFiles/cmTC_5d566.dir/CheckIncludeFile.c.o -o cmTC_5d566 



Performing C SOURCE FILE Test CMAKE_HAVE_LIBC_PTHREAD succeeded with the following output:
Change Dir: /Users/jocastab/Projects/CPP3_BrickGame_v2.0/build/CMakeFiles/CMakeTmp

Run Build Command(s):/usr/bin/make -f Makefile cmTC_b8bf7/fast && /Applications/Xcode.app/Contents/Developer/usr/bin/make  -f CMakeFiles/cmTC_b8bf7.dir/build.make CMakeFiles/cmTC_b8bf7.dir/build
Building C object CMakeFiles/cmTC_b8bf7.dir/src.c.o
/Applications/Xcode.app/Contents/Developer/Toolchains/XcodeDefault.xctoolchain/usr/bin/cc -DCMAKE_HAVE_LIBC_PTHREAD  -isysroot /Applications/Xcode.app/Contents/Developer/Platforms/MacOSX.platform/Developer/SDKs/MacOSX14.2.sdk -mmacosx-version-min=13.6 -MD -MT CMakeFiles/cmTC_b8bf7.dir/src.c.o -MF CMakeFiles/cmTC_b8bf7.dir/src.c.o.d -o CMakeFiles/cmTC_b8bf7.dir/src.c.o -c /Users/jocastab/Projects/CPP3_BrickGame_v2.0/build/CMakeFiles/CMakeTmp/src.c
Linking C executable cmTC_b8bf7
/usr/local/bin/cmake -E cmake_link_script CMakeFiles/cmTC_b8bf7.dir/link.txt --verbose=1
/Applications/Xcode.app/Contents/Developer/Toolchains/XcodeDefault.xctoolchain/usr/bin/cc  -isysroot /Applications/Xcode.app/Contents/Developer/Platforms/MacOSX.platform/Developer/SDKs/MacOSX14.2.sdk -mmacosx-version-min=13.6 -Wl,-search_paths_first -Wl,-headerpad_max_install_names CMakeFiles/cmTC_b8bf7.dir/src.c.o -o cmTC_b8bf7 


Source file was:
#include <pthread.h>

static void* test_func(void* data)
{
  return data;
}

int main(void)
{
  pthread_t thread;
  pthread_create(&thread, NULL, test_func, NULL);
  pthread_detach(thread);
  pthread_cancel(thread);
  pthread_join(thread, NULL);
  pthread_atfork(NULL, NULL, NULL);
  pthread_exit(NULL);

  return 0;
}

Performing C++ SOURCE FILE Test HAVE_STDATOMIC succeeded with the following output:
Change Dir: /Users/jocastab/Projects/CPP3_BrickGame_v2.0/build/CMakeFiles/CMakeTmp

Run Build Command(s):/usr/bin/make -f Makefile cmTC_b8409/fast && /Applications/Xcode.app/Contents/Developer/usr/bin/make  -f CMakeFiles/cmTC_b8409.dir/build.make CMakeFiles/cmTC_b8409.dir/build
Building CXX object CMakeFiles/cmTC_b8409.dir/src.cxx.o
/Applications/Xcode.app/Contents/Developer/Toolchains/XcodeDefault.xctoolchain/usr/bin/c++ -DHAVE_STDATOMIC  -isysroot /Applications/Xcode.app/Contents/Developer/Platforms/MacOSX.platform/Developer/SDKs/MacOSX14.2.sdk -mmacosx-version-min=13.6 -std=gnu++17 -MD -MT CMakeFiles/cmTC_b8409.dir/src.cxx.o -MF CMakeFiles/cmTC_b8409.dir/src.cxx.o.d -o CMakeFiles/cmTC_b8409.dir/src.cxx.o -c /Users/jocastab/Projects/CPP3_BrickGame_v2.0/build/CMakeFiles/CMakeTmp/src.cxx
Linking CXX executable cmTC_b8409
/usr/local/bin/cmake -E cmake_link_script CMakeFiles/cmTC_b8409.dir/link.txt --verbose=1
/Applications/Xcode.app/Contents/Developer/Toolchains/XcodeDefault.xctoolchain/usr/bin/c++  -isysroot /Applications/Xcode.app/Contents/Developer/Platforms/MacOSX.platform/Developer/SDKs/MacOSX14.2.sdk -mmacosx-version-min=13.6 -Wl,-search_paths_first -Wl,-headerpad_max_install_names CMakeFiles/cmTC_b8409.dir/src.cxx.o -o cmTC_b8409 


Source file was:
#include <atomic>
#include <cstdint>

int main(int, char **)
{
    volatile std::atomic<char>    size_1;
    volatile std::atomic<short>   size_2;
    volatile std::atomic<int>     size_4;
    volatile std::atomic<int64_t> size_8;

    ++size_1;
    ++size_2;
    ++size_4;
    ++size_8;

    (void)size_1.load(std::memory_order_relaxed);
    (void)size_2.load(std::memory_order_relaxed);
    (void)size_4.load(std::memory_order_relaxed);
    (void)size_8.load(std::memory_order_relaxed);

    return 0;
}
The system is: Darwin - 22.6.0 - x86_64
Compiling the C compiler identification source file "CMakeCCompilerId.c" succeeded.
Compiler: /Applications/Xcode.app/Contents/Developer/Toolchains/XcodeDefault.xctoolchain/usr/bin/cc 
Build flags: 
Id flags: -c 

The output was:
0


Compilation of the C compiler identification source "CMakeCCompilerId.c" produced "CMakeCCompilerId.o"

The C compiler identification is AppleClang, found in "/Users/jocastab/Projects/CPP3_BrickGame_v2.0/build/CMakeFiles/3.23.0/CompilerIdC/CMakeCCompilerId.o"

Compiling the CXX compiler identification source file "CMakeCXXCompilerId.cpp" succeeded.
Compiler: /Applications/Xcode.app/Contents/Developer/Toolchains/XcodeDefault.xctoolchain/usr/bin/c++ 
Build flags: 
Id flags: -c 

The output was:
0


Compilation of the CXX compiler identification source "CMakeCXXCompilerId.cpp" produced "CMakeCXXCompilerId.o"

The CXX compiler identification is AppleClang, found in "/Users/jocastab/Projects/CPP3_BrickGame_v2.0/build/CMakeFiles/3.23.0/CompilerIdCXX/CMakeCXXCompilerId.o"

Detecting C compiler ABI info compiled with the following output:
Change Dir: /Users/jocastab/Projects/CPP3_BrickGame_v2.0/build/CMakeFiles/CMakeTmp

Run Build Command(s):/usr/bin/make -f Makefile cmTC_680c5/fast && /Applications/Xcode.app/Contents/Developer/usr/bin/make  -f CMakeFiles/cmTC_680c5.dir/build.make CMakeFiles/cmTC_680c5.dir/build
Building C object CMakeFiles/cmTC_680c5.dir/CMakeCCompilerABI.c.o
/Applications/Xcode.app/Contents/Developer/Toolchains/XcodeDefault.xctoolchain/usr/bin/cc   -isysroot /Applications/Xcode.app/Contents/Developer/Platforms/MacOSX.platform/Developer/SDKs/MacOSX14.2.sdk -mmacosx-version-min=13.6   -v -Wl,-v -MD -MT CMakeFiles/cmTC_680c5.dir/CMakeCCompilerABI.c.o -MF CMakeFiles/cmTC_680c5.dir/CMakeCCompilerABI.c.o.d -o CMakeFiles/cmTC_680c5.dir/CMakeCCompilerABI.c.o -c /usr/local/share/cmake/Modules/CMakeCCompilerABI.c
Apple clang version 15.0.0 (clang-1500.1.0.2.5)
Target: x86_64-apple-darwin22.6.0
Thread model: posix
InstalledDir: /Applications/Xcode.app/Contents/Developer/Toolchains/XcodeDefault.xctoolchain/usr/bin
clang: warning: -Wl,-v: 'linker' input unused [-Wunused-command-line-argument]
 "/Applications/Xcode.app/Contents/Developer/Toolchains/XcodeDefault.xctoolchain/usr/bin/clang" -cc1 -triple x86_64-apple-macosx13.6.0 -Wundef-prefix=TARGET_OS_ -Wdeprecated-objc-isa-usage -Werror=deprecated-objc-isa-usage -Werror=implicit-function-declaration -emit-obj -mrelax-all --mrelax-relocations -disable-free -clear-ast-before-backend -disable-llvm-verifier -discard-value-names -main-file-name CMakeCCompilerABI.c -mrelocation-model pic -pic-level 2 -mframe-pointer=all -fno-strict-return -ffp-contract=on -fno-rounding-math -funwind-tables=2 -target-sdk-version=14.2 -fvisibility-inlines-hidden-static-local-var -target-cpu penryn -tune-cpu generic -mllvm -treat-scalable-fixed-error-as-warning -debugger-tuning=lldb -target-linker-version 1022.1 -v -fcoverage-compilation-dir=/Users/jocastab/Projects/CPP3_BrickGame_v2.0/build/CMakeFiles/CMakeTmp -resource-dir /Applications/Xcode.app/Contents/Developer/Toolchains/XcodeDefault.xctoolchain/usr/lib/clang/15.0.0 -dependency-file CMakeFiles/cmTC_680c5.dir/CMakeCCompilerABI.c.o.d -skip-unused-modulemap-deps -MT CMakeFiles/cmTC_680c5.dir/CMakeCCompilerABI.c.o -sys-header-deps -isysroot /Applications/Xcode.app/Contents/Developer/Platforms/MacOSX.platform/Developer/SDKs/MacOSX14.2.sdk -c-isystem /usr/local/include/ -cxx-isystem /usr/local/include/ -internal-isystem /Applications/Xcode.app/Contents/Developer/Platforms/MacOSX.platform/Developer/SDKs/MacOSX14.2.sdk/usr/local/include -internal-isystem /Applications/Xcode.app/Contents/Developer/Toolchains/XcodeDefault.xctoolchain/usr/lib/clang/15.0.0/include -internal-externc-isystem /Applications/Xcode.app/Contents/Developer/Platforms/MacOSX.platform/Developer/SDKs/MacOSX14.2.sdk/usr/include -internal-externc-isystem /Applications/Xcode.app/Contents/Developer/Toolchains/XcodeDefault.xctoolchain/usr/include -Wno-reorder-init-list -Wno-implicit-int-float-conversion -Wno-c99-designator -Wno-final-dtor-non-final-class -Wno-extra-semi-stmt -Wno-misleading-indentation -Wno-quoted-include-in-framework-header -Wno-implicit-fallthrough -Wno-enum-enum-conversion -Wno-enum-float-conversion -Wno-elaborated-enum-base -Wno-reserved-identifier -Wno-gnu-folding-constant -fdebug-compilation-dir=/Users/jocastab/Projects/CPP3_BrickGame_v2.0/build/CMakeFiles/CMakeTmp -ferror-limit 19 -stack-protector 1 -fstack-check -mdarwin-stkchk-strong-link -fblocks -fencode-extended-block-signature -fregister-global-dtors-with-atexit -fgnuc-version=4.2.1 -fmax-type-align=16 -fcommon -clang-vendor-feature=+disableNonDependentMemberExprInCurrentInstantiation -fno-odr-hash-protocols -clang-vendor-feature=+enableAggressiveVLAFolding -clang-vendor-feature=+revert09abecef7bbf -clang-vendor-feature=+thisNoAlignAttr -clang-vendor-feature=+thisNoNullAttr -mllvm -disable-aligned-alloc-awareness=1 -D__GCC_HAVE_DWARF2_CFI_ASM=1 -o CMakeFiles/cmTC_680c5.dir/CMakeCCompilerABI.c.o -x c /usr/local/share/cmake/Modules/CMakeCCompilerABI.c
clang -cc1 version 15.0.0 (clang-1500.1.0.2.5) default target x86_64-apple-darwin22.6.0
ignoring nonexistent directory "/Applications/Xcode.app/Contents/Developer/Platforms/MacOSX.platform/Developer/SDKs/MacOSX14.2.sdk/usr/local/include"
ignoring nonexistent directory "/Applications/Xcode.app/Contents/Developer/Platforms/MacOSX.platform/Developer/SDKs/MacOSX14.2.sdk/Library/Frameworks"
#include "..." search starts here:
#include <...> search starts here:
 /usr/local/include
 /Applications/Xcode.app/Contents/Developer/Toolchains/XcodeDefault.xctoolchain/usr/lib/clang/15.0.0/include
 /Applications/Xcode.app/Contents/Developer/Platforms/MacOSX.platform/Developer/SDKs/MacOSX14.2.sdk/usr/include
 /Applications/Xcode.app/Contents/Developer/Toolchains/XcodeDefault.xctoolchain/usr/include
 /Applications/Xcode.app/Contents/Developer/Platforms/MacOSX.platform/Developer/SDKs/MacOSX14.2.sdk/System/Library/Frameworks (framework directory)
End of search list.
Linking C executable cmTC_680c5
/usr/local/bin/cmake -E cmake_link_script CMakeFiles/cmTC_680c5.dir/link.txt --verbose=1
/Applications/Xcode.app/Contents/Developer/Toolchains/XcodeDefault.xctoolchain/usr/bin/cc  -isysroot /Applications/Xcode.app/Contents/Developer/Platforms/MacOSX.platform/Developer/SDKs/MacOSX14.2.sdk -mmacosx-version-min=13.6 -Wl,-search_paths_first -Wl,-headerpad_max_install_names  -v -Wl,-v CMakeFiles/cmTC_680c5.dir/CMakeCCompilerABI.c.o -o cmTC_680c5 
Apple clang version 15.0.0 (clang-1500.1.0.2.5)
Target: x86_64-apple-darwin22.6.0
Thread model: posix
InstalledDir: /Applications/Xcode.app/Contents/Developer/Toolchains/XcodeDefault.xctoolchain/usr/bin
 "/Applications/Xcode.app/Contents/Developer/Toolchains/XcodeDefault.xctoolchain/usr/bin/ld" -demangle -lto_library /Applications/Xcode.app/Contents/Developer/Toolchains/XcodeDefault.xctoolchain/usr/lib/libLTO.dylib -dynamic -arch x86_64 -platform_version macos 13.6.0 14.2 -syslibroot /Applications/Xcode.app/Contents/Developer/Platforms/MacOSX.platform/Developer/SDKs/MacOSX14.2.sdk -o cmTC_680c5 -L/usr/local/Cellar/check/0.15.2/lib -L/usr/local/lib -search_paths_first -headerpad_max_install_names -v CMakeFiles/cmTC_680c5.dir/CMakeCCompilerABI.c.o -lSystem /Applications/Xcode.app/Contents/Developer/Toolchains/XcodeDefault.xctoolchain/usr/lib/clang/15.0.0/lib/darwin/libclang_rt.osx.a
@(#)PROGRAM:ld  PROJECT:dyld-1022.1
BUILD 05:26:33 Dec  7 2023
configured to support archs: armv6 armv7 armv7s arm64 arm64e arm64_32 i386 x86_64 x86_64h
will use ld-classic for: armv6 armv7 armv7s arm64_32 i386 armv6m armv7k armv7m armv7em
LTO support using: LLVM version 15.0.0 (static support for 29, runtime is 29)
TAPI support using: Apple TAPI version 15.0.0 (tapi-1500.0.12.8)
Library search paths:
	/usr/local/Cellar/check/0.15.2/lib
	/usr/local/lib
Framework search paths:



Parsed C implicit include dir info from above output: rv=done
  found start of include info
  found start of implicit include info
    add: [/usr/local/include]
    add: [/Applications/Xcode.app/Contents/Developer/Toolchains/XcodeDefault.xctoolchain/usr/lib/clang/15.0.0/include]
    add: [/Applications/Xcode.app/Contents/Developer/Platforms/MacOSX.platform/Developer/SDKs/MacOSX14.2.sdk/usr/include]
    add: [/Applications/Xcode.app/Contents/Developer/Toolchains/XcodeDefault.xctoolchain/usr/include]
  end of search list found
  collapse include dir [/usr/local/include] ==> [/usr/local/include]
  collapse include dir [/Applications/Xcode.app/Contents/Developer/Toolchains/XcodeDefault.xctoolchain/usr/lib/clang/15.0.0/include] ==> [/Applications/Xcode.app/Contents/Developer/Toolchains/XcodeDefault.xctoolchain/usr/lib/clang/15.0.0/include]
  collapse include dir [/Applications/Xcode.app/Contents/Developer/Platforms/MacOSX.platform/Developer/SDKs/MacOSX14.2.sdk/usr/include] ==> [/Applications/Xcode.app/Contents/Developer/Platforms/MacOSX.platform/Developer/SDKs/MacOSX14.2.sdk/usr/include]
  collapse include dir [/Applications/Xcode.app/Contents/Developer/Toolchains/XcodeDefault.xctoolchain/usr/include] ==> [/Applications/Xcode.app/Contents/Developer/Toolchains/XcodeDefault.xctoolchain/usr/include]
  implicit include dirs: [/usr/local/include;/Applications/Xcode.app/Contents/Developer/Toolchains/XcodeDefault.xctoolchain/usr/lib/clang/15.0.0/include;/Applications/Xcode.app/Contents/Developer/Platforms/MacOSX.platform/Developer/SDKs/MacOSX14.2.sdk/usr/include;/Applications/Xcode.app/Contents/Developer/Toolchains/XcodeDefault.xctoolchain/usr/include]


Parsed C implicit link information from above output:
  link line regex: [^( *|.*[/\])(ld|CMAKE_LINK_STARTFILE-NOTFOUND|([^/\]+-)?ld|collect2)[^/\]*( |$)]
  ignore line: [Change Dir: /Users/jocastab/Projects/CPP3_BrickGame_v2.0/build/CMakeFiles/CMakeTmp]
  ignore line: []
  ignore line: [Run Build Command(s):/usr/bin/make -f Makefile cmTC_680c5/fast && /Applications/Xcode.app/Contents/Developer/usr/bin/make  -f CMakeFiles/cmTC_680c5.dir/build.make CMakeFiles/cmTC_680c5.dir/build]
  ignore line: [Building C object CMakeFiles/cmTC_680c5.dir/CMakeCCompilerABI.c.o]
  ignore line: [/Applications/Xcode.app/Contents/Developer/Toolchains/XcodeDefault.xctoolchain/usr/bin/cc   -isysroot /Applications/Xcode.app/Contents/Developer/Platforms/MacOSX.platform/Developer/SDKs/MacOSX14.2.sdk -mmacosx-version-min=13.6   -v -Wl -v -MD -MT CMakeFiles/cmTC_680c5.dir/CMakeCCompilerABI.c.o -MF CMakeFiles/cmTC_680c5.dir/CMakeCCompilerABI.c.o.d -o CMakeFiles/cmTC_680c5.dir/CMakeCCompilerABI.c.o -c /usr/local/share/cmake/Modules/CMakeCCompilerABI.c]
  ignore line: [Apple clang version 15.0.0 (clang-1500.1.0.2.5)]
  ignore line: [Target: x86_64-apple-darwin22.6.0]
  ignore line: [Thread model: posix]
  ignore line: [InstalledDir: /Applications/Xcode.app/Contents/Developer/Toolchains/XcodeDefault.xctoolchain/usr/bin]
  ignore line: [clang: warning: -Wl -v: 'linker' input unused [-Wunused-command-line-argument]]
  ignore line: [ "/Applications/Xcode.app/Contents/Developer/Toolchains/XcodeDefault.xctoolchain/usr/bin/clang" -cc1 -triple x86_64-apple-macosx13.6.0 -Wundef-prefix=TARGET_OS_ -Wdeprecated-objc-isa-usage -Werror=deprecated-objc-isa-usage -Werror=implicit-function-declaration -emit-obj -mrelax-all --mrelax-relocations -disable-free -clear-ast-before-backend -disable-llvm-verifier -discard-value-names -main-file-name CMakeCCompilerABI.c -mrelocation-model pic -pic-level 2 -mframe-pointer=all -fno-strict-return -ffp-contract=on -fno-rounding-math -funwind-tables=2 -target-sdk-version=14.2 -fvisibility-inlines-hidden-static-local-var -target-cpu penryn -tune-cpu generic -mllvm -treat-scalable-fixed-error-as-warning -debugger-tuning=lldb -target-linker-version 1022.1 -v -fcoverage-compilation-dir=/Users/jocastab/Projects/CPP3_BrickGame_v2.0/build/CMakeFiles/CMakeTmp -resource-dir /Applications/Xcode.app/Contents/Developer/Toolchains/XcodeDefault.xctoolchain/usr/lib/clang/15.0.0 -dependency-file CMakeFiles/cmTC_680c5.dir/CMakeCCompilerABI.c.o.d -skip-unused-modulemap-deps -MT CMakeFiles/cmTC_680c5.dir/CMakeCCompilerABI.c.o -sys-header-deps -isysroot /Applications/Xcode.app/Contents/Developer/Platforms/MacOSX.platform/Developer/SDKs/MacOSX14.2.sdk -c-isystem /usr/local/include/ -cxx-isystem /usr/local/include/ -internal-isystem /Applications/Xcode.app/Contents/Developer/Platforms/MacOSX.platform/Developer/SDKs/MacOSX14.2.sdk/usr/local/include -internal-isystem /Applications/Xcode.app/Contents/Developer/Toolchains/XcodeDefault.xctoolchain/usr/lib/clang/15.0.0/include -internal-externc-isystem /Applications/Xcode.app/Contents/Developer/Platforms/MacOSX.platform/Developer/SDKs/MacOSX14.2.sdk/usr/include -internal-externc-isystem /Applications/Xcode.app/Contents/Developer/Toolchains/XcodeDefault.xctoolchain/usr/include -Wno-reorder-init-list -Wno-implicit-int-float-conversion -Wno-c99-designator -Wno-final-dtor-non-final-class -Wno-extra-semi-stmt -Wno-misleading-indentation -Wno-quoted-include-in-framework-header -Wno-implicit-fallthrough -Wno-enum-enum-conversion -Wno-enum-float-conversion -Wno-elaborated-enum-base -Wno-reserved-identifier -Wno-gnu-folding-constant -fdebug-compilation-dir=/Users/jocastab/Projects/CPP3_BrickGame_v2.0/build/CMakeFiles/CMakeTmp -ferror-limit 19 -stack-protector 1 -fstack-check -mdarwin-stkchk-strong-link -fblocks -fencode-extended-block-signature -fregister-global-dtors-with-atexit -fgnuc-version=4.2.1 -fmax-type-align=16 -fcommon -clang-vendor-feature=+disableNonDependentMemberExprInCurrentInstantiation -fno-odr-hash-protocols -clang-vendor-feature=+enableAggressiveVLAFolding -clang-vendor-feature=+revert09abecef7bbf -clang-vendor-feature=+thisNoAlignAttr -clang-vendor-feature=+thisNoNullAttr -mllvm -disable-aligned-alloc-awareness=1 -D__GCC_HAVE_DWARF2_CFI_ASM=1 -o CMakeFiles/cmTC_680c5.dir/CMakeCCompilerABI.c.o -x c /usr/local/share/cmake/Modules/CMakeCCompilerABI.c]
  ignore line: [clang -cc1 version 15.0.0 (clang-1500.1.0.2.5) default target x86_64-apple-darwin22.6.0]
  ignore line: [ignoring nonexistent directory "/Applications/Xcode.app/Contents/Developer/Platforms/MacOSX.platform/Developer/SDKs/MacOSX14.2.sdk/usr/local/include"]
  ignore line: [ignoring nonexistent directory "/Applications/Xcode.app/Contents/Developer/Platforms/MacOSX.platform/Developer/SDKs/MacOSX14.2.sdk/Library/Frameworks"]
  ignore line: [#include "..." search starts here:]
  ignore line: [#include <...> search starts here:]
  ignore line: [ /usr/local/include]
  ignore line: [ /Applications/Xcode.app/Contents/Developer/Toolchains/XcodeDefault.xctoolchain/usr/lib/clang/15.0.0/include]
  ignore line: [ /Applications/Xcode.app/Contents/Developer/Platforms/MacOSX.platform/Developer/SDKs/MacOSX14.2.sdk/usr/include]
  ignore line: [ /Applications/Xcode.app/Contents/Developer/Toolchains/XcodeDefault.xctoolchain/usr/include]
  ignore line: [ /Applications/Xcode.app/Contents/Developer/Platforms/MacOSX.platform/Developer/SDKs/MacOSX14.2.sdk/System/Library/Frameworks (framework directory)]
  ignore line: [End of search list.]
  ignore line: [Linking C executable cmTC_680c5]
  ignore line: [/usr/local/bin/cmake -E cmake_link_script CMakeFiles/cmTC_680c5.dir/link.txt --verbose=1]
  ignore line: [/Applications/Xcode.app/Contents/Developer/Toolchains/XcodeDefault.xctoolchain/usr/bin/cc  -isysroot /Applications/Xcode.app/Contents/Developer/Platforms/MacOSX.platform/Developer/SDKs/MacOSX14.2.sdk -mmacosx-version-min=13.6 -Wl -search_paths_first -Wl -headerpad_max_install_names  -v -Wl -v CMakeFiles/cmTC_680c5.dir/CMakeCCompilerABI.c.o -o cmTC_680c5 ]
  ignore line: [Apple clang version 15.0.0 (clang-1500.1.0.2.5)]
  ignore line: [Target: x86_64-apple-darwin22.6.0]
  ignore line: [Thread model: posix]
  ignore line: [InstalledDir: /Applications/Xcode.app/Contents/Developer/Toolchains/XcodeDefault.xctoolchain/usr/bin]
  link line: [ "/Applications/Xcode.app/Contents/Developer/Toolchains/XcodeDefault.xctoolchain/usr/bin/ld" -demangle -lto_library /Applications/Xcode.app/Contents/Developer/Toolchains/XcodeDefault.xctoolchain/usr/lib/libLTO.dylib -dynamic -arch x86_64 -platform_version macos 13.6.0 14.2 -syslibroot /Applications/Xcode.app/Contents/Developer/Platforms/MacOSX.platform/Developer/SDKs/MacOSX14.2.sdk -o cmTC_680c5 -L/usr/local/Cellar/check/0.15.2/lib -L/usr/local/lib -search_paths_first -headerpad_max_install_names -v CMakeFiles/cmTC_680c5.dir/CMakeCCompilerABI.c.o -lSystem /Applications/Xcode.app/Contents/Developer/Toolchains/XcodeDefault.xctoolchain/usr/lib/clang/15.0.0/lib/darwin/libclang_rt.osx.a]
    arg [/Applications/Xcode.app/Contents/Developer/Toolchains/XcodeDefault.xctoolchain/usr/bin/ld] ==> ignore
    arg [-demangle] ==> ignore
    arg [-lto_library] ==> ignore, skip following value
    arg [/Applications/Xcode.app/Contents/Developer/Toolchains/XcodeDefault.xctoolchain/usr/lib/libLTO.dylib] ==> skip value of -lto_library
    arg [-dynamic] ==> ignore
    arg [-arch] ==> ignore
    arg [x86_64] ==> ignore
    arg [-platform_version] ==> ignore
    arg [macos] ==> ignore
    arg [13.6.0] ==> ignore
    arg [14.2] ==> ignore
    arg [-syslibroot] ==> ignore
    arg [/Applications/Xcode.app/Contents/Developer/Platforms/MacOSX.platform/Developer/SDKs/MacOSX14.2.sdk] ==> ignore
    arg [-o] ==> ignore
    arg [cmTC_680c5] ==> ignore
    arg [-L/usr/local/Cellar/check/0.15.2/lib] ==> dir [/usr/local/Cellar/check/0.15.2/lib]
    arg [-L/usr/local/lib] ==> dir [/usr/local/lib]
    arg [-search_paths_first] ==> ignore
    arg [-headerpad_max_install_names] ==> ignore
    arg [-v] ==> ignore
    arg [CMakeFiles/cmTC_680c5.dir/CMakeCCompilerABI.c.o] ==> ignore
    arg [-lSystem] ==> lib [System]
    arg [/Applications/Xcode.app/Contents/Developer/Toolchains/XcodeDefault.xctoolchain/usr/lib/clang/15.0.0/lib/darwin/libclang_rt.osx.a] ==> lib [/Applications/Xcode.app/Contents/Developer/Toolchains/XcodeDefault.xctoolchain/usr/lib/clang/15.0.0/lib/darwin/libclang_rt.osx.a]
  Library search paths: [;/usr/local/Cellar/check/0.15.2/lib;/usr/local/lib]
  remove lib [System]
  remove lib [/Applications/Xcode.app/Contents/Developer/Toolchains/XcodeDefault.xctoolchain/usr/lib/clang/15.0.0/lib/darwin/libclang_rt.osx.a]
  collapse library dir [/usr/local/Cellar/check/0.15.2/lib] ==> [/usr/local/Cellar/check/0.15.2/lib]
  collapse library dir [/usr/local/lib] ==> [/usr/local/lib]
  collapse library dir [/usr/local/Cellar/check/0.15.2/lib] ==> [/usr/local/Cellar/check/0.15.2/lib]
  collapse library dir [/usr/local/lib] ==> [/usr/local/lib]
  implicit libs: []
  implicit objs: []
  implicit dirs: [/usr/local/Cellar/check/0.15.2/lib;/usr/local/lib]
  implicit fwks: []


Detecting CXX compiler ABI info compiled with the following output:
Change Dir: /Users/jocastab/Projects/CPP3_BrickGame_v2.0/build/CMakeFiles/CMakeTmp

Run Build Command(s):/usr/bin/make -f Makefile cmTC_66006/fast && /Applications/Xcode.app/Contents/Developer/usr/bin/make  -f CMakeFiles/cmTC_66006.dir/build.make CMakeFiles/cmTC_66006.dir/build
Building CXX object CMakeFiles/cmTC_66006.dir/CMakeCXXCompilerABI.cpp.o
/Applications/Xcode.app/Contents/Developer/Toolchains/XcodeDefault.xctoolchain/usr/bin/c++   -isysroot /Applications/Xcode.app/Contents/Developer/Platforms/MacOSX.platform/Developer/SDKs/MacOSX14.2.sdk -mmacosx-version-min=13.6   -v -Wl,-v -MD -MT CMakeFiles/cmTC_66006.dir/CMakeCXXCompilerABI.cpp.o -MF CMakeFiles/cmTC_66006.dir/CMakeCXXCompilerABI.cpp.o.d -o CMakeFiles/cmTC_66006.dir/CMakeCXXCompilerABI.cpp.o -c /usr/local/share/cmake/Modules/CMakeCXXCompilerABI.cpp
Apple clang version 15.0.0 (clang-1500.1.0.2.5)
Target: x86_64-apple-darwin22.6.0
Thread model: posix
InstalledDir: /Applications/Xcode.app/Contents/Developer/Toolchains/XcodeDefault.xctoolchain/usr/bin
clang: warning: -Wl,-v: 'linker' input unused [-Wunused-command-line-argument]
 "/Applications/Xcode.app/Contents/Developer/Toolchains/XcodeDefault.xctoolchain/usr/bin/clang" -cc1 -triple x86_64-apple-macosx13.6.0 -Wundef-prefix=TARGET_OS_ -Wdeprecated-objc-isa-usage -Werror=deprecated-objc-isa-usage -Werror=implicit-function-declaration -emit-obj -mrelax-all --mrelax-relocations -disable-free -clear-ast-before-backend -disable-llvm-verifier -discard-value-names -main-file-name CMakeCXXCompilerABI.cpp -mrelocation-model pic -pic-level 2 -mframe-pointer=all -fno-strict-return -ffp-contract=on -fno-rounding-math -funwind-tables=2 -target-sdk-version=14.2 -fvisibility-inlines-hidden-static-local-var -target-cpu penryn -tune-cpu generic -mllvm -treat-scalable-fixed-error-as-warning -debugger-tuning=lldb -target-linker-version 1022.1 -v -fcoverage-compilation-dir=/Users/jocastab/Projects/CPP3_BrickGame_v2.0/build/CMakeFiles/CMakeTmp -resource-dir /Applications/Xcode.app/Contents/Developer/Toolchains/XcodeDefault.xctoolchain/usr/lib/clang/15.0.0 -dependency-file CMakeFiles/cmTC_66006.dir/CMakeCXXCompilerABI.cpp.o.d -skip-unused-modulemap-deps -MT CMakeFiles/cmTC_66006.dir/CMakeCXXCompilerABI.cpp.o -sys-header-deps -isysroot /Applications/Xcode.app/Contents/Developer/Platforms/MacOSX.platform/Developer/SDKs/MacOSX14.2.sdk -c-isystem /usr/local/include/ -cxx-isystem /usr/local/include/ -internal-isystem /Applications/Xcode.app/Contents/Developer/Platforms/MacOSX.platform/Developer/SDKs/MacOSX14.2.sdk/usr/include/c++/v1 -internal-isystem /Applications/Xcode.app/Contents/Developer/Platforms/MacOSX.platform/Developer/SDKs/MacOSX14.2.sdk/usr/local/include -internal-isystem /Applications/Xcode.app/Contents/Developer/Toolchains/XcodeDefault.xctoolchain/usr/lib/clang/15.0.0/include -internal-externc-isystem /Applications/Xcode.app/Contents/Developer/Platforms/MacOSX.platform/Developer/SDKs/MacOSX14.2.sdk/usr/include -internal-externc-isystem /Applications/Xcode.app/Contents/Developer/Toolchains/XcodeDefault.xctoolchain/usr/include -Wno-reorder-init-list -Wno-implicit-int-float-conversion -Wno-c99-designator -Wno-final-dtor-non-final-class -Wno-extra-semi-stmt -Wno-misleading-indentation -Wno-quoted-include-in-framework-header -Wno-implicit-fallthrough -Wno-enum-enum-conversion -Wno-enum-float-conversion -Wno-elaborated-enum-base -Wno-reserved-identifier -Wno-gnu-folding-constant -fdeprecated-macro -fdebug-compilation-dir=/Users/jocastab/Projects/CPP3_BrickGame_v2.0/build/CMakeFiles/CMakeTmp -ferror-limit 19 -stack-protector 1 -fstack-check -mdarwin-stkchk-strong-link -fblocks -fencode-extended-block-signature -fregister-global-dtors-with-atexit -fgnuc-version=4.2.1 -fno-cxx-modules -fcxx-exceptions -fexceptions -fmax-type-align=16 -fcommon -clang-vendor-feature=+disableNonDependentMemberExprInCurrentInstantiation -fno-odr-hash-protocols -clang-vendor-feature=+enableAggressiveVLAFolding -clang-vendor-feature=+revert09abecef7bbf -clang-vendor-feature=+thisNoAlignAttr -clang-vendor-feature=+thisNoNullAttr -mllvm -disable-aligned-alloc-awareness=1 -D__GCC_HAVE_DWARF2_CFI_ASM=1 -o CMakeFiles/cmTC_66006.dir/CMakeCXXCompilerABI.cpp.o -x c++ /usr/local/share/cmake/Modules/CMakeCXXCompilerABI.cpp
clang -cc1 version 15.0.0 (clang-1500.1.0.2.5) default target x86_64-apple-darwin22.6.0
ignoring nonexistent directory "/Applications/Xcode.app/Contents/Developer/Platforms/MacOSX.platform/Developer/SDKs/MacOSX14.2.sdk/usr/local/include"
ignoring nonexistent directory "/Applications/Xcode.app/Contents/Developer/Platforms/MacOSX.platform/Developer/SDKs/MacOSX14.2.sdk/Library/Frameworks"
#include "..." search starts here:
#include <...> search starts here:
 /usr/local/include
 /Applications/Xcode.app/Contents/Developer/Platforms/MacOSX.platform/Developer/SDKs/MacOSX14.2.sdk/usr/include/c++/v1
 /Applications/Xcode.app/Contents/Developer/Toolchains/XcodeDefault.xctoolchain/usr/lib/clang/15.0.0/include
 /Applications/Xcode.app/Contents/Developer/Platforms/MacOSX.platform/Developer/SDKs/MacOSX14.2.sdk/usr/include
 /Applications/Xcode.app/Contents/Developer/Toolchains/XcodeDefault.xctoolchain/usr/include
 /Applications/Xcode.app/Contents/Developer/Platforms/MacOSX.platform/Developer/SDKs/MacOSX14.2.sdk/System/Library/Frameworks (framework directory)
End of search list.
Linking CXX executable cmTC_66006
/usr/local/bin/cmake -E cmake_link_script CMakeFiles/cmTC_66006.dir/link.txt --verbose=1
/Applications/Xcode.app/Contents/Developer/Toolchains/XcodeDefault.xctoolchain/usr/bin/c++  -isysroot /Applications/Xcode.app/Contents/Developer/Platforms/MacOSX.platform/Developer/SDKs/MacOSX14.2.sdk -mmacosx-version-min=13.6 -Wl,-search_paths_first -Wl,-headerpad_max_install_names  -v -Wl,-v CMakeFiles/cmTC_66006.dir/CMakeCXXCompilerABI.cpp.o -o cmTC_66006 
Apple clang version 15.0.0 (clang-1500.1.0.2.5)
Target: x86_64-apple-darwin22.6.0
Thread model: posix
InstalledDir: /Applications/Xcode.app/Contents/Developer/Toolchains/XcodeDefault.xctoolchain/usr/bin
 "/Applications/Xcode.app/Contents/Developer/Toolchains/XcodeDefault.xctoolchain/usr/bin/ld" -demangle -lto_library /Applications/Xcode.app/Contents/Developer/Toolchains/XcodeDefault.xctoolchain/usr/lib/libLTO.dylib -dynamic -arch x86_64 -platform_version macos 13.6.0 14.2 -syslibroot /Applications/Xcode.app/Contents/Developer/Platforms/MacOSX.platform/Developer/SDKs/MacOSX14.2.sdk -o cmTC_66006 -L/usr/local/Cellar/check/0.15.2/lib -L/usr/local/lib -search_paths_first -headerpad_max_install_names -v CMakeFiles/cmTC_66006.dir/CMakeCXXCompilerABI.cpp.o -lc++ -lSystem /Applications/Xcode.app/Contents/Developer/Toolchains/XcodeDefault.xctoolchain/usr/lib/clang/15.0.0/lib/darwin/libclang_rt.osx.a
@(#)PROGRAM:ld  PROJECT:dyld-1022.1
BUILD 05:26:33 Dec  7 2023
configured to support archs: armv6 armv7 armv7s arm64 arm64e arm64_32 i386 x86_64 x86_64h
will use ld-classic for: armv6 armv7 armv7s arm64_32 i386 armv6m armv7k armv7m armv7em
LTO support using: LLVM version 15.0.0 (static support for 29, runtime is 29)
TAPI support using: Apple TAPI version 15.0.0 (tapi-1500.0.12.8)
Library search paths:
	/usr/local/Cellar/check/0.15.2/lib
	/usr/local/lib
Framework search paths:



Parsed CXX implicit include dir info from above output: rv=done
  found start of include info
  found start of implicit include info
    add: [/usr/local/include]
    add: [/Applications/Xcode.app/Contents/Developer/Platforms/MacOSX.platform/Developer/SDKs/MacOSX14.2.sdk/usr/include/c++/v1]
    add: [/Applications/Xcode.app/Contents/Developer/Toolchains/XcodeDefault.xctoolchain/usr/lib/clang/15.0.0/include]
    add: [/Applications/Xcode.app/Contents/Developer/Platforms/MacOSX.platform/Developer/SDKs/MacOSX14.2.sdk/usr/include]
    add: [/Applications/Xcode.app/Contents/Developer/Toolchains/XcodeDefault.xctoolchain/usr/include]
  end of search list found
  collapse include dir [/usr/local/include] ==> [/usr/local/include]
  collapse include dir [/Applications/Xcode.app/Contents/Developer/Platforms/MacOSX.platform/Developer/SDKs/MacOSX14.2.sdk/usr/include/c++/v1] ==> [/Applications/Xcode.app/Contents/Developer/Platforms/MacOSX.platform/Developer/SDKs/MacOSX14.2.sdk/usr/include/c++/v1]
  collapse include dir [/Applications/Xcode.app/Contents/Developer/Toolchains/XcodeDefault.xctoolchain/usr/lib/clang/15.0.0/include] ==> [/Applications/Xcode.app/Contents/Developer/Toolchains/XcodeDefault.xctoolchain/usr/lib/clang/15.0.0/include]
  collapse include dir [/Applications/Xcode.app/Contents/Developer/Platforms/MacOSX.platform/Developer/SDKs/MacOSX14.2.sdk/usr/include] ==> [/Applications/Xcode.app/Contents/Developer/Platforms/MacOSX.platform/Developer/SDKs/MacOSX14.2.sdk/usr/include]
  collapse include dir [/Applications/Xcode.app/Contents/Developer/Toolchains/XcodeDefault.xctoolchain/usr/include] ==> [/Applications/Xcode.app/Contents/Developer/Toolchains/XcodeDefault.xctoolchain/usr/include]
  implicit include dirs: [/usr/local/include;/Applications/Xcode.app/Contents/Developer/Platforms/MacOSX.platform/Developer/SDKs/MacOSX14.2.sdk/usr/include/c++/v1;/Applications/Xcode.app/Contents/Developer/Toolchains/XcodeDefault.xctoolchain/usr/lib/clang/15.0.0/include;/Applications/Xcode.app/Contents/Developer/Platforms/MacOSX.platform/Developer/SDKs/MacOSX14.2.sdk/usr/include;/Applications/Xcode.app/Contents/Developer/Toolchains/XcodeDefault.xctoolchain/usr/include]


Parsed CXX implicit link information from above output:
  link line regex: [^( *|.*[/\])(ld|CMAKE_LINK_STARTFILE-NOTFOUND|([^/\]+-)?ld|collect2)[^/\]*( |$)]
  ignore line: [Change Dir: /Users/jocastab/Projects/CPP3_BrickGame_v2.0/build/CMakeFiles/CMakeTmp]
  ignore line: []
  ignore line: [Run Build Command(s):/usr/bin/make -f Makefile cmTC_66006/fast && /Applications/Xcode.app/Contents/Developer/usr/bin/make  -f CMakeFiles/cmTC_66006.dir/build.make CMakeFiles/cmTC_66006.dir/build]
  ignore line: [Building CXX object CMakeFiles/cmTC_66006.dir/CMakeCXXCompilerABI.cpp.o]
  ignore line: [/Applications/Xcode.app/Contents/Developer/Toolchains/XcodeDefault.xctoolchain/usr/bin/c++   -isysroot /Applications/Xcode.app/Contents/Developer/Platforms/MacOSX.platform/Developer/SDKs/MacOSX14.2.sdk -mmacosx-version-min=13.6   -v -Wl -v -MD -MT CMakeFiles/cmTC_66006.dir/CMakeCXXCompilerABI.cpp.o -MF CMakeFiles/cmTC_66006.dir/CMakeCXXCompilerABI.cpp.o.d -o CMakeFiles/cmTC_66006.dir/CMakeCXXCompilerABI.cpp.o -c /usr/local/share/cmake/Modules/CMakeCXXCompilerABI.cpp]
  ignore line: [Apple clang version 15.0.0 (clang-1500.1.0.2.5)]
  ignore line: [Target: x86_64-apple-darwin22.6.0]
  ignore line: [Thread model: posix]
  ignore line: [InstalledDir: /Applications/Xcode.app/Contents/Developer/Toolchains/XcodeDefault.xctoolchain/usr/bin]
  ignore line: [clang: warning: -Wl -v: 'linker' input unused [-Wunused-command-line-argument]]
  ignore line: [ "/Applications/Xcode.app/Contents/Developer/Toolchains/XcodeDefault.xctoolchain/usr/bin/clang" -cc1 -triple x86_64-apple-macosx13.6.0 -Wundef-prefix=TARGET_OS_ -Wdeprecated-objc-isa-usage -Werror=deprecated-objc-isa-usage -Werror=implicit-function-declaration -emit-obj -mrelax-all --mrelax-relocations -disable-free -clear-ast-before-backend -disable-llvm-verifier -discard-value-names -main-file-name CMakeCXXCompilerABI.cpp -mrelocation-model pic -pic-level 2 -mframe-pointer=all -fno-strict-return -ffp-contract=on -fno-rounding-math -funwind-tables=2 -target-sdk-version=14.2 -fvisibility-inlines-hidden-static-local-var -target-cpu penryn -tune-cpu generic -mllvm -treat-scalable-fixed-error-as-warning -debugger-tuning=lldb -target-linker-version 1022.1 -v -fcoverage-compilation-dir=/Users/jocastab/Projects/CPP3_BrickGame_v2.0/build/CMakeFiles/CMakeTmp -resource-dir /Applications/Xcode.app/Contents/Developer/Toolchains/XcodeDefault.xctoolchain/usr/lib/clang/15.0.0 -dependency-file CMakeFiles/cmTC_66006.dir/CMakeCXXCompilerABI.cpp.o.d -skip-unused-modulemap-deps -MT CMakeFiles/cmTC_66006.dir/CMakeCXXCompilerABI.cpp.o -sys-header-deps -isysroot /Applications/Xcode.app/Contents/Developer/Platforms/MacOSX.platform/Developer/SDKs/MacOSX14.2.sdk -c-isystem /usr/local/include/ -cxx-isystem /usr/local/include/ -internal-isystem /Applications/Xcode.app/Contents/Developer/Platforms/MacOSX.platform/Developer/SDKs/MacOSX14.2.sdk/usr/include/c++/v1 -internal-isystem /Applications/Xcode.app/Contents/Developer/Platforms/MacOSX.platform/Developer/SDKs/MacOSX14.2.sdk/usr/local/include -internal-isystem /Applications/Xcode.app/Contents/Developer/Toolchains/XcodeDefault.xctoolchain/usr/lib/clang/15.0.0/include -internal-externc-isystem /Applications/Xcode.app/Contents/Developer/Platforms/MacOSX.platform/Developer/SDKs/MacOSX14.2.sdk/usr/include -internal-externc-isystem /Applications/Xcode.app/Contents/Developer/Toolchains/XcodeDefault.xctoolchain/usr/include -Wno-reorder-init-list -Wno-implicit-int-float-conversion -Wno-c99-designator -Wno-final-dtor-non-final-class -Wno-extra-semi-stmt -Wno-misleading-indentation -Wno-quoted-include-in-framework-header -Wno-implicit-fallthrough -Wno-enum-enum-conversion -Wno-enum-float-conversion -Wno-elaborated-enum-base -Wno-reserved-identifier -Wno-gnu-folding-constant -fdeprecated-macro -fdebug-compilation-dir=/Users/jocastab/Projects/CPP3_BrickGame_v2.0/build/CMakeFiles/CMakeTmp -ferror-limit 19 -stack-protector 1 -fstack-check -mdarwin-stkchk-strong-link -fblocks -fencode-extended-block-signature -fregister-global-dtors-with-atexit -fgnuc-version=4.2.1 -fno-cxx-modules -fcxx-exceptions -fexceptions -fmax-type-align=16 -fcommon -clang-vendor-feature=+disableNonDependentMemberExprInCurrentInstantiation -fno-odr-hash-protocols -clang-vendor-feature=+enableAggressiveVLAFolding -clang-vendor-feature=+revert09abecef7bbf -clang-vendor-feature=+thisNoAlignAttr -clang-vendor-feature=+thisNoNullAttr -mllvm -disable-aligned-alloc-awareness=1 -D__GCC_HAVE_DWARF2_CFI_ASM=1 -o CMakeFiles/cmTC_66006.dir/CMakeCXXCompilerABI.cpp.o -x c++ /usr/local/share/cmake/Modules/CMakeCXXCompilerABI.cpp]
  ignore line: [clang -cc1 version 15.0.0 (clang-1500.1.0.2.5) default target x86_64-apple-darwin22.6.0]
  ignore line: [ignoring nonexistent directory "/Applications/Xcode.app/Contents/Developer/Platforms/MacOSX.platform/Developer/SDKs/MacOSX14.2.sdk/usr/local/include"]
  ignore line: [ignoring nonexistent directory "/Applications/Xcode.app/Contents/Developer/Platforms/MacOSX.platform/Developer/SDKs/MacOSX14.2.sdk/Library/Frameworks"]
  ignore line: [#include "..." search starts here:]
  ignore line: [#include <...> search starts here:]
  ignore line: [ /usr/local/include]
  ignore line: [ /Applications/Xcode.app/Contents/Developer/Platforms/MacOSX.platform/Developer/SDKs/MacOSX14.2.sdk/usr/include/c++/v1]
  ignore line: [ /Applications/Xcode.app/Contents/Developer/Toolchains/XcodeDefault.xctoolchain/usr/lib/clang/15.0.0/include]
  ignore line: [ /Applications/Xcode.app/Contents/Developer/Platforms/MacOSX.platform/Developer/SDKs/MacOSX14.2.sdk/usr/include]
  ignore line: [ /Applications/Xcode.app/Contents/Developer/Toolchains/XcodeDefault.xctoolchain/usr/include]
  ignore line: [ /Applications/Xcode.app/Contents/Developer/Platforms/MacOSX.platform/Developer/SDKs/MacOSX14.2.sdk/System/Library/Frameworks (framework directory)]
  ignore line: [End of search list.]
  ignore line: [Linking CXX executable cmTC_66006]
  ignore line: [/usr/local/bin/cmake -E cmake_link_script CMakeFiles/cmTC_66006.dir/link.txt --verbose=1]
  ignore line: [/Applications/Xcode.app/Contents/Developer/Toolchains/XcodeDefault.xctoolchain/usr/bin/c++  -isysroot /Applications/Xcode.app/Contents/Developer/Platforms/MacOSX.platform/Developer/SDKs/MacOSX14.2.sdk -mmacosx-version-min=13.6 -Wl -search_paths_first -Wl -headerpad_max_install_names  -v -Wl -v CMakeFiles/cmTC_66006.dir/CMakeCXXCompilerABI.cpp.o -o cmTC_66006 ]
  ignore line: [Apple clang version 15.0.0 (clang-1500.1.0.2.5)]
  ignore line: [Target: x86_64-apple-darwin22.6.0]
  ignore line: [Thread model: posix]
  ignore line: [InstalledDir: /Applications/Xcode.app/Contents/Developer/Toolchains/XcodeDefault.xctoolchain/usr/bin]
  link line: [ "/Applications/Xcode.app/Contents/Developer/Toolchains/XcodeDefault.xctoolchain/usr/bin/ld" -demangle -lto_library /Applications/Xcode.app/Contents/Developer/Toolchains/XcodeDefault.xctoolchain/usr/lib/libLTO.dylib -dynamic -arch x86_64 -platform_version macos 13.6.0 14.2 -syslibroot /Applications/Xcode.app/Contents/Developer/Platforms/MacOSX.platform/Developer/SDKs/MacOSX14.2.sdk -o cmTC_66006 -L/usr/local/Cellar/check/0.15.2/lib -L/usr/local/lib -search_paths_first -headerpad_max_install_names -v CMakeFiles/cmTC_66006.dir/CMakeCXXCompilerABI.cpp.o -lc++ -lSystem /Applications/Xcode.app/Contents/Developer/Toolchains/XcodeDefault.xctoolchain/usr/lib/clang/15.0.0/lib/darwin/libclang_rt.osx.a]
    arg [/Applications/Xcode.app/Contents/Developer/Toolchains/XcodeDefault.xctoolchain/usr/bin/ld] ==> ignore
    arg [-demangle] ==> ignore
    arg [-lto_library] ==> ignore, skip following value
    arg [/Applications/Xcode.app/Contents/Developer/Toolchains/XcodeDefault.xctoolchain/usr/lib/libLTO.dylib] ==> skip value of -lto_library
    arg [-dynamic] ==> ignore
    arg [-arch] ==> ignore
    arg [x86_64] ==> ignore
    arg [-platform_version] ==> ignore
    arg [macos] ==> ignore
    arg [13.6.0] ==> ignore
    arg [14.2] ==> ignore
    arg [-syslibroot] ==> ignore
    arg [/Applications/Xcode.app/Contents/Developer/Platforms/MacOSX.platform/Developer/SDKs/MacOSX14.2.sdk] ==> ignore
    arg [-o] ==> ignore
    arg [cmTC_66006] ==> ignore
    arg [-L/usr/local/Cellar/check/0.15.2/lib] ==> dir [/usr/local/Cellar/check/0.15.2/lib]
    arg [-L/usr/local/lib] ==> dir [/usr/local/lib]
    arg [-search_paths_first] ==> ignore
    arg [-headerpad_max_install_names] ==> ignore
    arg [-v] ==> ignore
    arg [CMakeFiles/cmTC_66006.dir/CMakeCXXCompilerABI.cpp.o] ==> ignore
    arg [-lc++] ==> lib [c++]
    arg [-lSystem] ==> lib [System]
    arg [/Applications/Xcode.app/Contents/Developer/Toolchains/XcodeDefault.xctoolchain/usr/lib/clang/15.0.0/lib/darwin/libclang_rt.osx.a] ==> lib [/Applications/Xcode.app/Contents/Developer/Toolchains/XcodeDefault.xctoolchain/usr/lib/clang/15.0.0/lib/darwin/libclang_rt.osx.a]
  Library search paths: [;/usr/local/Cellar/check/0.15.2/lib;/usr/local/lib]
  remove lib [System]
  remove lib [/Applications/Xcode.app/Contents/Developer/Toolchains/XcodeDefault.xctoolchain/usr/lib/clang/15.0.0/lib/darwin/libclang_rt.osx.a]
  collapse library dir [/usr/local/Cellar/check/0.15.2/lib] ==> [/usr/local/Cellar/check/0.15.2/lib]
  collapse library dir [/usr/local/lib] ==> [/usr/local/lib]
  collapse library dir [/usr/local/Cellar/check/0.15.2/lib] ==> [/usr/local/Cellar/check/0.15.2/lib]
  collapse library dir [/usr/local/lib] ==> [/usr/local/lib]
  implicit libs: [c++]
  implicit objs: []
  implicit dirs: [/usr/local/Cellar/check/0.15.2/lib;/usr/local/lib]
  implicit fwks: []


Determining if the include file pthread.h exists passed with the following output:
Change Dir: /Users/jocastab/Projects/CPP3_BrickGame_v2.0/build/CMakeFiles/CMakeTmp

Run Build Command(s):/usr/bin/make -f Makefile cmTC_253e0/fast && /Applications/Xcode.app/Contents/Developer/usr/bin/make  -f CMakeFiles/cmTC_253e0.dir/build.make CMakeFiles/cmTC_253e0.dir/build
Building C object CMakeFiles/cmTC_253e0.dir/CheckIncludeFile.c.o
/Applications/Xcode.app/Contents/Developer/Toolchains/XcodeDefault.xctoolchain/usr/bin/cc   -isysroot /Applications/Xcode.app/Contents/Developer/Platforms/MacOSX.platform/Developer/SDKs/MacOSX14.2.sdk -mmacosx-version-min=13.6 -MD -MT CMakeFiles/cmTC_253e0.dir/CheckIncludeFile.c.o -MF CMakeFiles/cmTC_253e0.dir/CheckIncludeFile.c.o.d -o CMakeFiles/cmTC_253e0.dir/CheckIncludeFile.c.o -c /Users/jocastab/Projects/CPP3_BrickGame_v2.0/build/CMakeFiles/CMakeTmp/CheckIncludeFile.c
Linking C executable cmTC_253e0
/usr/local/bin/cmake -E cmake_link_script CMakeFiles/cmTC_253e0.dir/link.txt --verbose=1
/Applications/Xcode.app/Contents/Developer/Toolchains/XcodeDefault.xctoolchain/usr/bin/cc  -isysroot /Applications/Xcode.app/Contents/Developer/Platforms/MacOSX.platform/Developer/SDKs/MacOSX14.2.sdk -mmacosx-version-min=13.6 -Wl,-search_paths_first -Wl,-headerpad_max_install_names CMakeFiles/cmTC_253e0.dir/CheckIncludeFile.c.o -o cmTC_253e0 



Performing C SOURCE FILE Test CMAKE_HAVE_LIBC_PTHREAD succeeded with the following output:
Change Dir: /Users/jocastab/Projects/CPP3_BrickGame_v2.0/build/CMakeFiles/CMakeTmp

Run Build Command(s):/usr/bin/make -f Makefile cmTC_fb850/fast && /Applications/Xcode.app/Contents/Developer/usr/bin/make  -f CMakeFiles/cmTC_fb850.dir/build.make CMakeFiles/cmTC_fb850.dir/build
Building C object CMakeFiles/cmTC_fb850.dir/src.c.o
/Applications/Xcode.app/Contents/Developer/Toolchains/XcodeDefault.xctoolchain/usr/bin/cc -DCMAKE_HAVE_LIBC_PTHREAD  -isysroot /Applications/Xcode.app/Contents/Developer/Platforms/MacOSX.platform/Developer/SDKs/MacOSX14.2.sdk -mmacosx-version-min=13.6 -MD -MT CMakeFiles/cmTC_fb850.dir/src.c.o -MF CMakeFiles/cmTC_fb850.dir/src.c.o.d -o CMakeFiles/cmTC_fb850.dir/src.c.o -c /Users/jocastab/Projects/CPP3_BrickGame_v2.0/build/CMakeFiles/CMakeTmp/src.c
Linking C executable cmTC_fb850
/usr/local/bin/cmake -E cmake_link_script CMakeFiles/cmTC_fb850.dir/link.txt --verbose=1
/Applications/Xcode.app/Contents/Developer/Toolchains/XcodeDefault.xctoolchain/usr/bin/cc  -isysroot /Applications/Xcode.app/Contents/Developer/Platforms/MacOSX.platform/Developer/SDKs/MacOSX14.2.sdk -mmacosx-version-min=13.6 -Wl,-search_paths_first -Wl,-headerpad_max_install_names CMakeFiles/cmTC_fb850.dir/src.c.o -o cmTC_fb850 


Source file was:
#include <pthread.h>

static void* test_func(void* data)
{
  return data;
}

int main(void)
{
  pthread_t thread;
  pthread_create(&thread, NULL, test_func, NULL);
  pthread_detach(thread);
  pthread_cancel(thread);
  pthread_join(thread, NULL);
  pthread_atfork(NULL, NULL, NULL);
  pthread_exit(NULL);

  return 0;
}

Performing C++ SOURCE FILE Test HAVE_STDATOMIC succeeded with the following output:
Change Dir: /Users/jocastab/Projects/CPP3_BrickGame_v2.0/build/CMakeFiles/CMakeTmp

Run Build Command(s):/usr/bin/make -f Makefile cmTC_2c487/fast && /Applications/Xcode.app/Contents/Developer/usr/bin/make  -f CMakeFiles/cmTC_2c487.dir/build.make CMakeFiles/cmTC_2c487.dir/build
Building CXX object CMakeFiles/cmTC_2c487.dir/src.cxx.o
/Applications/Xcode.app/Contents/Developer/Toolchains/XcodeDefault.xctoolchain/usr/bin/c++ -DHAVE_STDATOMIC  -isysroot /Applications/Xcode.app/Contents/Developer/Platforms/MacOSX.platform/Developer/SDKs/MacOSX14.2.sdk -mmacosx-version-min=13.6 -std=gnu++17 -MD -MT CMakeFiles/cmTC_2c487.dir/src.cxx.o -MF CMakeFiles/cmTC_2c487.dir/src.cxx.o.d -o CMakeFiles/cmTC_2c487.dir/src.cxx.o -c /Users/jocastab/Projects/CPP3_BrickGame_v2.0/build/CMakeFiles/CMakeTmp/src.cxx
Linking CXX executable cmTC_2c487
/usr/local/bin/cmake -E cmake_link_script CMakeFiles/cmTC_2c487.dir/link.txt --verbose=1
/Applications/Xcode.app/Contents/Developer/Toolchains/XcodeDefault.xctoolchain/usr/bin/c++  -isysroot /Applications/Xcode.app/Contents/Developer/Platforms/MacOSX.platform/Developer/SDKs/MacOSX14.2.sdk -mmacosx-version-min=13.6 -Wl,-search_paths_first -Wl,-headerpad_max_install_names CMakeFiles/cmTC_2c487.dir/src.cxx.o -o cmTC_2c487 


Source file was:
#include <atomic>
#include <cstdint>

int main(int, char **)
{
    volatile std::atomic<char>    size_1;
    volatile std::atomic<short>   size_2;
    volatile std::atomic<int>     size_4;
    volatile std::atomic<int64_t> size_8;

    ++size_1;
    ++size_2;
    ++size_4;
    ++size_8;

    (void)size_1.load(std::memory_order_relaxed);
    (void)size_2.load(std::memory_order_relaxed);
    (void)size_4.load(std::memory_order_relaxed);
    (void)size_8.load(std::memory_order_relaxed);

    return 0;
}
The system is: Darwin - 22.6.0 - x86_64
Compiling the C compiler identification source file "CMakeCCompilerId.c" succeeded.
Compiler: /Applications/Xcode.app/Contents/Developer/Toolchains/XcodeDefault.xctoolchain/usr/bin/cc 
Build flags: 
Id flags: -c 

The output was:
0


Compilation of the C compiler identification source "CMakeCCompilerId.c" produced "CMakeCCompilerId.o"

The C compiler identification is AppleClang, found in "/Users/jocastab/Projects/CPP3_BrickGame_v2.0/build/CMakeFiles/3.23.0/CompilerIdC/CMakeCCompilerId.o"

Compiling the CXX compiler identification source file "CMakeCXXCompilerId.cpp" succeeded.
Compiler: /Applications/Xcode.app/Contents/Developer/Toolchains/XcodeDefault.xctoolchain/usr/bin/c++ 
Build flags: 
Id flags: -c 

The output was:
0


Compilation of the CXX compiler identification source "CMakeCXXCompilerId.cpp" produced "CMakeCXXCompilerId.o"

The CXX compiler identification is AppleClang, found in "/Users/jocastab/Projects/CPP3_BrickGame_v2.0/build/CMakeFiles/3.23.0/CompilerIdCXX/CMakeCXXCompilerId.o"

Detecting C compiler ABI info compiled with the following output:
Change Dir: /Users/jocastab/Projects/CPP3_BrickGame_v2.0/build/CMakeFiles/CMakeTmp

Run Build Command(s):/usr/bin/make -f Makefile cmTC_4253a/fast && /Applications/Xcode.app/Contents/Developer/usr/bin/make  -f CMakeFiles/cmTC_4253a.dir/build.make CMakeFiles/cmTC_4253a.dir/build
Building C object CMakeFiles/cmTC_4253a.dir/CMakeCCompilerABI.c.o
/Applications/Xcode.app/Contents/Developer/Toolchains/XcodeDefault.xctoolchain/usr/bin/cc   -isysroot /Applications/Xcode.app/Contents/Developer/Platforms/MacOSX.platform/Developer/SDKs/MacOSX14.2.sdk -mmacosx-version-min=13.6   -v -Wl,-v -MD -MT CMakeFiles/cmTC_4253a.dir/CMakeCCompilerABI.c.o -MF CMakeFiles/cmTC_4253a.dir/CMakeCCompilerABI.c.o.d -o CMakeFiles/cmTC_4253a.dir/CMakeCCompilerABI.c.o -c /usr/local/share/cmake/Modules/CMakeCCompilerABI.c
Apple clang version 15.0.0 (clang-1500.1.0.2.5)
Target: x86_64-apple-darwin22.6.0
Thread model: posix
InstalledDir: /Applications/Xcode.app/Contents/Developer/Toolchains/XcodeDefault.xctoolchain/usr/bin
clang: warning: -Wl,-v: 'linker' input unused [-Wunused-command-line-argument]
 "/Applications/Xcode.app/Contents/Developer/Toolchains/XcodeDefault.xctoolchain/usr/bin/clang" -cc1 -triple x86_64-apple-macosx13.6.0 -Wundef-prefix=TARGET_OS_ -Wdeprecated-objc-isa-usage -Werror=deprecated-objc-isa-usage -Werror=implicit-function-declaration -emit-obj -mrelax-all --mrelax-relocations -disable-free -clear-ast-before-backend -disable-llvm-verifier -discard-value-names -main-file-name CMakeCCompilerABI.c -mrelocation-model pic -pic-level 2 -mframe-pointer=all -fno-strict-return -ffp-contract=on -fno-rounding-math -funwind-tables=2 -target-sdk-version=14.2 -fvisibility-inlines-hidden-static-local-var -target-cpu penryn -tune-cpu generic -mllvm -treat-scalable-fixed-error-as-warning -debugger-tuning=lldb -target-linker-version 1022.1 -v -fcoverage-compilation-dir=/Users/jocastab/Projects/CPP3_BrickGame_v2.0/build/CMakeFiles/CMakeTmp -resource-dir /Applications/Xcode.app/Contents/Developer/Toolchains/XcodeDefault.xctoolchain/usr/lib/clang/15.0.0 -dependency-file CMakeFiles/cmTC_4253a.dir/CMakeCCompilerABI.c.o.d -skip-unused-modulemap-deps -MT CMakeFiles/cmTC_4253a.dir/CMakeCCompilerABI.c.o -sys-header-deps -isysroot /Applications/Xcode.app/Contents/Developer/Platforms/MacOSX.platform/Developer/SDKs/MacOSX14.2.sdk -c-isystem /usr/local/include/ -cxx-isystem /usr/local/include/ -internal-isystem /Applications/Xcode.app/Contents/Developer/Platforms/MacOSX.platform/Developer/SDKs/MacOSX14.2.sdk/usr/local/include -internal-isystem /Applications/Xcode.app/Contents/Developer/Toolchains/XcodeDefault.xctoolchain/usr/lib/clang/15.0.0/include -internal-externc-isystem /Applications/Xcode.app/Contents/Developer/Platforms/MacOSX.platform/Developer/SDKs/MacOSX14.2.sdk/usr/include -internal-externc-isystem /Applications/Xcode.app/Contents/Developer/Toolchains/XcodeDefault.xctoolchain/usr/include -Wno-reorder-init-list -Wno-implicit-int-float-conversion -Wno-c99-designator -Wno-final-dtor-non-final-class -Wno-extra-semi-stmt -Wno-misleading-indentation -Wno-quoted-include-in-framework-header -Wno-implicit-fallthrough -Wno-enum-enum-conversion -Wno-enum-float-conversion -Wno-elaborated-enum-base -Wno-reserved-identifier -Wno-gnu-folding-constant -fdebug-compilation-dir=/Users/jocastab/Projects/CPP3_BrickGame_v2.0/build/CMakeFiles/CMakeTmp -ferror-limit 19 -stack-protector 1 -fstack-check -mdarwin-stkchk-strong-link -fblocks -fencode-extended-block-signature -fregister-global-dtors-with-atexit -fgnuc-version=4.2.1 -fmax-type-align=16 -fcommon -clang-vendor-feature=+disableNonDependentMemberExprInCurrentInstantiation -fno-odr-hash-protocols -clang-vendor-feature=+enableAggressiveVLAFolding -clang-vendor-feature=+revert09abecef7bbf -clang-vendor-feature=+thisNoAlignAttr -clang-vendor-feature=+thisNoNullAttr -mllvm -disable-aligned-alloc-awareness=1 -D__GCC_HAVE_DWARF2_CFI_ASM=1 -o CMakeFiles/cmTC_4253a.dir/CMakeCCompilerABI.c.o -x c /usr/local/share/cmake/Modules/CMakeCCompilerABI.c
clang -cc1 version 15.0.0 (clang-1500.1.0.2.5) default target x86_64-apple-darwin22.6.0
ignoring nonexistent directory "/Applications/Xcode.app/Contents/Developer/Platforms/MacOSX.platform/Developer/SDKs/MacOSX14.2.sdk/usr/local/include"
ignoring nonexistent directory "/Applications/Xcode.app/Contents/Developer/Platforms/MacOSX.platform/Developer/SDKs/MacOSX14.2.sdk/Library/Frameworks"
#include "..." search starts here:
#include <...> search starts here:
 /usr/local/include
 /Applications/Xcode.app/Contents/Developer/Toolchains/XcodeDefault.xctoolchain/usr/lib/clang/15.0.0/include
 /Applications/Xcode.app/Contents/Developer/Platforms/MacOSX.platform/Developer/SDKs/MacOSX14.2.sdk/usr/include
 /Applications/Xcode.app/Contents/Developer/Toolchains/XcodeDefault.xctoolchain/usr/include
 /Applications/Xcode.app/Contents/Developer/Platforms/MacOSX.platform/Developer/SDKs/MacOSX14.2.sdk/System/Library/Frameworks (framework directory)
End of search list.
Linking C executable cmTC_4253a
/usr/local/bin/cmake -E cmake_link_script CMakeFiles/cmTC_4253a.dir/link.txt --verbose=1
/Applications/Xcode.app/Contents/Developer/Toolchains/XcodeDefault.xctoolchain/usr/bin/cc  -isysroot /Applications/Xcode.app/Contents/Developer/Platforms/MacOSX.platform/Developer/SDKs/MacOSX14.2.sdk -mmacosx-version-min=13.6 -Wl,-search_paths_first -Wl,-headerpad_max_install_names  -v -Wl,-v CMakeFiles/cmTC_4253a.dir/CMakeCCompilerABI.c.o -o cmTC_4253a 
Apple clang version 15.0.0 (clang-1500.1.0.2.5)
Target: x86_64-apple-darwin22.6.0
Thread model: posix
InstalledDir: /Applications/Xcode.app/Contents/Developer/Toolchains/XcodeDefault.xctoolchain/usr/bin
 "/Applications/Xcode.app/Contents/Developer/Toolchains/XcodeDefault.xctoolchain/usr/bin/ld" -demangle -lto_library /Applications/Xcode.app/Contents/Developer/Toolchains/XcodeDefault.xctoolchain/usr/lib/libLTO.dylib -dynamic -arch x86_64 -platform_version macos 13.6.0 14.2 -syslibroot /Applications/Xcode.app/Contents/Developer/Platforms/MacOSX.platform/Developer/SDKs/MacOSX14.2.sdk -o cmTC_4253a -L/usr/local/Cellar/check/0.15.2/lib -L/usr/local/lib -search_paths_first -headerpad_max_install_names -v CMakeFiles/cmTC_4253a.dir/CMakeCCompilerABI.c.o -lSystem /Applications/Xcode.app/Contents/Developer/Toolchains/XcodeDefault.xctoolchain/usr/lib/clang/15.0.0/lib/darwin/libclang_rt.osx.a
@(#)PROGRAM:ld  PROJECT:dyld-1022.1
BUILD 05:26:33 Dec  7 2023
configured to support archs: armv6 armv7 armv7s arm64 arm64e arm64_32 i386 x86_64 x86_64h
will use ld-classic for: armv6 armv7 armv7s arm64_32 i386 armv6m armv7k armv7m armv7em
LTO support using: LLVM version 15.0.0 (static support for 29, runtime is 29)
TAPI support using: Apple TAPI version 15.0.0 (tapi-1500.0.12.8)
Library search paths:
	/usr/local/Cellar/check/0.15.2/lib
	/usr/local/lib
Framework search paths:



Parsed C implicit include dir info from above output: rv=done
  found start of include info
  found start of implicit include info
    add: [/usr/local/include]
    add: [/Applications/Xcode.app/Contents/Developer/Toolchains/XcodeDefault.xctoolchain/usr/lib/clang/15.0.0/include]
    add: [/Applications/Xcode.app/Contents/Developer/Platforms/MacOSX.platform/Developer/SDKs/MacOSX14.2.sdk/usr/include]
    add: [/Applications/Xcode.app/Contents/Developer/Toolchains/XcodeDefault.xctoolchain/usr/include]
  end of search list found
  collapse include dir [/usr/local/include] ==> [/usr/local/include]
  collapse include dir [/Applications/Xcode.app/Contents/Developer/Toolchains/XcodeDefault.xctoolchain/usr/lib/clang/15.0.0/include] ==> [/Applications/Xcode.app/Contents/Developer/Toolchains/XcodeDefault.xctoolchain/usr/lib/clang/15.0.0/include]
  collapse include dir [/Applications/Xcode.app/Contents/Developer/Platforms/MacOSX.platform/Developer/SDKs/MacOSX14.2.sdk/usr/include] ==> [/Applications/Xcode.app/Contents/Developer/Platforms/MacOSX.platform/Developer/SDKs/MacOSX14.2.sdk/usr/include]
  collapse include dir [/Applications/Xcode.app/Contents/Developer/Toolchains/XcodeDefault.xctoolchain/usr/include] ==> [/Applications/Xcode.app/Contents/Developer/Toolchains/XcodeDefault.xctoolchain/usr/include]
  implicit include dirs: [/usr/local/include;/Applications/Xcode.app/Contents/Developer/Toolchains/XcodeDefault.xctoolchain/usr/lib/clang/15.0.0/include;/Applications/Xcode.app/Contents/Developer/Platforms/MacOSX.platform/Developer/SDKs/MacOSX14.2.sdk/usr/include;/Applications/Xcode.app/Contents/Developer/Toolchains/XcodeDefault.xctoolchain/usr/include]


Parsed C implicit link information from above output:
  link line regex: [^( *|.*[/\])(ld|CMAKE_LINK_STARTFILE-NOTFOUND|([^/\]+-)?ld|collect2)[^/\]*( |$)]
  ignore line: [Change Dir: /Users/jocastab/Projects/CPP3_BrickGame_v2.0/build/CMakeFiles/CMakeTmp]
  ignore line: []
  ignore line: [Run Build Command(s):/usr/bin/make -f Makefile cmTC_4253a/fast && /Applications/Xcode.app/Contents/Developer/usr/bin/make  -f CMakeFiles/cmTC_4253a.dir/build.make CMakeFiles/cmTC_4253a.dir/build]
  ignore line: [Building C object CMakeFiles/cmTC_4253a.dir/CMakeCCompilerABI.c.o]
  ignore line: [/Applications/Xcode.app/Contents/Developer/Toolchains/XcodeDefault.xctoolchain/usr/bin/cc   -isysroot /Applications/Xcode.app/Contents/Developer/Platforms/MacOSX.platform/Developer/SDKs/MacOSX14.2.sdk -mmacosx-version-min=13.6   -v -Wl -v -MD -MT CMakeFiles/cmTC_4253a.dir/CMakeCCompilerABI.c.o -MF CMakeFiles/cmTC_4253a.dir/CMakeCCompilerABI.c.o.d -o CMakeFiles/cmTC_4253a.dir/CMakeCCompilerABI.c.o -c /usr/local/share/cmake/Modules/CMakeCCompilerABI.c]
  ignore line: [Apple clang version 15.0.0 (clang-1500.1.0.2.5)]
  ignore line: [Target: x86_64-apple-darwin22.6.0]
  ignore line: [Thread model: posix]
  ignore line: [InstalledDir: /Applications/Xcode.app/Contents/Developer/Toolchains/XcodeDefault.xctoolchain/usr/bin]
  ignore line: [clang: warning: -Wl -v: 'linker' input unused [-Wunused-command-line-argument]]
  ignore line: [ "/Applications/Xcode.app/Contents/Developer/Toolchains/XcodeDefault.xctoolchain/usr/bin/clang" -cc1 -triple x86_64-apple-macosx13.6.0 -Wundef-prefix=TARGET_OS_ -Wdeprecated-objc-isa-usage -Werror=deprecated-objc-isa-usage -Werror=implicit-function-declaration -emit-obj -mrelax-all --mrelax-relocations -disable-free -clear-ast-before-backend -disable-llvm-verifier -discard-value-names -main-file-name CMakeCCompilerABI.c -mrelocation-model pic -pic-level 2 -mframe-pointer=all -fno-strict-return -ffp-contract=on -fno-rounding-math -funwind-tables=2 -target-sdk-version=14.2 -fvisibility-inlines-hidden-static-local-var -target-cpu penryn -tune-cpu generic -mllvm -treat-scalable-fixed-error-as-warning -debugger-tuning=lldb -target-linker-version 1022.1 -v -fcoverage-compilation-dir=/Users/jocastab/Projects/CPP3_BrickGame_v2.0/build/CMakeFiles/CMakeTmp -resource-dir /Applications/Xcode.app/Contents/Developer/Toolchains/XcodeDefault.xctoolchain/usr/lib/clang/15.0.0 -dependency-file CMakeFiles/cmTC_4253a.dir/CMakeCCompilerABI.c.o.d -skip-unused-modulemap-deps -MT CMakeFiles/cmTC_4253a.dir/CMakeCCompilerABI.c.o -sys-header-deps -isysroot /Applications/Xcode.app/Contents/Developer/Platforms/MacOSX.platform/Developer/SDKs/MacOSX14.2.sdk -c-isystem /usr/local/include/ -cxx-isystem /usr/local/include/ -internal-isystem /Applications/Xcode.app/Contents/Developer/Platforms/MacOSX.platform/Developer/SDKs/MacOSX14.2.sdk/usr/local/include -internal-isystem /Applications/Xcode.app/Contents/Developer/Toolchains/XcodeDefault.xctoolchain/usr/lib/clang/15.0.0/include -internal-externc-isystem /Applications/Xcode.app/Contents/Developer/Platforms/MacOSX.platform/Developer/SDKs/MacOSX14.2.sdk/usr/include -internal-externc-isystem /Applications/Xcode.app/Contents/Developer/Toolchains/XcodeDefault.xctoolchain/usr/include -Wno-reorder-init-list -Wno-implicit-int-float-conversion -Wno-c99-designator -Wno-final-dtor-non-final-class -Wno-extra-semi-stmt -Wno-misleading-indentation -Wno-quoted-include-in-framework-header -Wno-implicit-fallthrough -Wno-enum-enum-conversion -Wno-enum-float-conversion -Wno-elaborated-enum-base -Wno-reserved-identifier -Wno-gnu-folding-constant -fdebug-compilation-dir=/Users/jocastab/Projects/CPP3_BrickGame_v2.0/build/CMakeFiles/CMakeTmp -ferror-limit 19 -stack-protector 1 -fstack-check -mdarwin-stkchk-strong-link -fblocks -fencode-extended-block-signature -fregister-global-dtors-with-atexit -fgnuc-version=4.2.1 -fmax-type-align=16 -fcommon -clang-vendor-feature=+disableNonDependentMemberExprInCurrentInstantiation -fno-odr-hash-protocols -clang-vendor-feature=+enableAggressiveVLAFolding -clang-vendor-feature=+revert09abecef7bbf -clang-vendor-feature=+thisNoAlignAttr -clang-vendor-feature=+thisNoNullAttr -mllvm -disable-aligned-alloc-awareness=1 -D__GCC_HAVE_DWARF2_CFI_ASM=1 -o CMakeFiles/cmTC_4253a.dir/CMakeCCompilerABI.c.o -x c /usr/local/share/cmake/Modules/CMakeCCompilerABI.c]
  ignore line: [clang -cc1 version 15.0.0 (clang-1500.1.0.2.5) default target x86_64-apple-darwin22.6.0]
  ignore line: [ignoring nonexistent directory "/Applications/Xcode.app/Contents/Developer/Platforms/MacOSX.platform/Developer/SDKs/MacOSX14.2.sdk/usr/local/include"]
  ignore line: [ignoring nonexistent directory "/Applications/Xcode.app/Contents/Developer/Platforms/MacOSX.platform/Developer/SDKs/MacOSX14.2.sdk/Library/Frameworks"]
  ignore line: [#include "..." search starts here:]
  ignore line: [#include <...> search starts here:]
  ignore line: [ /usr/local/include]
  ignore line: [ /Applications/Xcode.app/Contents/Developer/Toolchains/XcodeDefault.xctoolchain/usr/lib/clang/15.0.0/include]
  ignore line: [ /Applications/Xcode.app/Contents/Developer/Platforms/MacOSX.platform/Developer/SDKs/MacOSX14.2.sdk/usr/include]
  ignore line: [ /Applications/Xcode.app/Contents/Developer/Toolchains/XcodeDefault.xctoolchain/usr/include]
  ignore line: [ /Applications/Xcode.app/Contents/Developer/Platforms/MacOSX.platform/Developer/SDKs/MacOSX14.2.sdk/System/Library/Frameworks (framework directory)]
  ignore line: [End of search list.]
  ignore line: [Linking C executable cmTC_4253a]
  ignore line: [/usr/local/bin/cmake -E cmake_link_script CMakeFiles/cmTC_4253a.dir/link.txt --verbose=1]
  ignore line: [/Applications/Xcode.app/Contents/Developer/Toolchains/XcodeDefault.xctoolchain/usr/bin/cc  -isysroot /Applications/Xcode.app/Contents/Developer/Platforms/MacOSX.platform/Developer/SDKs/MacOSX14.2.sdk -mmacosx-version-min=13.6 -Wl -search_paths_first -Wl -headerpad_max_install_names  -v -Wl -v CMakeFiles/cmTC_4253a.dir/CMakeCCompilerABI.c.o -o cmTC_4253a ]
  ignore line: [Apple clang version 15.0.0 (clang-1500.1.0.2.5)]
  ignore line: [Target: x86_64-apple-darwin22.6.0]
  ignore line: [Thread model: posix]
  ignore line: [InstalledDir: /Applications/Xcode.app/Contents/Developer/Toolchains/XcodeDefault.xctoolchain/usr/bin]
  link line: [ "/Applications/Xcode.app/Contents/Developer/Toolchains/XcodeDefault.xctoolchain/usr/bin/ld" -demangle -lto_library /Applications/Xcode.app/Contents/Developer/Toolchains/XcodeDefault.xctoolchain/usr/lib/libLTO.dylib -dynamic -arch x86_64 -platform_version macos 13.6.0 14.2 -syslibroot /Applications/Xcode.app/Contents/Developer/Platforms/MacOSX.platform/Developer/SDKs/MacOSX14.2.sdk -o cmTC_4253a -L/usr/local/Cellar/check/0.15.2/lib -L/usr/local/lib -search_paths_first -headerpad_max_install_names -v CMakeFiles/cmTC_4253a.dir/CMakeCCompilerABI.c.o -lSystem /Applications/Xcode.app/Contents/Developer/Toolchains/XcodeDefault.xctoolchain/usr/lib/clang/15.0.0/lib/darwin/libclang_rt.osx.a]
    arg [/Applications/Xcode.app/Contents/Developer/Toolchains/XcodeDefault.xctoolchain/usr/bin/ld] ==> ignore
    arg [-demangle] ==> ignore
    arg [-lto_library] ==> ignore, skip following value
    arg [/Applications/Xcode.app/Contents/Developer/Toolchains/XcodeDefault.xctoolchain/usr/lib/libLTO.dylib] ==> skip value of -lto_library
    arg [-dynamic] ==> ignore
    arg [-arch] ==> ignore
    arg [x86_64] ==> ignore
    arg [-platform_version] ==> ignore
    arg [macos] ==> ignore
    arg [13.6.0] ==> ignore
    arg [14.2] ==> ignore
    arg [-syslibroot] ==> ignore
    arg [/Applications/Xcode.app/Contents/Developer/Platforms/MacOSX.platform/Developer/SDKs/MacOSX14.2.sdk] ==> ignore
    arg [-o] ==> ignore
    arg [cmTC_4253a] ==> ignore
    arg [-L/usr/local/Cellar/check/0.15.2/lib] ==> dir [/usr/local/Cellar/check/0.15.2/lib]
    arg [-L/usr/local/lib] ==> dir [/usr/local/lib]
    arg [-search_paths_first] ==> ignore
    arg [-headerpad_max_install_names] ==> ignore
    arg [-v] ==> ignore
    arg [CMakeFiles/cmTC_4253a.dir/CMakeCCompilerABI.c.o] ==> ignore
    arg [-lSystem] ==> lib [System]
    arg [/Applications/Xcode.app/Contents/Developer/Toolchains/XcodeDefault.xctoolchain/usr/lib/clang/15.0.0/lib/darwin/libclang_rt.osx.a] ==> lib [/Applications/Xcode.app/Contents/Developer/Toolchains/XcodeDefault.xctoolchain/usr/lib/clang/15.0.0/lib/darwin/libclang_rt.osx.a]
  Library search paths: [;/usr/local/Cellar/check/0.15.2/lib;/usr/local/lib]
  remove lib [System]
  remove lib [/Applications/Xcode.app/Contents/Developer/Toolchains/XcodeDefault.xctoolchain/usr/lib/clang/15.0.0/lib/darwin/libclang_rt.osx.a]
  collapse library dir [/usr/local/Cellar/check/0.15.2/lib] ==> [/usr/local/Cellar/check/0.15.2/lib]
  collapse library dir [/usr/local/lib] ==> [/usr/local/lib]
  collapse library dir [/usr/local/Cellar/check/0.15.2/lib] ==> [/usr/local/Cellar/check/0.15.2/lib]
  collapse library dir [/usr/local/lib] ==> [/usr/local/lib]
  implicit libs: []
  implicit objs: []
  implicit dirs: [/usr/local/Cellar/check/0.15.2/lib;/usr/local/lib]
  implicit fwks: []


Detecting CXX compiler ABI info compiled with the following output:
Change Dir: /Users/jocastab/Projects/CPP3_BrickGame_v2.0/build/CMakeFiles/CMakeTmp

Run Build Command(s):/usr/bin/make -f Makefile cmTC_5a660/fast && /Applications/Xcode.app/Contents/Developer/usr/bin/make  -f CMakeFiles/cmTC_5a660.dir/build.make CMakeFiles/cmTC_5a660.dir/build
Building CXX object CMakeFiles/cmTC_5a660.dir/CMakeCXXCompilerABI.cpp.o
/Applications/Xcode.app/Contents/Developer/Toolchains/XcodeDefault.xctoolchain/usr/bin/c++   -isysroot /Applications/Xcode.app/Contents/Developer/Platforms/MacOSX.platform/Developer/SDKs/MacOSX14.2.sdk -mmacosx-version-min=13.6   -v -Wl,-v -MD -MT CMakeFiles/cmTC_5a660.dir/CMakeCXXCompilerABI.cpp.o -MF CMakeFiles/cmTC_5a660.dir/CMakeCXXCompilerABI.cpp.o.d -o CMakeFiles/cmTC_5a660.dir/CMakeCXXCompilerABI.cpp.o -c /usr/local/share/cmake/Modules/CMakeCXXCompilerABI.cpp
Apple clang version 15.0.0 (clang-1500.1.0.2.5)
Target: x86_64-apple-darwin22.6.0
Thread model: posix
InstalledDir: /Applications/Xcode.app/Contents/Developer/Toolchains/XcodeDefault.xctoolchain/usr/bin
clang: warning: -Wl,-v: 'linker' input unused [-Wunused-command-line-argument]
 "/Applications/Xcode.app/Contents/Developer/Toolchains/XcodeDefault.xctoolchain/usr/bin/clang" -cc1 -triple x86_64-apple-macosx13.6.0 -Wundef-prefix=TARGET_OS_ -Wdeprecated-objc-isa-usage -Werror=deprecated-objc-isa-usage -Werror=implicit-function-declaration -emit-obj -mrelax-all --mrelax-relocations -disable-free -clear-ast-before-backend -disable-llvm-verifier -discard-value-names -main-file-name CMakeCXXCompilerABI.cpp -mrelocation-model pic -pic-level 2 -mframe-pointer=all -fno-strict-return -ffp-contract=on -fno-rounding-math -funwind-tables=2 -target-sdk-version=14.2 -fvisibility-inlines-hidden-static-local-var -target-cpu penryn -tune-cpu generic -mllvm -treat-scalable-fixed-error-as-warning -debugger-tuning=lldb -target-linker-version 1022.1 -v -fcoverage-compilation-dir=/Users/jocastab/Projects/CPP3_BrickGame_v2.0/build/CMakeFiles/CMakeTmp -resource-dir /Applications/Xcode.app/Contents/Developer/Toolchains/XcodeDefault.xctoolchain/usr/lib/clang/15.0.0 -dependency-file CMakeFiles/cmTC_5a660.dir/CMakeCXXCompilerABI.cpp.o.d -skip-unused-modulemap-deps -MT CMakeFiles/cmTC_5a660.dir/CMakeCXXCompilerABI.cpp.o -sys-header-deps -isysroot /Applications/Xcode.app/Contents/Developer/Platforms/MacOSX.platform/Developer/SDKs/MacOSX14.2.sdk -c-isystem /usr/local/include/ -cxx-isystem /usr/local/include/ -internal-isystem /Applications/Xcode.app/Contents/Developer/Platforms/MacOSX.platform/Developer/SDKs/MacOSX14.2.sdk/usr/include/c++/v1 -internal-isystem /Applications/Xcode.app/Contents/Developer/Platforms/MacOSX.platform/Developer/SDKs/MacOSX14.2.sdk/usr/local/include -internal-isystem /Applications/Xcode.app/Contents/Developer/Toolchains/XcodeDefault.xctoolchain/usr/lib/clang/15.0.0/include -internal-externc-isystem /Applications/Xcode.app/Contents/Developer/Platforms/MacOSX.platform/Developer/SDKs/MacOSX14.2.sdk/usr/include -internal-externc-isystem /Applications/Xcode.app/Contents/Developer/Toolchains/XcodeDefault.xctoolchain/usr/include -Wno-reorder-init-list -Wno-implicit-int-float-conversion -Wno-c99-designator -Wno-final-dtor-non-final-class -Wno-extra-semi-stmt -Wno-misleading-indentation -Wno-quoted-include-in-framework-header -Wno-implicit-fallthrough -Wno-enum-enum-conversion -Wno-enum-float-conversion -Wno-elaborated-enum-base -Wno-reserved-identifier -Wno-gnu-folding-constant -fdeprecated-macro -fdebug-compilation-dir=/Users/jocastab/Projects/CPP3_BrickGame_v2.0/build/CMakeFiles/CMakeTmp -ferror-limit 19 -stack-protector 1 -fstack-check -mdarwin-stkchk-strong-link -fblocks -fencode-extended-block-signature -fregister-global-dtors-with-atexit -fgnuc-version=4.2.1 -fno-cxx-modules -fcxx-exceptions -fexceptions -fmax-type-align=16 -fcommon -clang-vendor-feature=+disableNonDependentMemberExprInCurrentInstantiation -fno-odr-hash-protocols -clang-vendor-feature=+enableAggressiveVLAFolding -clang-vendor-feature=+revert09abecef7bbf -clang-vendor-feature=+thisNoAlignAttr -clang-vendor-feature=+thisNoNullAttr -mllvm -disable-aligned-alloc-awareness=1 -D__GCC_HAVE_DWARF2_CFI_ASM=1 -o CMakeFiles/cmTC_5a660.dir/CMakeCXXCompilerABI.cpp.o -x c++ /usr/local/share/cmake/Modules/CMakeCXXCompilerABI.cpp
clang -cc1 version 15.0.0 (clang-1500.1.0.2.5) default target x86_64-apple-darwin22.6.0
ignoring nonexistent directory "/Applications/Xcode.app/Contents/Developer/Platforms/MacOSX.platform/Developer/SDKs/MacOSX14.2.sdk/usr/local/include"
ignoring nonexistent directory "/Applications/Xcode.app/Contents/Developer/Platforms/MacOSX.platform/Developer/SDKs/MacOSX14.2.sdk/Library/Frameworks"
#include "..." search starts here:
#include <...> search starts here:
 /usr/local/include
 /Applications/Xcode.app/Contents/Developer/Platforms/MacOSX.platform/Developer/SDKs/MacOSX14.2.sdk/usr/include/c++/v1
 /Applications/Xcode.app/Contents/Developer/Toolchains/XcodeDefault.xctoolchain/usr/lib/clang/15.0.0/include
 /Applications/Xcode.app/Contents/Developer/Platforms/MacOSX.platform/Developer/SDKs/MacOSX14.2.sdk/usr/include
 /Applications/Xcode.app/Contents/Developer/Toolchains/XcodeDefault.xctoolchain/usr/include
 /Applications/Xcode.app/Contents/Developer/Platforms/MacOSX.platform/Developer/SDKs/MacOSX14.2.sdk/System/Library/Frameworks (framework directory)
End of search list.
Linking CXX executable cmTC_5a660
/usr/local/bin/cmake -E cmake_link_script CMakeFiles/cmTC_5a660.dir/link.txt --verbose=1
/Applications/Xcode.app/Contents/Developer/Toolchains/XcodeDefault.xctoolchain/usr/bin/c++  -isysroot /Applications/Xcode.app/Contents/Developer/Platforms/MacOSX.platform/Developer/SDKs/MacOSX14.2.sdk -mmacosx-version-min=13.6 -Wl,-search_paths_first -Wl,-headerpad_max_install_names  -v -Wl,-v CMakeFiles/cmTC_5a660.dir/CMakeCXXCompilerABI.cpp.o -o cmTC_5a660 
Apple clang version 15.0.0 (clang-1500.1.0.2.5)
Target: x86_64-apple-darwin22.6.0
Thread model: posix
InstalledDir: /Applications/Xcode.app/Contents/Developer/Toolchains/XcodeDefault.xctoolchain/usr/bin
 "/Applications/Xcode.app/Contents/Developer/Toolchains/XcodeDefault.xctoolchain/usr/bin/ld" -demangle -lto_library /Applications/Xcode.app/Contents/Developer/Toolchains/XcodeDefault.xctoolchain/usr/lib/libLTO.dylib -dynamic -arch x86_64 -platform_version macos 13.6.0 14.2 -syslibroot /Applications/Xcode.app/Contents/Developer/Platforms/MacOSX.platform/Developer/SDKs/MacOSX14.2.sdk -o cmTC_5a660 -L/usr/local/Cellar/check/0.15.2/lib -L/usr/local/lib -search_paths_first -headerpad_max_install_names -v CMakeFiles/cmTC_5a660.dir/CMakeCXXCompilerABI.cpp.o -lc++ -lSystem /Applications/Xcode.app/Contents/Developer/Toolchains/XcodeDefault.xctoolchain/usr/lib/clang/15.0.0/lib/darwin/libclang_rt.osx.a
@(#)PROGRAM:ld  PROJECT:dyld-1022.1
BUILD 05:26:33 Dec  7 2023
configured to support archs: armv6 armv7 armv7s arm64 arm64e arm64_32 i386 x86_64 x86_64h
will use ld-classic for: armv6 armv7 armv7s arm64_32 i386 armv6m armv7k armv7m armv7em
LTO support using: LLVM version 15.0.0 (static support for 29, runtime is 29)
TAPI support using: Apple TAPI version 15.0.0 (tapi-1500.0.12.8)
Library search paths:
	/usr/local/Cellar/check/0.15.2/lib
	/usr/local/lib
Framework search paths:



Parsed CXX implicit include dir info from above output: rv=done
  found start of include info
  found start of implicit include info
    add: [/usr/local/include]
    add: [/Applications/Xcode.app/Contents/Developer/Platforms/MacOSX.platform/Developer/SDKs/MacOSX14.2.sdk/usr/include/c++/v1]
    add: [/Applications/Xcode.app/Contents/Developer/Toolchains/XcodeDefault.xctoolchain/usr/lib/clang/15.0.0/include]
    add: [/Applications/Xcode.app/Contents/Developer/Platforms/MacOSX.platform/Developer/SDKs/MacOSX14.2.sdk/usr/include]
    add: [/Applications/Xcode.app/Contents/Developer/Toolchains/XcodeDefault.xctoolchain/usr/include]
  end of search list found
  collapse include dir [/usr/local/include] ==> [/usr/local/include]
  collapse include dir [/Applications/Xcode.app/Contents/Developer/Platforms/MacOSX.platform/Developer/SDKs/MacOSX14.2.sdk/usr/include/c++/v1] ==> [/Applications/Xcode.app/Contents/Developer/Platforms/MacOSX.platform/Developer/SDKs/MacOSX14.2.sdk/usr/include/c++/v1]
  collapse include dir [/Applications/Xcode.app/Contents/Developer/Toolchains/XcodeDefault.xctoolchain/usr/lib/clang/15.0.0/include] ==> [/Applications/Xcode.app/Contents/Developer/Toolchains/XcodeDefault.xctoolchain/usr/lib/clang/15.0.0/include]
  collapse include dir [/Applications/Xcode.app/Contents/Developer/Platforms/MacOSX.platform/Developer/SDKs/MacOSX14.2.sdk/usr/include] ==> [/Applications/Xcode.app/Contents/Developer/Platforms/MacOSX.platform/Developer/SDKs/MacOSX14.2.sdk/usr/include]
  collapse include dir [/Applications/Xcode.app/Contents/Developer/Toolchains/XcodeDefault.xctoolchain/usr/include] ==> [/Applications/Xcode.app/Contents/Developer/Toolchains/XcodeDefault.xctoolchain/usr/include]
  implicit include dirs: [/usr/local/include;/Applications/Xcode.app/Contents/Developer/Platforms/MacOSX.platform/Developer/SDKs/MacOSX14.2.sdk/usr/include/c++/v1;/Applications/Xcode.app/Contents/Developer/Toolchains/XcodeDefault.xctoolchain/usr/lib/clang/15.0.0/include;/Applications/Xcode.app/Contents/Developer/Platforms/MacOSX.platform/Developer/SDKs/MacOSX14.2.sdk/usr/include;/Applications/Xcode.app/Contents/Developer/Toolchains/XcodeDefault.xctoolchain/usr/include]


Parsed CXX implicit link information from above output:
  link line regex: [^( *|.*[/\])(ld|CMAKE_LINK_STARTFILE-NOTFOUND|([^/\]+-)?ld|collect2)[^/\]*( |$)]
  ignore line: [Change Dir: /Users/jocastab/Projects/CPP3_BrickGame_v2.0/build/CMakeFiles/CMakeTmp]
  ignore line: []
  ignore line: [Run Build Command(s):/usr/bin/make -f Makefile cmTC_5a660/fast && /Applications/Xcode.app/Contents/Developer/usr/bin/make  -f CMakeFiles/cmTC_5a660.dir/build.make CMakeFiles/cmTC_5a660.dir/build]
  ignore line: [Building CXX object CMakeFiles/cmTC_5a660.dir/CMakeCXXCompilerABI.cpp.o]
  ignore line: [/Applications/Xcode.app/Contents/Developer/Toolchains/XcodeDefault.xctoolchain/usr/bin/c++   -isysroot /Applications/Xcode.app/Contents/Developer/Platforms/MacOSX.platform/Developer/SDKs/MacOSX14.2.sdk -mmacosx-version-min=13.6   -v -Wl -v -MD -MT CMakeFiles/cmTC_5a660.dir/CMakeCXXCompilerABI.cpp.o -MF CMakeFiles/cmTC_5a660.dir/CMakeCXXCompilerABI.cpp.o.d -o CMakeFiles/cmTC_5a660.dir/CMakeCXXCompilerABI.cpp.o -c /usr/local/share/cmake/Modules/CMakeCXXCompilerABI.cpp]
  ignore line: [Apple clang version 15.0.0 (clang-1500.1.0.2.5)]
  ignore line: [Target: x86_64-apple-darwin22.6.0]
  ignore line: [Thread model: posix]
  ignore line: [InstalledDir: /Applications/Xcode.app/Contents/Developer/Toolchains/XcodeDefault.xctoolchain/usr/bin]
  ignore line: [clang: warning: -Wl -v: 'linker' input unused [-Wunused-command-line-argument]]
  ignore line: [ "/Applications/Xcode.app/Contents/Developer/Toolchains/XcodeDefault.xctoolchain/usr/bin/clang" -cc1 -triple x86_64-apple-macosx13.6.0 -Wundef-prefix=TARGET_OS_ -Wdeprecated-objc-isa-usage -Werror=deprecated-objc-isa-usage -Werror=implicit-function-declaration -emit-obj -mrelax-all --mrelax-relocations -disable-free -clear-ast-before-backend -disable-llvm-verifier -discard-value-names -main-file-name CMakeCXXCompilerABI.cpp -mrelocation-model pic -pic-level 2 -mframe-pointer=all -fno-strict-return -ffp-contract=on -fno-rounding-math -funwind-tables=2 -target-sdk-version=14.2 -fvisibility-inlines-hidden-static-local-var -target-cpu penryn -tune-cpu generic -mllvm -treat-scalable-fixed-error-as-warning -debugger-tuning=lldb -target-linker-version 1022.1 -v -fcoverage-compilation-dir=/Users/jocastab/Projects/CPP3_BrickGame_v2.0/build/CMakeFiles/CMakeTmp -resource-dir /Applications/Xcode.app/Contents/Developer/Toolchains/XcodeDefault.xctoolchain/usr/lib/clang/15.0.0 -dependency-file CMakeFiles/cmTC_5a660.dir/CMakeCXXCompilerABI.cpp.o.d -skip-unused-modulemap-deps -MT CMakeFiles/cmTC_5a660.dir/CMakeCXXCompilerABI.cpp.o -sys-header-deps -isysroot /Applications/Xcode.app/Contents/Developer/Platforms/MacOSX.platform/Developer/SDKs/MacOSX14.2.sdk -c-isystem /usr/local/include/ -cxx-isystem /usr/local/include/ -internal-isystem /Applications/Xcode.app/Contents/Developer/Platforms/MacOSX.platform/Developer/SDKs/MacOSX14.2.sdk/usr/include/c++/v1 -internal-isystem /Applications/Xcode.app/Contents/Developer/Platforms/MacOSX.platform/Developer/SDKs/MacOSX14.2.sdk/usr/local/include -internal-isystem /Applications/Xcode.app/Contents/Developer/Toolchains/XcodeDefault.xctoolchain/usr/lib/clang/15.0.0/include -internal-externc-isystem /Applications/Xcode.app/Contents/Developer/Platforms/MacOSX.platform/Developer/SDKs/MacOSX14.2.sdk/usr/include -internal-externc-isystem /Applications/Xcode.app/Contents/Developer/Toolchains/XcodeDefault.xctoolchain/usr/include -Wno-reorder-init-list -Wno-implicit-int-float-conversion -Wno-c99-designator -Wno-final-dtor-non-final-class -Wno-extra-semi-stmt -Wno-misleading-indentation -Wno-quoted-include-in-framework-header -Wno-implicit-fallthrough -Wno-enum-enum-conversion -Wno-enum-float-conversion -Wno-elaborated-enum-base -Wno-reserved-identifier -Wno-gnu-folding-constant -fdeprecated-macro -fdebug-compilation-dir=/Users/jocastab/Projects/CPP3_BrickGame_v2.0/build/CMakeFiles/CMakeTmp -ferror-limit 19 -stack-protector 1 -fstack-check -mdarwin-stkchk-strong-link -fblocks -fencode-extended-block-signature -fregister-global-dtors-with-atexit -fgnuc-version=4.2.1 -fno-cxx-modules -fcxx-exceptions -fexceptions -fmax-type-align=16 -fcommon -clang-vendor-feature=+disableNonDependentMemberExprInCurrentInstantiation -fno-odr-hash-protocols -clang-vendor-feature=+enableAggressiveVLAFolding -clang-vendor-feature=+revert09abecef7bbf -clang-vendor-feature=+thisNoAlignAttr -clang-vendor-feature=+thisNoNullAttr -mllvm -disable-aligned-alloc-awareness=1 -D__GCC_HAVE_DWARF2_CFI_ASM=1 -o CMakeFiles/cmTC_5a660.dir/CMakeCXXCompilerABI.cpp.o -x c++ /usr/local/share/cmake/Modules/CMakeCXXCompilerABI.cpp]
  ignore line: [clang -cc1 version 15.0.0 (clang-1500.1.0.2.5) default target x86_64-apple-darwin22.6.0]
  ignore line: [ignoring nonexistent directory "/Applications/Xcode.app/Contents/Developer/Platforms/MacOSX.platform/Developer/SDKs/MacOSX14.2.sdk/usr/local/include"]
  ignore line: [ignoring nonexistent directory "/Applications/Xcode.app/Contents/Developer/Platforms/MacOSX.platform/Developer/SDKs/MacOSX14.2.sdk/Library/Frameworks"]
  ignore line: [#include "..." search starts here:]
  ignore line: [#include <...> search starts here:]
  ignore line: [ /usr/local/include]
  ignore line: [ /Applications/Xcode.app/Contents/Developer/Platforms/MacOSX.platform/Developer/SDKs/MacOSX14.2.sdk/usr/include/c++/v1]
  ignore line: [ /Applications/Xcode.app/Contents/Developer/Toolchains/XcodeDefault.xctoolchain/usr/lib/clang/15.0.0/include]
  ignore line: [ /Applications/Xcode.app/Contents/Developer/Platforms/MacOSX.platform/Developer/SDKs/MacOSX14.2.sdk/usr/include]
  ignore line: [ /Applications/Xcode.app/Contents/Developer/Toolchains/XcodeDefault.xctoolchain/usr/include]
  ignore line: [ /Applications/Xcode.app/Contents/Developer/Platforms/MacOSX.platform/Developer/SDKs/MacOSX14.2.sdk/System/Library/Frameworks (framework directory)]
  ignore line: [End of search list.]
  ignore line: [Linking CXX executable cmTC_5a660]
  ignore line: [/usr/local/bin/cmake -E cmake_link_script CMakeFiles/cmTC_5a660.dir/link.txt --verbose=1]
  ignore line: [/Applications/Xcode.app/Contents/Developer/Toolchains/XcodeDefault.xctoolchain/usr/bin/c++  -isysroot /Applications/Xcode.app/Contents/Developer/Platforms/MacOSX.platform/Developer/SDKs/MacOSX14.2.sdk -mmacosx-version-min=13.6 -Wl -search_paths_first -Wl -headerpad_max_install_names  -v -Wl -v CMakeFiles/cmTC_5a660.dir/CMakeCXXCompilerABI.cpp.o -o cmTC_5a660 ]
  ignore line: [Apple clang version 15.0.0 (clang-1500.1.0.2.5)]
  ignore line: [Target: x86_64-apple-darwin22.6.0]
  ignore line: [Thread model: posix]
  ignore line: [InstalledDir: /Applications/Xcode.app/Contents/Developer/Toolchains/XcodeDefault.xctoolchain/usr/bin]
  link line: [ "/Applications/Xcode.app/Contents/Developer/Toolchains/XcodeDefault.xctoolchain/usr/bin/ld" -demangle -lto_library /Applications/Xcode.app/Contents/Developer/Toolchains/XcodeDefault.xctoolchain/usr/lib/libLTO.dylib -dynamic -arch x86_64 -platform_version macos 13.6.0 14.2 -syslibroot /Applications/Xcode.app/Contents/Developer/Platforms/MacOSX.platform/Developer/SDKs/MacOSX14.2.sdk -o cmTC_5a660 -L/usr/local/Cellar/check/0.15.2/lib -L/usr/local/lib -search_paths_first -headerpad_max_install_names -v CMakeFiles/cmTC_5a660.dir/CMakeCXXCompilerABI.cpp.o -lc++ -lSystem /Applications/Xcode.app/Contents/Developer/Toolchains/XcodeDefault.xctoolchain/usr/lib/clang/15.0.0/lib/darwin/libclang_rt.osx.a]
    arg [/Applications/Xcode.app/Contents/Developer/Toolchains/XcodeDefault.xctoolchain/usr/bin/ld] ==> ignore
    arg [-demangle] ==> ignore
    arg [-lto_library] ==> ignore, skip following value
    arg [/Applications/Xcode.app/Contents/Developer/Toolchains/XcodeDefault.xctoolchain/usr/lib/libLTO.dylib] ==> skip value of -lto_library
    arg [-dynamic] ==> ignore
    arg [-arch] ==> ignore
    arg [x86_64] ==> ignore
    arg [-platform_version] ==> ignore
    arg [macos] ==> ignore
    arg [13.6.0] ==> ignore
    arg [14.2] ==> ignore
    arg [-syslibroot] ==> ignore
    arg [/Applications/Xcode.app/Contents/Developer/Platforms/MacOSX.platform/Developer/SDKs/MacOSX14.2.sdk] ==> ignore
    arg [-o] ==> ignore
    arg [cmTC_5a660] ==> ignore
    arg [-L/usr/local/Cellar/check/0.15.2/lib] ==> dir [/usr/local/Cellar/check/0.15.2/lib]
    arg [-L/usr/local/lib] ==> dir [/usr/local/lib]
    arg [-search_paths_first] ==> ignore
    arg [-headerpad_max_install_names] ==> ignore
    arg [-v] ==> ignore
    arg [CMakeFiles/cmTC_5a660.dir/CMakeCXXCompilerABI.cpp.o] ==> ignore
    arg [-lc++] ==> lib [c++]
    arg [-lSystem] ==> lib [System]
    arg [/Applications/Xcode.app/Contents/Developer/Toolchains/XcodeDefault.xctoolchain/usr/lib/clang/15.0.0/lib/darwin/libclang_rt.osx.a] ==> lib [/Applications/Xcode.app/Contents/Developer/Toolchains/XcodeDefault.xctoolchain/usr/lib/clang/15.0.0/lib/darwin/libclang_rt.osx.a]
  Library search paths: [;/usr/local/Cellar/check/0.15.2/lib;/usr/local/lib]
  remove lib [System]
  remove lib [/Applications/Xcode.app/Contents/Developer/Toolchains/XcodeDefault.xctoolchain/usr/lib/clang/15.0.0/lib/darwin/libclang_rt.osx.a]
  collapse library dir [/usr/local/Cellar/check/0.15.2/lib] ==> [/usr/local/Cellar/check/0.15.2/lib]
  collapse library dir [/usr/local/lib] ==> [/usr/local/lib]
  collapse library dir [/usr/local/Cellar/check/0.15.2/lib] ==> [/usr/local/Cellar/check/0.15.2/lib]
  collapse library dir [/usr/local/lib] ==> [/usr/local/lib]
  implicit libs: [c++]
  implicit objs: []
  implicit dirs: [/usr/local/Cellar/check/0.15.2/lib;/usr/local/lib]
  implicit fwks: []


Determining if the include file pthread.h exists passed with the following output:
Change Dir: /Users/jocastab/Projects/CPP3_BrickGame_v2.0/build/CMakeFiles/CMakeTmp

Run Build Command(s):/usr/bin/make -f Makefile cmTC_51830/fast && /Applications/Xcode.app/Contents/Developer/usr/bin/make  -f CMakeFiles/cmTC_51830.dir/build.make CMakeFiles/cmTC_51830.dir/build
Building C object CMakeFiles/cmTC_51830.dir/CheckIncludeFile.c.o
/Applications/Xcode.app/Contents/Developer/Toolchains/XcodeDefault.xctoolchain/usr/bin/cc   -isysroot /Applications/Xcode.app/Contents/Developer/Platforms/MacOSX.platform/Developer/SDKs/MacOSX14.2.sdk -mmacosx-version-min=13.6 -MD -MT CMakeFiles/cmTC_51830.dir/CheckIncludeFile.c.o -MF CMakeFiles/cmTC_51830.dir/CheckIncludeFile.c.o.d -o CMakeFiles/cmTC_51830.dir/CheckIncludeFile.c.o -c /Users/jocastab/Projects/CPP3_BrickGame_v2.0/build/CMakeFiles/CMakeTmp/CheckIncludeFile.c
Linking C executable cmTC_51830
/usr/local/bin/cmake -E cmake_link_script CMakeFiles/cmTC_51830.dir/link.txt --verbose=1
/Applications/Xcode.app/Contents/Developer/Toolchains/XcodeDefault.xctoolchain/usr/bin/cc  -isysroot /Applications/Xcode.app/Contents/Developer/Platforms/MacOSX.platform/Developer/SDKs/MacOSX14.2.sdk -mmacosx-version-min=13.6 -Wl,-search_paths_first -Wl,-headerpad_max_install_names CMakeFiles/cmTC_51830.dir/CheckIncludeFile.c.o -o cmTC_51830 



Performing C SOURCE FILE Test CMAKE_HAVE_LIBC_PTHREAD succeeded with the following output:
Change Dir: /Users/jocastab/Projects/CPP3_BrickGame_v2.0/build/CMakeFiles/CMakeTmp

Run Build Command(s):/usr/bin/make -f Makefile cmTC_e7172/fast && /Applications/Xcode.app/Contents/Developer/usr/bin/make  -f CMakeFiles/cmTC_e7172.dir/build.make CMakeFiles/cmTC_e7172.dir/build
Building C object CMakeFiles/cmTC_e7172.dir/src.c.o
/Applications/Xcode.app/Contents/Developer/Toolchains/XcodeDefault.xctoolchain/usr/bin/cc -DCMAKE_HAVE_LIBC_PTHREAD  -isysroot /Applications/Xcode.app/Contents/Developer/Platforms/MacOSX.platform/Developer/SDKs/MacOSX14.2.sdk -mmacosx-version-min=13.6 -MD -MT CMakeFiles/cmTC_e7172.dir/src.c.o -MF CMakeFiles/cmTC_e7172.dir/src.c.o.d -o CMakeFiles/cmTC_e7172.dir/src.c.o -c /Users/jocastab/Projects/CPP3_BrickGame_v2.0/build/CMakeFiles/CMakeTmp/src.c
Linking C executable cmTC_e7172
/usr/local/bin/cmake -E cmake_link_script CMakeFiles/cmTC_e7172.dir/link.txt --verbose=1
/Applications/Xcode.app/Contents/Developer/Toolchains/XcodeDefault.xctoolchain/usr/bin/cc  -isysroot /Applications/Xcode.app/Contents/Developer/Platforms/MacOSX.platform/Developer/SDKs/MacOSX14.2.sdk -mmacosx-version-min=13.6 -Wl,-search_paths_first -Wl,-headerpad_max_install_names CMakeFiles/cmTC_e7172.dir/src.c.o -o cmTC_e7172 


Source file was:
#include <pthread.h>

static void* test_func(void* data)
{
  return data;
}

int main(void)
{
  pthread_t thread;
  pthread_create(&thread, NULL, test_func, NULL);
  pthread_detach(thread);
  pthread_cancel(thread);
  pthread_join(thread, NULL);
  pthread_atfork(NULL, NULL, NULL);
  pthread_exit(NULL);

  return 0;
}

Performing C++ SOURCE FILE Test HAVE_STDATOMIC succeeded with the following output:
Change Dir: /Users/jocastab/Projects/CPP3_BrickGame_v2.0/build/CMakeFiles/CMakeTmp

Run Build Command(s):/usr/bin/make -f Makefile cmTC_018da/fast && /Applications/Xcode.app/Contents/Developer/usr/bin/make  -f CMakeFiles/cmTC_018da.dir/build.make CMakeFiles/cmTC_018da.dir/build
Building CXX object CMakeFiles/cmTC_018da.dir/src.cxx.o
/Applications/Xcode.app/Contents/Developer/Toolchains/XcodeDefault.xctoolchain/usr/bin/c++ -DHAVE_STDATOMIC  -isysroot /Applications/Xcode.app/Contents/Developer/Platforms/MacOSX.platform/Developer/SDKs/MacOSX14.2.sdk -mmacosx-version-min=13.6 -std=gnu++17 -MD -MT CMakeFiles/cmTC_018da.dir/src.cxx.o -MF CMakeFiles/cmTC_018da.dir/src.cxx.o.d -o CMakeFiles/cmTC_018da.dir/src.cxx.o -c /Users/jocastab/Projects/CPP3_BrickGame_v2.0/build/CMakeFiles/CMakeTmp/src.cxx
Linking CXX executable cmTC_018da
/usr/local/bin/cmake -E cmake_link_script CMakeFiles/cmTC_018da.dir/link.txt --verbose=1
/Applications/Xcode.app/Contents/Developer/Toolchains/XcodeDefault.xctoolchain/usr/bin/c++  -isysroot /Applications/Xcode.app/Contents/Developer/Platforms/MacOSX.platform/Developer/SDKs/MacOSX14.2.sdk -mmacosx-version-min=13.6 -Wl,-search_paths_first -Wl,-headerpad_max_install_names CMakeFiles/cmTC_018da.dir/src.cxx.o -o cmTC_018da 


Source file was:
#include <atomic>
#include <cstdint>

int main(int, char **)
{
    volatile std::atomic<char>    size_1;
    volatile std::atomic<short>   size_2;
    volatile std::atomic<int>     size_4;
    volatile std::atomic<int64_t> size_8;

    ++size_1;
    ++size_2;
    ++size_4;
    ++size_8;

    (void)size_1.load(std::memory_order_relaxed);
    (void)size_2.load(std::memory_order_relaxed);
    (void)size_4.load(std::memory_order_relaxed);
    (void)size_8.load(std::memory_order_relaxed);

    return 0;
}
The system is: Darwin - 22.6.0 - x86_64
Compiling the C compiler identification source file "CMakeCCompilerId.c" succeeded.
Compiler: /Applications/Xcode.app/Contents/Developer/Toolchains/XcodeDefault.xctoolchain/usr/bin/cc 
Build flags: 
Id flags: -c 

The output was:
0


Compilation of the C compiler identification source "CMakeCCompilerId.c" produced "CMakeCCompilerId.o"

The C compiler identification is AppleClang, found in "/Users/jocastab/Projects/CPP3_BrickGame_v2.0/build/CMakeFiles/3.23.0/CompilerIdC/CMakeCCompilerId.o"

Compiling the CXX compiler identification source file "CMakeCXXCompilerId.cpp" succeeded.
Compiler: /Applications/Xcode.app/Contents/Developer/Toolchains/XcodeDefault.xctoolchain/usr/bin/c++ 
Build flags: 
Id flags: -c 

The output was:
0


Compilation of the CXX compiler identification source "CMakeCXXCompilerId.cpp" produced "CMakeCXXCompilerId.o"

The CXX compiler identification is AppleClang, found in "/Users/jocastab/Projects/CPP3_BrickGame_v2.0/build/CMakeFiles/3.23.0/CompilerIdCXX/CMakeCXXCompilerId.o"

Detecting C compiler ABI info compiled with the following output:
Change Dir: /Users/jocastab/Projects/CPP3_BrickGame_v2.0/build/CMakeFiles/CMakeTmp

Run Build Command(s):/usr/bin/make -f Makefile cmTC_f3378/fast && /Applications/Xcode.app/Contents/Developer/usr/bin/make  -f CMakeFiles/cmTC_f3378.dir/build.make CMakeFiles/cmTC_f3378.dir/build
Building C object CMakeFiles/cmTC_f3378.dir/CMakeCCompilerABI.c.o
/Applications/Xcode.app/Contents/Developer/Toolchains/XcodeDefault.xctoolchain/usr/bin/cc   -isysroot /Applications/Xcode.app/Contents/Developer/Platforms/MacOSX.platform/Developer/SDKs/MacOSX14.2.sdk -mmacosx-version-min=13.6   -v -Wl,-v -MD -MT CMakeFiles/cmTC_f3378.dir/CMakeCCompilerABI.c.o -MF CMakeFiles/cmTC_f3378.dir/CMakeCCompilerABI.c.o.d -o CMakeFiles/cmTC_f3378.dir/CMakeCCompilerABI.c.o -c /usr/local/share/cmake/Modules/CMakeCCompilerABI.c
Apple clang version 15.0.0 (clang-1500.1.0.2.5)
Target: x86_64-apple-darwin22.6.0
Thread model: posix
InstalledDir: /Applications/Xcode.app/Contents/Developer/Toolchains/XcodeDefault.xctoolchain/usr/bin
clang: warning: -Wl,-v: 'linker' input unused [-Wunused-command-line-argument]
 "/Applications/Xcode.app/Contents/Developer/Toolchains/XcodeDefault.xctoolchain/usr/bin/clang" -cc1 -triple x86_64-apple-macosx13.6.0 -Wundef-prefix=TARGET_OS_ -Wdeprecated-objc-isa-usage -Werror=deprecated-objc-isa-usage -Werror=implicit-function-declaration -emit-obj -mrelax-all --mrelax-relocations -disable-free -clear-ast-before-backend -disable-llvm-verifier -discard-value-names -main-file-name CMakeCCompilerABI.c -mrelocation-model pic -pic-level 2 -mframe-pointer=all -fno-strict-return -ffp-contract=on -fno-rounding-math -funwind-tables=2 -target-sdk-version=14.2 -fvisibility-inlines-hidden-static-local-var -target-cpu penryn -tune-cpu generic -mllvm -treat-scalable-fixed-error-as-warning -debugger-tuning=lldb -target-linker-version 1022.1 -v -fcoverage-compilation-dir=/Users/jocastab/Projects/CPP3_BrickGame_v2.0/build/CMakeFiles/CMakeTmp -resource-dir /Applications/Xcode.app/Contents/Developer/Toolchains/XcodeDefault.xctoolchain/usr/lib/clang/15.0.0 -dependency-file CMakeFiles/cmTC_f3378.dir/CMakeCCompilerABI.c.o.d -skip-unused-modulemap-deps -MT CMakeFiles/cmTC_f3378.dir/CMakeCCompilerABI.c.o -sys-header-deps -isysroot /Applications/Xcode.app/Contents/Developer/Platforms/MacOSX.platform/Developer/SDKs/MacOSX14.2.sdk -c-isystem /usr/local/include/ -cxx-isystem /usr/local/include/ -internal-isystem /Applications/Xcode.app/Contents/Developer/Platforms/MacOSX.platform/Developer/SDKs/MacOSX14.2.sdk/usr/local/include -internal-isystem /Applications/Xcode.app/Contents/Developer/Toolchains/XcodeDefault.xctoolchain/usr/lib/clang/15.0.0/include -internal-externc-isystem /Applications/Xcode.app/Contents/Developer/Platforms/MacOSX.platform/Developer/SDKs/MacOSX14.2.sdk/usr/include -internal-externc-isystem /Applications/Xcode.app/Contents/Developer/Toolchains/XcodeDefault.xctoolchain/usr/include -Wno-reorder-init-list -Wno-implicit-int-float-conversion -Wno-c99-designator -Wno-final-dtor-non-final-class -Wno-extra-semi-stmt -Wno-misleading-indentation -Wno-quoted-include-in-framework-header -Wno-implicit-fallthrough -Wno-enum-enum-conversion -Wno-enum-float-conversion -Wno-elaborated-enum-base -Wno-reserved-identifier -Wno-gnu-folding-constant -fdebug-compilation-dir=/Users/jocastab/Projects/CPP3_BrickGame_v2.0/build/CMakeFiles/CMakeTmp -ferror-limit 19 -stack-protector 1 -fstack-check -mdarwin-stkchk-strong-link -fblocks -fencode-extended-block-signature -fregister-global-dtors-with-atexit -fgnuc-version=4.2.1 -fmax-type-align=16 -fcommon -clang-vendor-feature=+disableNonDependentMemberExprInCurrentInstantiation -fno-odr-hash-protocols -clang-vendor-feature=+enableAggressiveVLAFolding -clang-vendor-feature=+revert09abecef7bbf -clang-vendor-feature=+thisNoAlignAttr -clang-vendor-feature=+thisNoNullAttr -mllvm -disable-aligned-alloc-awareness=1 -D__GCC_HAVE_DWARF2_CFI_ASM=1 -o CMakeFiles/cmTC_f3378.dir/CMakeCCompilerABI.c.o -x c /usr/local/share/cmake/Modules/CMakeCCompilerABI.c
clang -cc1 version 15.0.0 (clang-1500.1.0.2.5) default target x86_64-apple-darwin22.6.0
ignoring nonexistent directory "/Applications/Xcode.app/Contents/Developer/Platforms/MacOSX.platform/Developer/SDKs/MacOSX14.2.sdk/usr/local/include"
ignoring nonexistent directory "/Applications/Xcode.app/Contents/Developer/Platforms/MacOSX.platform/Developer/SDKs/MacOSX14.2.sdk/Library/Frameworks"
#include "..." search starts here:
#include <...> search starts here:
 /usr/local/include
 /Applications/Xcode.app/Contents/Developer/Toolchains/XcodeDefault.xctoolchain/usr/lib/clang/15.0.0/include
 /Applications/Xcode.app/Contents/Developer/Platforms/MacOSX.platform/Developer/SDKs/MacOSX14.2.sdk/usr/include
 /Applications/Xcode.app/Contents/Developer/Toolchains/XcodeDefault.xctoolchain/usr/include
 /Applications/Xcode.app/Contents/Developer/Platforms/MacOSX.platform/Developer/SDKs/MacOSX14.2.sdk/System/Library/Frameworks (framework directory)
End of search list.
Linking C executable cmTC_f3378
/usr/local/bin/cmake -E cmake_link_script CMakeFiles/cmTC_f3378.dir/link.txt --verbose=1
/Applications/Xcode.app/Contents/Developer/Toolchains/XcodeDefault.xctoolchain/usr/bin/cc  -isysroot /Applications/Xcode.app/Contents/Developer/Platforms/MacOSX.platform/Developer/SDKs/MacOSX14.2.sdk -mmacosx-version-min=13.6 -Wl,-search_paths_first -Wl,-headerpad_max_install_names  -v -Wl,-v CMakeFiles/cmTC_f3378.dir/CMakeCCompilerABI.c.o -o cmTC_f3378 
Apple clang version 15.0.0 (clang-1500.1.0.2.5)
Target: x86_64-apple-darwin22.6.0
Thread model: posix
InstalledDir: /Applications/Xcode.app/Contents/Developer/Toolchains/XcodeDefault.xctoolchain/usr/bin
 "/Applications/Xcode.app/Contents/Developer/Toolchains/XcodeDefault.xctoolchain/usr/bin/ld" -demangle -lto_library /Applications/Xcode.app/Contents/Developer/Toolchains/XcodeDefault.xctoolchain/usr/lib/libLTO.dylib -dynamic -arch x86_64 -platform_version macos 13.6.0 14.2 -syslibroot /Applications/Xcode.app/Contents/Developer/Platforms/MacOSX.platform/Developer/SDKs/MacOSX14.2.sdk -o cmTC_f3378 -L/usr/local/Cellar/check/0.15.2/lib -L/usr/local/lib -search_paths_first -headerpad_max_install_names -v CMakeFiles/cmTC_f3378.dir/CMakeCCompilerABI.c.o -lSystem /Applications/Xcode.app/Contents/Developer/Toolchains/XcodeDefault.xctoolchain/usr/lib/clang/15.0.0/lib/darwin/libclang_rt.osx.a
@(#)PROGRAM:ld  PROJECT:dyld-1022.1
BUILD 05:26:33 Dec  7 2023
configured to support archs: armv6 armv7 armv7s arm64 arm64e arm64_32 i386 x86_64 x86_64h
will use ld-classic for: armv6 armv7 armv7s arm64_32 i386 armv6m armv7k armv7m armv7em
LTO support using: LLVM version 15.0.0 (static support for 29, runtime is 29)
TAPI support using: Apple TAPI version 15.0.0 (tapi-1500.0.12.8)
Library search paths:
	/usr/local/Cellar/check/0.15.2/lib
	/usr/local/lib
Framework search paths:



Parsed C implicit include dir info from above output: rv=done
  found start of include info
  found start of implicit include info
    add: [/usr/local/include]
    add: [/Applications/Xcode.app/Contents/Developer/Toolchains/XcodeDefault.xctoolchain/usr/lib/clang/15.0.0/include]
    add: [/Applications/Xcode.app/Contents/Developer/Platforms/MacOSX.platform/Developer/SDKs/MacOSX14.2.sdk/usr/include]
    add: [/Applications/Xcode.app/Contents/Developer/Toolchains/XcodeDefault.xctoolchain/usr/include]
  end of search list found
  collapse include dir [/usr/local/include] ==> [/usr/local/include]
  collapse include dir [/Applications/Xcode.app/Contents/Developer/Toolchains/XcodeDefault.xctoolchain/usr/lib/clang/15.0.0/include] ==> [/Applications/Xcode.app/Contents/Developer/Toolchains/XcodeDefault.xctoolchain/usr/lib/clang/15.0.0/include]
  collapse include dir [/Applications/Xcode.app/Contents/Developer/Platforms/MacOSX.platform/Developer/SDKs/MacOSX14.2.sdk/usr/include] ==> [/Applications/Xcode.app/Contents/Developer/Platforms/MacOSX.platform/Developer/SDKs/MacOSX14.2.sdk/usr/include]
  collapse include dir [/Applications/Xcode.app/Contents/Developer/Toolchains/XcodeDefault.xctoolchain/usr/include] ==> [/Applications/Xcode.app/Contents/Developer/Toolchains/XcodeDefault.xctoolchain/usr/include]
  implicit include dirs: [/usr/local/include;/Applications/Xcode.app/Contents/Developer/Toolchains/XcodeDefault.xctoolchain/usr/lib/clang/15.0.0/include;/Applications/Xcode.app/Contents/Developer/Platforms/MacOSX.platform/Developer/SDKs/MacOSX14.2.sdk/usr/include;/Applications/Xcode.app/Contents/Developer/Toolchains/XcodeDefault.xctoolchain/usr/include]


Parsed C implicit link information from above output:
  link line regex: [^( *|.*[/\])(ld|CMAKE_LINK_STARTFILE-NOTFOUND|([^/\]+-)?ld|collect2)[^/\]*( |$)]
  ignore line: [Change Dir: /Users/jocastab/Projects/CPP3_BrickGame_v2.0/build/CMakeFiles/CMakeTmp]
  ignore line: []
  ignore line: [Run Build Command(s):/usr/bin/make -f Makefile cmTC_f3378/fast && /Applications/Xcode.app/Contents/Developer/usr/bin/make  -f CMakeFiles/cmTC_f3378.dir/build.make CMakeFiles/cmTC_f3378.dir/build]
  ignore line: [Building C object CMakeFiles/cmTC_f3378.dir/CMakeCCompilerABI.c.o]
  ignore line: [/Applications/Xcode.app/Contents/Developer/Toolchains/XcodeDefault.xctoolchain/usr/bin/cc   -isysroot /Applications/Xcode.app/Contents/Developer/Platforms/MacOSX.platform/Developer/SDKs/MacOSX14.2.sdk -mmacosx-version-min=13.6   -v -Wl -v -MD -MT CMakeFiles/cmTC_f3378.dir/CMakeCCompilerABI.c.o -MF CMakeFiles/cmTC_f3378.dir/CMakeCCompilerABI.c.o.d -o CMakeFiles/cmTC_f3378.dir/CMakeCCompilerABI.c.o -c /usr/local/share/cmake/Modules/CMakeCCompilerABI.c]
  ignore line: [Apple clang version 15.0.0 (clang-1500.1.0.2.5)]
  ignore line: [Target: x86_64-apple-darwin22.6.0]
  ignore line: [Thread model: posix]
  ignore line: [InstalledDir: /Applications/Xcode.app/Contents/Developer/Toolchains/XcodeDefault.xctoolchain/usr/bin]
  ignore line: [clang: warning: -Wl -v: 'linker' input unused [-Wunused-command-line-argument]]
  ignore line: [ "/Applications/Xcode.app/Contents/Developer/Toolchains/XcodeDefault.xctoolchain/usr/bin/clang" -cc1 -triple x86_64-apple-macosx13.6.0 -Wundef-prefix=TARGET_OS_ -Wdeprecated-objc-isa-usage -Werror=deprecated-objc-isa-usage -Werror=implicit-function-declaration -emit-obj -mrelax-all --mrelax-relocations -disable-free -clear-ast-before-backend -disable-llvm-verifier -discard-value-names -main-file-name CMakeCCompilerABI.c -mrelocation-model pic -pic-level 2 -mframe-pointer=all -fno-strict-return -ffp-contract=on -fno-rounding-math -funwind-tables=2 -target-sdk-version=14.2 -fvisibility-inlines-hidden-static-local-var -target-cpu penryn -tune-cpu generic -mllvm -treat-scalable-fixed-error-as-warning -debugger-tuning=lldb -target-linker-version 1022.1 -v -fcoverage-compilation-dir=/Users/jocastab/Projects/CPP3_BrickGame_v2.0/build/CMakeFiles/CMakeTmp -resource-dir /Applications/Xcode.app/Contents/Developer/Toolchains/XcodeDefault.xctoolchain/usr/lib/clang/15.0.0 -dependency-file CMakeFiles/cmTC_f3378.dir/CMakeCCompilerABI.c.o.d -skip-unused-modulemap-deps -MT CMakeFiles/cmTC_f3378.dir/CMakeCCompilerABI.c.o -sys-header-deps -isysroot /Applications/Xcode.app/Contents/Developer/Platforms/MacOSX.platform/Developer/SDKs/MacOSX14.2.sdk -c-isystem /usr/local/include/ -cxx-isystem /usr/local/include/ -internal-isystem /Applications/Xcode.app/Contents/Developer/Platforms/MacOSX.platform/Developer/SDKs/MacOSX14.2.sdk/usr/local/include -internal-isystem /Applications/Xcode.app/Contents/Developer/Toolchains/XcodeDefault.xctoolchain/usr/lib/clang/15.0.0/include -internal-externc-isystem /Applications/Xcode.app/Contents/Developer/Platforms/MacOSX.platform/Developer/SDKs/MacOSX14.2.sdk/usr/include -internal-externc-isystem /Applications/Xcode.app/Contents/Developer/Toolchains/XcodeDefault.xctoolchain/usr/include -Wno-reorder-init-list -Wno-implicit-int-float-conversion -Wno-c99-designator -Wno-final-dtor-non-final-class -Wno-extra-semi-stmt -Wno-misleading-indentation -Wno-quoted-include-in-framework-header -Wno-implicit-fallthrough -Wno-enum-enum-conversion -Wno-enum-float-conversion -Wno-elaborated-enum-base -Wno-reserved-identifier -Wno-gnu-folding-constant -fdebug-compilation-dir=/Users/jocastab/Projects/CPP3_BrickGame_v2.0/build/CMakeFiles/CMakeTmp -ferror-limit 19 -stack-protector 1 -fstack-check -mdarwin-stkchk-strong-link -fblocks -fencode-extended-block-signature -fregister-global-dtors-with-atexit -fgnuc-version=4.2.1 -fmax-type-align=16 -fcommon -clang-vendor-feature=+disableNonDependentMemberExprInCurrentInstantiation -fno-odr-hash-protocols -clang-vendor-feature=+enableAggressiveVLAFolding -clang-vendor-feature=+revert09abecef7bbf -clang-vendor-feature=+thisNoAlignAttr -clang-vendor-feature=+thisNoNullAttr -mllvm -disable-aligned-alloc-awareness=1 -D__GCC_HAVE_DWARF2_CFI_ASM=1 -o CMakeFiles/cmTC_f3378.dir/CMakeCCompilerABI.c.o -x c /usr/local/share/cmake/Modules/CMakeCCompilerABI.c]
  ignore line: [clang -cc1 version 15.0.0 (clang-1500.1.0.2.5) default target x86_64-apple-darwin22.6.0]
  ignore line: [ignoring nonexistent directory "/Applications/Xcode.app/Contents/Developer/Platforms/MacOSX.platform/Developer/SDKs/MacOSX14.2.sdk/usr/local/include"]
  ignore line: [ignoring nonexistent directory "/Applications/Xcode.app/Contents/Developer/Platforms/MacOSX.platform/Developer/SDKs/MacOSX14.2.sdk/Library/Frameworks"]
  ignore line: [#include "..." search starts here:]
  ignore line: [#include <...> search starts here:]
  ignore line: [ /usr/local/include]
  ignore line: [ /Applications/Xcode.app/Contents/Developer/Toolchains/XcodeDefault.xctoolchain/usr/lib/clang/15.0.0/include]
  ignore line: [ /Applications/Xcode.app/Contents/Developer/Platforms/MacOSX.platform/Developer/SDKs/MacOSX14.2.sdk/usr/include]
  ignore line: [ /Applications/Xcode.app/Contents/Developer/Toolchains/XcodeDefault.xctoolchain/usr/include]
  ignore line: [ /Applications/Xcode.app/Contents/Developer/Platforms/MacOSX.platform/Developer/SDKs/MacOSX14.2.sdk/System/Library/Frameworks (framework directory)]
  ignore line: [End of search list.]
  ignore line: [Linking C executable cmTC_f3378]
  ignore line: [/usr/local/bin/cmake -E cmake_link_script CMakeFiles/cmTC_f3378.dir/link.txt --verbose=1]
  ignore line: [/Applications/Xcode.app/Contents/Developer/Toolchains/XcodeDefault.xctoolchain/usr/bin/cc  -isysroot /Applications/Xcode.app/Contents/Developer/Platforms/MacOSX.platform/Developer/SDKs/MacOSX14.2.sdk -mmacosx-version-min=13.6 -Wl -search_paths_first -Wl -headerpad_max_install_names  -v -Wl -v CMakeFiles/cmTC_f3378.dir/CMakeCCompilerABI.c.o -o cmTC_f3378 ]
  ignore line: [Apple clang version 15.0.0 (clang-1500.1.0.2.5)]
  ignore line: [Target: x86_64-apple-darwin22.6.0]
  ignore line: [Thread model: posix]
  ignore line: [InstalledDir: /Applications/Xcode.app/Contents/Developer/Toolchains/XcodeDefault.xctoolchain/usr/bin]
  link line: [ "/Applications/Xcode.app/Contents/Developer/Toolchains/XcodeDefault.xctoolchain/usr/bin/ld" -demangle -lto_library /Applications/Xcode.app/Contents/Developer/Toolchains/XcodeDefault.xctoolchain/usr/lib/libLTO.dylib -dynamic -arch x86_64 -platform_version macos 13.6.0 14.2 -syslibroot /Applications/Xcode.app/Contents/Developer/Platforms/MacOSX.platform/Developer/SDKs/MacOSX14.2.sdk -o cmTC_f3378 -L/usr/local/Cellar/check/0.15.2/lib -L/usr/local/lib -search_paths_first -headerpad_max_install_names -v CMakeFiles/cmTC_f3378.dir/CMakeCCompilerABI.c.o -lSystem /Applications/Xcode.app/Contents/Developer/Toolchains/XcodeDefault.xctoolchain/usr/lib/clang/15.0.0/lib/darwin/libclang_rt.osx.a]
    arg [/Applications/Xcode.app/Contents/Developer/Toolchains/XcodeDefault.xctoolchain/usr/bin/ld] ==> ignore
    arg [-demangle] ==> ignore
    arg [-lto_library] ==> ignore, skip following value
    arg [/Applications/Xcode.app/Contents/Developer/Toolchains/XcodeDefault.xctoolchain/usr/lib/libLTO.dylib] ==> skip value of -lto_library
    arg [-dynamic] ==> ignore
    arg [-arch] ==> ignore
    arg [x86_64] ==> ignore
    arg [-platform_version] ==> ignore
    arg [macos] ==> ignore
    arg [13.6.0] ==> ignore
    arg [14.2] ==> ignore
    arg [-syslibroot] ==> ignore
    arg [/Applications/Xcode.app/Contents/Developer/Platforms/MacOSX.platform/Developer/SDKs/MacOSX14.2.sdk] ==> ignore
    arg [-o] ==> ignore
    arg [cmTC_f3378] ==> ignore
    arg [-L/usr/local/Cellar/check/0.15.2/lib] ==> dir [/usr/local/Cellar/check/0.15.2/lib]
    arg [-L/usr/local/lib] ==> dir [/usr/local/lib]
    arg [-search_paths_first] ==> ignore
    arg [-headerpad_max_install_names] ==> ignore
    arg [-v] ==> ignore
    arg [CMakeFiles/cmTC_f3378.dir/CMakeCCompilerABI.c.o] ==> ignore
    arg [-lSystem] ==> lib [System]
    arg [/Applications/Xcode.app/Contents/Developer/Toolchains/XcodeDefault.xctoolchain/usr/lib/clang/15.0.0/lib/darwin/libclang_rt.osx.a] ==> lib [/Applications/Xcode.app/Contents/Developer/Toolchains/XcodeDefault.xctoolchain/usr/lib/clang/15.0.0/lib/darwin/libclang_rt.osx.a]
  Library search paths: [;/usr/local/Cellar/check/0.15.2/lib;/usr/local/lib]
  remove lib [System]
  remove lib [/Applications/Xcode.app/Contents/Developer/Toolchains/XcodeDefault.xctoolchain/usr/lib/clang/15.0.0/lib/darwin/libclang_rt.osx.a]
  collapse library dir [/usr/local/Cellar/check/0.15.2/lib] ==> [/usr/local/Cellar/check/0.15.2/lib]
  collapse library dir [/usr/local/lib] ==> [/usr/local/lib]
  collapse library dir [/usr/local/Cellar/check/0.15.2/lib] ==> [/usr/local/Cellar/check/0.15.2/lib]
  collapse library dir [/usr/local/lib] ==> [/usr/local/lib]
  implicit libs: []
  implicit objs: []
  implicit dirs: [/usr/local/Cellar/check/0.15.2/lib;/usr/local/lib]
  implicit fwks: []


Detecting CXX compiler ABI info compiled with the following output:
Change Dir: /Users/jocastab/Projects/CPP3_BrickGame_v2.0/build/CMakeFiles/CMakeTmp

Run Build Command(s):/usr/bin/make -f Makefile cmTC_3513b/fast && /Applications/Xcode.app/Contents/Developer/usr/bin/make  -f CMakeFiles/cmTC_3513b.dir/build.make CMakeFiles/cmTC_3513b.dir/build
Building CXX object CMakeFiles/cmTC_3513b.dir/CMakeCXXCompilerABI.cpp.o
/Applications/Xcode.app/Contents/Developer/Toolchains/XcodeDefault.xctoolchain/usr/bin/c++   -isysroot /Applications/Xcode.app/Contents/Developer/Platforms/MacOSX.platform/Developer/SDKs/MacOSX14.2.sdk -mmacosx-version-min=13.6   -v -Wl,-v -MD -MT CMakeFiles/cmTC_3513b.dir/CMakeCXXCompilerABI.cpp.o -MF CMakeFiles/cmTC_3513b.dir/CMakeCXXCompilerABI.cpp.o.d -o CMakeFiles/cmTC_3513b.dir/CMakeCXXCompilerABI.cpp.o -c /usr/local/share/cmake/Modules/CMakeCXXCompilerABI.cpp
Apple clang version 15.0.0 (clang-1500.1.0.2.5)
Target: x86_64-apple-darwin22.6.0
Thread model: posix
InstalledDir: /Applications/Xcode.app/Contents/Developer/Toolchains/XcodeDefault.xctoolchain/usr/bin
clang: warning: -Wl,-v: 'linker' input unused [-Wunused-command-line-argument]
 "/Applications/Xcode.app/Contents/Developer/Toolchains/XcodeDefault.xctoolchain/usr/bin/clang" -cc1 -triple x86_64-apple-macosx13.6.0 -Wundef-prefix=TARGET_OS_ -Wdeprecated-objc-isa-usage -Werror=deprecated-objc-isa-usage -Werror=implicit-function-declaration -emit-obj -mrelax-all --mrelax-relocations -disable-free -clear-ast-before-backend -disable-llvm-verifier -discard-value-names -main-file-name CMakeCXXCompilerABI.cpp -mrelocation-model pic -pic-level 2 -mframe-pointer=all -fno-strict-return -ffp-contract=on -fno-rounding-math -funwind-tables=2 -target-sdk-version=14.2 -fvisibility-inlines-hidden-static-local-var -target-cpu penryn -tune-cpu generic -mllvm -treat-scalable-fixed-error-as-warning -debugger-tuning=lldb -target-linker-version 1022.1 -v -fcoverage-compilation-dir=/Users/jocastab/Projects/CPP3_BrickGame_v2.0/build/CMakeFiles/CMakeTmp -resource-dir /Applications/Xcode.app/Contents/Developer/Toolchains/XcodeDefault.xctoolchain/usr/lib/clang/15.0.0 -dependency-file CMakeFiles/cmTC_3513b.dir/CMakeCXXCompilerABI.cpp.o.d -skip-unused-modulemap-deps -MT CMakeFiles/cmTC_3513b.dir/CMakeCXXCompilerABI.cpp.o -sys-header-deps -isysroot /Applications/Xcode.app/Contents/Developer/Platforms/MacOSX.platform/Developer/SDKs/MacOSX14.2.sdk -c-isystem /usr/local/include/ -cxx-isystem /usr/local/include/ -internal-isystem /Applications/Xcode.app/Contents/Developer/Platforms/MacOSX.platform/Developer/SDKs/MacOSX14.2.sdk/usr/include/c++/v1 -internal-isystem /Applications/Xcode.app/Contents/Developer/Platforms/MacOSX.platform/Developer/SDKs/MacOSX14.2.sdk/usr/local/include -internal-isystem /Applications/Xcode.app/Contents/Developer/Toolchains/XcodeDefault.xctoolchain/usr/lib/clang/15.0.0/include -internal-externc-isystem /Applications/Xcode.app/Contents/Developer/Platforms/MacOSX.platform/Developer/SDKs/MacOSX14.2.sdk/usr/include -internal-externc-isystem /Applications/Xcode.app/Contents/Developer/Toolchains/XcodeDefault.xctoolchain/usr/include -Wno-reorder-init-list -Wno-implicit-int-float-conversion -Wno-c99-designator -Wno-final-dtor-non-final-class -Wno-extra-semi-stmt -Wno-misleading-indentation -Wno-quoted-include-in-framework-header -Wno-implicit-fallthrough -Wno-enum-enum-conversion -Wno-enum-float-conversion -Wno-elaborated-enum-base -Wno-reserved-identifier -Wno-gnu-folding-constant -fdeprecated-macro -fdebug-compilation-dir=/Users/jocastab/Projects/CPP3_BrickGame_v2.0/build/CMakeFiles/CMakeTmp -ferror-limit 19 -stack-protector 1 -fstack-check -mdarwin-stkchk-strong-link -fblocks -fencode-extended-block-signature -fregister-global-dtors-with-atexit -fgnuc-version=4.2.1 -fno-cxx-modules -fcxx-exceptions -fexceptions -fmax-type-align=16 -fcommon -clang-vendor-feature=+disableNonDependentMemberExprInCurrentInstantiation -fno-odr-hash-protocols -clang-vendor-feature=+enableAggressiveVLAFolding -clang-vendor-feature=+revert09abecef7bbf -clang-vendor-feature=+thisNoAlignAttr -clang-vendor-feature=+thisNoNullAttr -mllvm -disable-aligned-alloc-awareness=1 -D__GCC_HAVE_DWARF2_CFI_ASM=1 -o CMakeFiles/cmTC_3513b.dir/CMakeCXXCompilerABI.cpp.o -x c++ /usr/local/share/cmake/Modules/CMakeCXXCompilerABI.cpp
clang -cc1 version 15.0.0 (clang-1500.1.0.2.5) default target x86_64-apple-darwin22.6.0
ignoring nonexistent directory "/Applications/Xcode.app/Contents/Developer/Platforms/MacOSX.platform/Developer/SDKs/MacOSX14.2.sdk/usr/local/include"
ignoring nonexistent directory "/Applications/Xcode.app/Contents/Developer/Platforms/MacOSX.platform/Developer/SDKs/MacOSX14.2.sdk/Library/Frameworks"
#include "..." search starts here:
#include <...> search starts here:
 /usr/local/include
 /Applications/Xcode.app/Contents/Developer/Platforms/MacOSX.platform/Developer/SDKs/MacOSX14.2.sdk/usr/include/c++/v1
 /Applications/Xcode.app/Contents/Developer/Toolchains/XcodeDefault.xctoolchain/usr/lib/clang/15.0.0/include
 /Applications/Xcode.app/Contents/Developer/Platforms/MacOSX.platform/Developer/SDKs/MacOSX14.2.sdk/usr/include
 /Applications/Xcode.app/Contents/Developer/Toolchains/XcodeDefault.xctoolchain/usr/include
 /Applications/Xcode.app/Contents/Developer/Platforms/MacOSX.platform/Developer/SDKs/MacOSX14.2.sdk/System/Library/Frameworks (framework directory)
End of search list.
Linking CXX executable cmTC_3513b
/usr/local/bin/cmake -E cmake_link_script CMakeFiles/cmTC_3513b.dir/link.txt --verbose=1
/Applications/Xcode.app/Contents/Developer/Toolchains/XcodeDefault.xctoolchain/usr/bin/c++  -isysroot /Applications/Xcode.app/Contents/Developer/Platforms/MacOSX.platform/Developer/SDKs/MacOSX14.2.sdk -mmacosx-version-min=13.6 -Wl,-search_paths_first -Wl,-headerpad_max_install_names  -v -Wl,-v CMakeFiles/cmTC_3513b.dir/CMakeCXXCompilerABI.cpp.o -o cmTC_3513b 
Apple clang version 15.0.0 (clang-1500.1.0.2.5)
Target: x86_64-apple-darwin22.6.0
Thread model: posix
InstalledDir: /Applications/Xcode.app/Contents/Developer/Toolchains/XcodeDefault.xctoolchain/usr/bin
 "/Applications/Xcode.app/Contents/Developer/Toolchains/XcodeDefault.xctoolchain/usr/bin/ld" -demangle -lto_library /Applications/Xcode.app/Contents/Developer/Toolchains/XcodeDefault.xctoolchain/usr/lib/libLTO.dylib -dynamic -arch x86_64 -platform_version macos 13.6.0 14.2 -syslibroot /Applications/Xcode.app/Contents/Developer/Platforms/MacOSX.platform/Developer/SDKs/MacOSX14.2.sdk -o cmTC_3513b -L/usr/local/Cellar/check/0.15.2/lib -L/usr/local/lib -search_paths_first -headerpad_max_install_names -v CMakeFiles/cmTC_3513b.dir/CMakeCXXCompilerABI.cpp.o -lc++ -lSystem /Applications/Xcode.app/Contents/Developer/Toolchains/XcodeDefault.xctoolchain/usr/lib/clang/15.0.0/lib/darwin/libclang_rt.osx.a
@(#)PROGRAM:ld  PROJECT:dyld-1022.1
BUILD 05:26:33 Dec  7 2023
configured to support archs: armv6 armv7 armv7s arm64 arm64e arm64_32 i386 x86_64 x86_64h
will use ld-classic for: armv6 armv7 armv7s arm64_32 i386 armv6m armv7k armv7m armv7em
LTO support using: LLVM version 15.0.0 (static support for 29, runtime is 29)
TAPI support using: Apple TAPI version 15.0.0 (tapi-1500.0.12.8)
Library search paths:
	/usr/local/Cellar/check/0.15.2/lib
	/usr/local/lib
Framework search paths:



Parsed CXX implicit include dir info from above output: rv=done
  found start of include info
  found start of implicit include info
    add: [/usr/local/include]
    add: [/Applications/Xcode.app/Contents/Developer/Platforms/MacOSX.platform/Developer/SDKs/MacOSX14.2.sdk/usr/include/c++/v1]
    add: [/Applications/Xcode.app/Contents/Developer/Toolchains/XcodeDefault.xctoolchain/usr/lib/clang/15.0.0/include]
    add: [/Applications/Xcode.app/Contents/Developer/Platforms/MacOSX.platform/Developer/SDKs/MacOSX14.2.sdk/usr/include]
    add: [/Applications/Xcode.app/Contents/Developer/Toolchains/XcodeDefault.xctoolchain/usr/include]
  end of search list found
  collapse include dir [/usr/local/include] ==> [/usr/local/include]
  collapse include dir [/Applications/Xcode.app/Contents/Developer/Platforms/MacOSX.platform/Developer/SDKs/MacOSX14.2.sdk/usr/include/c++/v1] ==> [/Applications/Xcode.app/Contents/Developer/Platforms/MacOSX.platform/Developer/SDKs/MacOSX14.2.sdk/usr/include/c++/v1]
  collapse include dir [/Applications/Xcode.app/Contents/Developer/Toolchains/XcodeDefault.xctoolchain/usr/lib/clang/15.0.0/include] ==> [/Applications/Xcode.app/Contents/Developer/Toolchains/XcodeDefault.xctoolchain/usr/lib/clang/15.0.0/include]
  collapse include dir [/Applications/Xcode.app/Contents/Developer/Platforms/MacOSX.platform/Developer/SDKs/MacOSX14.2.sdk/usr/include] ==> [/Applications/Xcode.app/Contents/Developer/Platforms/MacOSX.platform/Developer/SDKs/MacOSX14.2.sdk/usr/include]
  collapse include dir [/Applications/Xcode.app/Contents/Developer/Toolchains/XcodeDefault.xctoolchain/usr/include] ==> [/Applications/Xcode.app/Contents/Developer/Toolchains/XcodeDefault.xctoolchain/usr/include]
  implicit include dirs: [/usr/local/include;/Applications/Xcode.app/Contents/Developer/Platforms/MacOSX.platform/Developer/SDKs/MacOSX14.2.sdk/usr/include/c++/v1;/Applications/Xcode.app/Contents/Developer/Toolchains/XcodeDefault.xctoolchain/usr/lib/clang/15.0.0/include;/Applications/Xcode.app/Contents/Developer/Platforms/MacOSX.platform/Developer/SDKs/MacOSX14.2.sdk/usr/include;/Applications/Xcode.app/Contents/Developer/Toolchains/XcodeDefault.xctoolchain/usr/include]


Parsed CXX implicit link information from above output:
  link line regex: [^( *|.*[/\])(ld|CMAKE_LINK_STARTFILE-NOTFOUND|([^/\]+-)?ld|collect2)[^/\]*( |$)]
  ignore line: [Change Dir: /Users/jocastab/Projects/CPP3_BrickGame_v2.0/build/CMakeFiles/CMakeTmp]
  ignore line: []
  ignore line: [Run Build Command(s):/usr/bin/make -f Makefile cmTC_3513b/fast && /Applications/Xcode.app/Contents/Developer/usr/bin/make  -f CMakeFiles/cmTC_3513b.dir/build.make CMakeFiles/cmTC_3513b.dir/build]
  ignore line: [Building CXX object CMakeFiles/cmTC_3513b.dir/CMakeCXXCompilerABI.cpp.o]
  ignore line: [/Applications/Xcode.app/Contents/Developer/Toolchains/XcodeDefault.xctoolchain/usr/bin/c++   -isysroot /Applications/Xcode.app/Contents/Developer/Platforms/MacOSX.platform/Developer/SDKs/MacOSX14.2.sdk -mmacosx-version-min=13.6   -v -Wl -v -MD -MT CMakeFiles/cmTC_3513b.dir/CMakeCXXCompilerABI.cpp.o -MF CMakeFiles/cmTC_3513b.dir/CMakeCXXCompilerABI.cpp.o.d -o CMakeFiles/cmTC_3513b.dir/CMakeCXXCompilerABI.cpp.o -c /usr/local/share/cmake/Modules/CMakeCXXCompilerABI.cpp]
  ignore line: [Apple clang version 15.0.0 (clang-1500.1.0.2.5)]
  ignore line: [Target: x86_64-apple-darwin22.6.0]
  ignore line: [Thread model: posix]
  ignore line: [InstalledDir: /Applications/Xcode.app/Contents/Developer/Toolchains/XcodeDefault.xctoolchain/usr/bin]
  ignore line: [clang: warning: -Wl -v: 'linker' input unused [-Wunused-command-line-argument]]
  ignore line: [ "/Applications/Xcode.app/Contents/Developer/Toolchains/XcodeDefault.xctoolchain/usr/bin/clang" -cc1 -triple x86_64-apple-macosx13.6.0 -Wundef-prefix=TARGET_OS_ -Wdeprecated-objc-isa-usage -Werror=deprecated-objc-isa-usage -Werror=implicit-function-declaration -emit-obj -mrelax-all --mrelax-relocations -disable-free -clear-ast-before-backend -disable-llvm-verifier -discard-value-names -main-file-name CMakeCXXCompilerABI.cpp -mrelocation-model pic -pic-level 2 -mframe-pointer=all -fno-strict-return -ffp-contract=on -fno-rounding-math -funwind-tables=2 -target-sdk-version=14.2 -fvisibility-inlines-hidden-static-local-var -target-cpu penryn -tune-cpu generic -mllvm -treat-scalable-fixed-error-as-warning -debugger-tuning=lldb -target-linker-version 1022.1 -v -fcoverage-compilation-dir=/Users/jocastab/Projects/CPP3_BrickGame_v2.0/build/CMakeFiles/CMakeTmp -resource-dir /Applications/Xcode.app/Contents/Developer/Toolchains/XcodeDefault.xctoolchain/usr/lib/clang/15.0.0 -dependency-file CMakeFiles/cmTC_3513b.dir/CMakeCXXCompilerABI.cpp.o.d -skip-unused-modulemap-deps -MT CMakeFiles/cmTC_3513b.dir/CMakeCXXCompilerABI.cpp.o -sys-header-deps -isysroot /Applications/Xcode.app/Contents/Developer/Platforms/MacOSX.platform/Developer/SDKs/MacOSX14.2.sdk -c-isystem /usr/local/include/ -cxx-isystem /usr/local/include/ -internal-isystem /Applications/Xcode.app/Contents/Developer/Platforms/MacOSX.platform/Developer/SDKs/MacOSX14.2.sdk/usr/include/c++/v1 -internal-isystem /Applications/Xcode.app/Contents/Developer/Platforms/MacOSX.platform/Developer/SDKs/MacOSX14.2.sdk/usr/local/include -internal-isystem /Applications/Xcode.app/Contents/Developer/Toolchains/XcodeDefault.xctoolchain/usr/lib/clang/15.0.0/include -internal-externc-isystem /Applications/Xcode.app/Contents/Developer/Platforms/MacOSX.platform/Developer/SDKs/MacOSX14.2.sdk/usr/include -internal-externc-isystem /Applications/Xcode.app/Contents/Developer/Toolchains/XcodeDefault.xctoolchain/usr/include -Wno-reorder-init-list -Wno-implicit-int-float-conversion -Wno-c99-designator -Wno-final-dtor-non-final-class -Wno-extra-semi-stmt -Wno-misleading-indentation -Wno-quoted-include-in-framework-header -Wno-implicit-fallthrough -Wno-enum-enum-conversion -Wno-enum-float-conversion -Wno-elaborated-enum-base -Wno-reserved-identifier -Wno-gnu-folding-constant -fdeprecated-macro -fdebug-compilation-dir=/Users/jocastab/Projects/CPP3_BrickGame_v2.0/build/CMakeFiles/CMakeTmp -ferror-limit 19 -stack-protector 1 -fstack-check -mdarwin-stkchk-strong-link -fblocks -fencode-extended-block-signature -fregister-global-dtors-with-atexit -fgnuc-version=4.2.1 -fno-cxx-modules -fcxx-exceptions -fexceptions -fmax-type-align=16 -fcommon -clang-vendor-feature=+disableNonDependentMemberExprInCurrentInstantiation -fno-odr-hash-protocols -clang-vendor-feature=+enableAggressiveVLAFolding -clang-vendor-feature=+revert09abecef7bbf -clang-vendor-feature=+thisNoAlignAttr -clang-vendor-feature=+thisNoNullAttr -mllvm -disable-aligned-alloc-awareness=1 -D__GCC_HAVE_DWARF2_CFI_ASM=1 -o CMakeFiles/cmTC_3513b.dir/CMakeCXXCompilerABI.cpp.o -x c++ /usr/local/share/cmake/Modules/CMakeCXXCompilerABI.cpp]
  ignore line: [clang -cc1 version 15.0.0 (clang-1500.1.0.2.5) default target x86_64-apple-darwin22.6.0]
  ignore line: [ignoring nonexistent directory "/Applications/Xcode.app/Contents/Developer/Platforms/MacOSX.platform/Developer/SDKs/MacOSX14.2.sdk/usr/local/include"]
  ignore line: [ignoring nonexistent directory "/Applications/Xcode.app/Contents/Developer/Platforms/MacOSX.platform/Developer/SDKs/MacOSX14.2.sdk/Library/Frameworks"]
  ignore line: [#include "..." search starts here:]
  ignore line: [#include <...> search starts here:]
  ignore line: [ /usr/local/include]
  ignore line: [ /Applications/Xcode.app/Contents/Developer/Platforms/MacOSX.platform/Developer/SDKs/MacOSX14.2.sdk/usr/include/c++/v1]
  ignore line: [ /Applications/Xcode.app/Contents/Developer/Toolchains/XcodeDefault.xctoolchain/usr/lib/clang/15.0.0/include]
  ignore line: [ /Applications/Xcode.app/Contents/Developer/Platforms/MacOSX.platform/Developer/SDKs/MacOSX14.2.sdk/usr/include]
  ignore line: [ /Applications/Xcode.app/Contents/Developer/Toolchains/XcodeDefault.xctoolchain/usr/include]
  ignore line: [ /Applications/Xcode.app/Contents/Developer/Platforms/MacOSX.platform/Developer/SDKs/MacOSX14.2.sdk/System/Library/Frameworks (framework directory)]
  ignore line: [End of search list.]
  ignore line: [Linking CXX executable cmTC_3513b]
  ignore line: [/usr/local/bin/cmake -E cmake_link_script CMakeFiles/cmTC_3513b.dir/link.txt --verbose=1]
  ignore line: [/Applications/Xcode.app/Contents/Developer/Toolchains/XcodeDefault.xctoolchain/usr/bin/c++  -isysroot /Applications/Xcode.app/Contents/Developer/Platforms/MacOSX.platform/Developer/SDKs/MacOSX14.2.sdk -mmacosx-version-min=13.6 -Wl -search_paths_first -Wl -headerpad_max_install_names  -v -Wl -v CMakeFiles/cmTC_3513b.dir/CMakeCXXCompilerABI.cpp.o -o cmTC_3513b ]
  ignore line: [Apple clang version 15.0.0 (clang-1500.1.0.2.5)]
  ignore line: [Target: x86_64-apple-darwin22.6.0]
  ignore line: [Thread model: posix]
  ignore line: [InstalledDir: /Applications/Xcode.app/Contents/Developer/Toolchains/XcodeDefault.xctoolchain/usr/bin]
  link line: [ "/Applications/Xcode.app/Contents/Developer/Toolchains/XcodeDefault.xctoolchain/usr/bin/ld" -demangle -lto_library /Applications/Xcode.app/Contents/Developer/Toolchains/XcodeDefault.xctoolchain/usr/lib/libLTO.dylib -dynamic -arch x86_64 -platform_version macos 13.6.0 14.2 -syslibroot /Applications/Xcode.app/Contents/Developer/Platforms/MacOSX.platform/Developer/SDKs/MacOSX14.2.sdk -o cmTC_3513b -L/usr/local/Cellar/check/0.15.2/lib -L/usr/local/lib -search_paths_first -headerpad_max_install_names -v CMakeFiles/cmTC_3513b.dir/CMakeCXXCompilerABI.cpp.o -lc++ -lSystem /Applications/Xcode.app/Contents/Developer/Toolchains/XcodeDefault.xctoolchain/usr/lib/clang/15.0.0/lib/darwin/libclang_rt.osx.a]
    arg [/Applications/Xcode.app/Contents/Developer/Toolchains/XcodeDefault.xctoolchain/usr/bin/ld] ==> ignore
    arg [-demangle] ==> ignore
    arg [-lto_library] ==> ignore, skip following value
    arg [/Applications/Xcode.app/Contents/Developer/Toolchains/XcodeDefault.xctoolchain/usr/lib/libLTO.dylib] ==> skip value of -lto_library
    arg [-dynamic] ==> ignore
    arg [-arch] ==> ignore
    arg [x86_64] ==> ignore
    arg [-platform_version] ==> ignore
    arg [macos] ==> ignore
    arg [13.6.0] ==> ignore
    arg [14.2] ==> ignore
    arg [-syslibroot] ==> ignore
    arg [/Applications/Xcode.app/Contents/Developer/Platforms/MacOSX.platform/Developer/SDKs/MacOSX14.2.sdk] ==> ignore
    arg [-o] ==> ignore
    arg [cmTC_3513b] ==> ignore
    arg [-L/usr/local/Cellar/check/0.15.2/lib] ==> dir [/usr/local/Cellar/check/0.15.2/lib]
    arg [-L/usr/local/lib] ==> dir [/usr/local/lib]
    arg [-search_paths_first] ==> ignore
    arg [-headerpad_max_install_names] ==> ignore
    arg [-v] ==> ignore
    arg [CMakeFiles/cmTC_3513b.dir/CMakeCXXCompilerABI.cpp.o] ==> ignore
    arg [-lc++] ==> lib [c++]
    arg [-lSystem] ==> lib [System]
    arg [/Applications/Xcode.app/Contents/Developer/Toolchains/XcodeDefault.xctoolchain/usr/lib/clang/15.0.0/lib/darwin/libclang_rt.osx.a] ==> lib [/Applications/Xcode.app/Contents/Developer/Toolchains/XcodeDefault.xctoolchain/usr/lib/clang/15.0.0/lib/darwin/libclang_rt.osx.a]
  Library search paths: [;/usr/local/Cellar/check/0.15.2/lib;/usr/local/lib]
  remove lib [System]
  remove lib [/Applications/Xcode.app/Contents/Developer/Toolchains/XcodeDefault.xctoolchain/usr/lib/clang/15.0.0/lib/darwin/libclang_rt.osx.a]
  collapse library dir [/usr/local/Cellar/check/0.15.2/lib] ==> [/usr/local/Cellar/check/0.15.2/lib]
  collapse library dir [/usr/local/lib] ==> [/usr/local/lib]
  collapse library dir [/usr/local/Cellar/check/0.15.2/lib] ==> [/usr/local/Cellar/check/0.15.2/lib]
  collapse library dir [/usr/local/lib] ==> [/usr/local/lib]
  implicit libs: [c++]
  implicit objs: []
  implicit dirs: [/usr/local/Cellar/check/0.15.2/lib;/usr/local/lib]
  implicit fwks: []


Determining if the include file pthread.h exists passed with the following output:
Change Dir: /Users/jocastab/Projects/CPP3_BrickGame_v2.0/build/CMakeFiles/CMakeTmp

Run Build Command(s):/usr/bin/make -f Makefile cmTC_56b8e/fast && /Applications/Xcode.app/Contents/Developer/usr/bin/make  -f CMakeFiles/cmTC_56b8e.dir/build.make CMakeFiles/cmTC_56b8e.dir/build
Building C object CMakeFiles/cmTC_56b8e.dir/CheckIncludeFile.c.o
/Applications/Xcode.app/Contents/Developer/Toolchains/XcodeDefault.xctoolchain/usr/bin/cc   -isysroot /Applications/Xcode.app/Contents/Developer/Platforms/MacOSX.platform/Developer/SDKs/MacOSX14.2.sdk -mmacosx-version-min=13.6 -MD -MT CMakeFiles/cmTC_56b8e.dir/CheckIncludeFile.c.o -MF CMakeFiles/cmTC_56b8e.dir/CheckIncludeFile.c.o.d -o CMakeFiles/cmTC_56b8e.dir/CheckIncludeFile.c.o -c /Users/jocastab/Projects/CPP3_BrickGame_v2.0/build/CMakeFiles/CMakeTmp/CheckIncludeFile.c
Linking C executable cmTC_56b8e
/usr/local/bin/cmake -E cmake_link_script CMakeFiles/cmTC_56b8e.dir/link.txt --verbose=1
/Applications/Xcode.app/Contents/Developer/Toolchains/XcodeDefault.xctoolchain/usr/bin/cc  -isysroot /Applications/Xcode.app/Contents/Developer/Platforms/MacOSX.platform/Developer/SDKs/MacOSX14.2.sdk -mmacosx-version-min=13.6 -Wl,-search_paths_first -Wl,-headerpad_max_install_names CMakeFiles/cmTC_56b8e.dir/CheckIncludeFile.c.o -o cmTC_56b8e 



Performing C SOURCE FILE Test CMAKE_HAVE_LIBC_PTHREAD succeeded with the following output:
Change Dir: /Users/jocastab/Projects/CPP3_BrickGame_v2.0/build/CMakeFiles/CMakeTmp

Run Build Command(s):/usr/bin/make -f Makefile cmTC_5283d/fast && /Applications/Xcode.app/Contents/Developer/usr/bin/make  -f CMakeFiles/cmTC_5283d.dir/build.make CMakeFiles/cmTC_5283d.dir/build
Building C object CMakeFiles/cmTC_5283d.dir/src.c.o
/Applications/Xcode.app/Contents/Developer/Toolchains/XcodeDefault.xctoolchain/usr/bin/cc -DCMAKE_HAVE_LIBC_PTHREAD  -isysroot /Applications/Xcode.app/Contents/Developer/Platforms/MacOSX.platform/Developer/SDKs/MacOSX14.2.sdk -mmacosx-version-min=13.6 -MD -MT CMakeFiles/cmTC_5283d.dir/src.c.o -MF CMakeFiles/cmTC_5283d.dir/src.c.o.d -o CMakeFiles/cmTC_5283d.dir/src.c.o -c /Users/jocastab/Projects/CPP3_BrickGame_v2.0/build/CMakeFiles/CMakeTmp/src.c
Linking C executable cmTC_5283d
/usr/local/bin/cmake -E cmake_link_script CMakeFiles/cmTC_5283d.dir/link.txt --verbose=1
/Applications/Xcode.app/Contents/Developer/Toolchains/XcodeDefault.xctoolchain/usr/bin/cc  -isysroot /Applications/Xcode.app/Contents/Developer/Platforms/MacOSX.platform/Developer/SDKs/MacOSX14.2.sdk -mmacosx-version-min=13.6 -Wl,-search_paths_first -Wl,-headerpad_max_install_names CMakeFiles/cmTC_5283d.dir/src.c.o -o cmTC_5283d 


Source file was:
#include <pthread.h>

static void* test_func(void* data)
{
  return data;
}

int main(void)
{
  pthread_t thread;
  pthread_create(&thread, NULL, test_func, NULL);
  pthread_detach(thread);
  pthread_cancel(thread);
  pthread_join(thread, NULL);
  pthread_atfork(NULL, NULL, NULL);
  pthread_exit(NULL);

  return 0;
}

Performing C++ SOURCE FILE Test HAVE_STDATOMIC succeeded with the following output:
Change Dir: /Users/jocastab/Projects/CPP3_BrickGame_v2.0/build/CMakeFiles/CMakeTmp

Run Build Command(s):/usr/bin/make -f Makefile cmTC_2cfb7/fast && /Applications/Xcode.app/Contents/Developer/usr/bin/make  -f CMakeFiles/cmTC_2cfb7.dir/build.make CMakeFiles/cmTC_2cfb7.dir/build
Building CXX object CMakeFiles/cmTC_2cfb7.dir/src.cxx.o
/Applications/Xcode.app/Contents/Developer/Toolchains/XcodeDefault.xctoolchain/usr/bin/c++ -DHAVE_STDATOMIC  -isysroot /Applications/Xcode.app/Contents/Developer/Platforms/MacOSX.platform/Developer/SDKs/MacOSX14.2.sdk -mmacosx-version-min=13.6 -std=gnu++17 -MD -MT CMakeFiles/cmTC_2cfb7.dir/src.cxx.o -MF CMakeFiles/cmTC_2cfb7.dir/src.cxx.o.d -o CMakeFiles/cmTC_2cfb7.dir/src.cxx.o -c /Users/jocastab/Projects/CPP3_BrickGame_v2.0/build/CMakeFiles/CMakeTmp/src.cxx
Linking CXX executable cmTC_2cfb7
/usr/local/bin/cmake -E cmake_link_script CMakeFiles/cmTC_2cfb7.dir/link.txt --verbose=1
/Applications/Xcode.app/Contents/Developer/Toolchains/XcodeDefault.xctoolchain/usr/bin/c++  -isysroot /Applications/Xcode.app/Contents/Developer/Platforms/MacOSX.platform/Developer/SDKs/MacOSX14.2.sdk -mmacosx-version-min=13.6 -Wl,-search_paths_first -Wl,-headerpad_max_install_names CMakeFiles/cmTC_2cfb7.dir/src.cxx.o -o cmTC_2cfb7 


Source file was:
#include <atomic>
#include <cstdint>

int main(int, char **)
{
    volatile std::atomic<char>    size_1;
    volatile std::atomic<short>   size_2;
    volatile std::atomic<int>     size_4;
    volatile std::atomic<int64_t> size_8;

    ++size_1;
    ++size_2;
    ++size_4;
    ++size_8;

    (void)size_1.load(std::memory_order_relaxed);
    (void)size_2.load(std::memory_order_relaxed);
    (void)size_4.load(std::memory_order_relaxed);
    (void)size_8.load(std::memory_order_relaxed);

    return 0;
}
The system is: Darwin - 22.6.0 - x86_64
Compiling the C compiler identification source file "CMakeCCompilerId.c" succeeded.
Compiler: /Applications/Xcode.app/Contents/Developer/Toolchains/XcodeDefault.xctoolchain/usr/bin/cc 
Build flags: 
Id flags: -c 

The output was:
0


Compilation of the C compiler identification source "CMakeCCompilerId.c" produced "CMakeCCompilerId.o"

The C compiler identification is AppleClang, found in "/Users/jocastab/Projects/CPP3_BrickGame_v2.0/build/CMakeFiles/3.23.0/CompilerIdC/CMakeCCompilerId.o"

Compiling the CXX compiler identification source file "CMakeCXXCompilerId.cpp" succeeded.
Compiler: /Applications/Xcode.app/Contents/Developer/Toolchains/XcodeDefault.xctoolchain/usr/bin/c++ 
Build flags: 
Id flags: -c 

The output was:
0


Compilation of the CXX compiler identification source "CMakeCXXCompilerId.cpp" produced "CMakeCXXCompilerId.o"

The CXX compiler identification is AppleClang, found in "/Users/jocastab/Projects/CPP3_BrickGame_v2.0/build/CMakeFiles/3.23.0/CompilerIdCXX/CMakeCXXCompilerId.o"

Detecting C compiler ABI info compiled with the following output:
Change Dir: /Users/jocastab/Projects/CPP3_BrickGame_v2.0/build/CMakeFiles/CMakeTmp

Run Build Command(s):/usr/bin/make -f Makefile cmTC_34f32/fast && /Applications/Xcode.app/Contents/Developer/usr/bin/make  -f CMakeFiles/cmTC_34f32.dir/build.make CMakeFiles/cmTC_34f32.dir/build
Building C object CMakeFiles/cmTC_34f32.dir/CMakeCCompilerABI.c.o
/Applications/Xcode.app/Contents/Developer/Toolchains/XcodeDefault.xctoolchain/usr/bin/cc   -isysroot /Applications/Xcode.app/Contents/Developer/Platforms/MacOSX.platform/Developer/SDKs/MacOSX14.2.sdk -mmacosx-version-min=13.6   -v -Wl,-v -MD -MT CMakeFiles/cmTC_34f32.dir/CMakeCCompilerABI.c.o -MF CMakeFiles/cmTC_34f32.dir/CMakeCCompilerABI.c.o.d -o CMakeFiles/cmTC_34f32.dir/CMakeCCompilerABI.c.o -c /usr/local/share/cmake/Modules/CMakeCCompilerABI.c
Apple clang version 15.0.0 (clang-1500.1.0.2.5)
Target: x86_64-apple-darwin22.6.0
Thread model: posix
InstalledDir: /Applications/Xcode.app/Contents/Developer/Toolchains/XcodeDefault.xctoolchain/usr/bin
clang: warning: -Wl,-v: 'linker' input unused [-Wunused-command-line-argument]
 "/Applications/Xcode.app/Contents/Developer/Toolchains/XcodeDefault.xctoolchain/usr/bin/clang" -cc1 -triple x86_64-apple-macosx13.6.0 -Wundef-prefix=TARGET_OS_ -Wdeprecated-objc-isa-usage -Werror=deprecated-objc-isa-usage -Werror=implicit-function-declaration -emit-obj -mrelax-all --mrelax-relocations -disable-free -clear-ast-before-backend -disable-llvm-verifier -discard-value-names -main-file-name CMakeCCompilerABI.c -mrelocation-model pic -pic-level 2 -mframe-pointer=all -fno-strict-return -ffp-contract=on -fno-rounding-math -funwind-tables=2 -target-sdk-version=14.2 -fvisibility-inlines-hidden-static-local-var -target-cpu penryn -tune-cpu generic -mllvm -treat-scalable-fixed-error-as-warning -debugger-tuning=lldb -target-linker-version 1022.1 -v -fcoverage-compilation-dir=/Users/jocastab/Projects/CPP3_BrickGame_v2.0/build/CMakeFiles/CMakeTmp -resource-dir /Applications/Xcode.app/Contents/Developer/Toolchains/XcodeDefault.xctoolchain/usr/lib/clang/15.0.0 -dependency-file CMakeFiles/cmTC_34f32.dir/CMakeCCompilerABI.c.o.d -skip-unused-modulemap-deps -MT CMakeFiles/cmTC_34f32.dir/CMakeCCompilerABI.c.o -sys-header-deps -isysroot /Applications/Xcode.app/Contents/Developer/Platforms/MacOSX.platform/Developer/SDKs/MacOSX14.2.sdk -c-isystem /usr/local/include/ -cxx-isystem /usr/local/include/ -internal-isystem /Applications/Xcode.app/Contents/Developer/Platforms/MacOSX.platform/Developer/SDKs/MacOSX14.2.sdk/usr/local/include -internal-isystem /Applications/Xcode.app/Contents/Developer/Toolchains/XcodeDefault.xctoolchain/usr/lib/clang/15.0.0/include -internal-externc-isystem /Applications/Xcode.app/Contents/Developer/Platforms/MacOSX.platform/Developer/SDKs/MacOSX14.2.sdk/usr/include -internal-externc-isystem /Applications/Xcode.app/Contents/Developer/Toolchains/XcodeDefault.xctoolchain/usr/include -Wno-reorder-init-list -Wno-implicit-int-float-conversion -Wno-c99-designator -Wno-final-dtor-non-final-class -Wno-extra-semi-stmt -Wno-misleading-indentation -Wno-quoted-include-in-framework-header -Wno-implicit-fallthrough -Wno-enum-enum-conversion -Wno-enum-float-conversion -Wno-elaborated-enum-base -Wno-reserved-identifier -Wno-gnu-folding-constant -fdebug-compilation-dir=/Users/jocastab/Projects/CPP3_BrickGame_v2.0/build/CMakeFiles/CMakeTmp -ferror-limit 19 -stack-protector 1 -fstack-check -mdarwin-stkchk-strong-link -fblocks -fencode-extended-block-signature -fregister-global-dtors-with-atexit -fgnuc-version=4.2.1 -fmax-type-align=16 -fcommon -clang-vendor-feature=+disableNonDependentMemberExprInCurrentInstantiation -fno-odr-hash-protocols -clang-vendor-feature=+enableAggressiveVLAFolding -clang-vendor-feature=+revert09abecef7bbf -clang-vendor-feature=+thisNoAlignAttr -clang-vendor-feature=+thisNoNullAttr -mllvm -disable-aligned-alloc-awareness=1 -D__GCC_HAVE_DWARF2_CFI_ASM=1 -o CMakeFiles/cmTC_34f32.dir/CMakeCCompilerABI.c.o -x c /usr/local/share/cmake/Modules/CMakeCCompilerABI.c
clang -cc1 version 15.0.0 (clang-1500.1.0.2.5) default target x86_64-apple-darwin22.6.0
ignoring nonexistent directory "/Applications/Xcode.app/Contents/Developer/Platforms/MacOSX.platform/Developer/SDKs/MacOSX14.2.sdk/usr/local/include"
ignoring nonexistent directory "/Applications/Xcode.app/Contents/Developer/Platforms/MacOSX.platform/Developer/SDKs/MacOSX14.2.sdk/Library/Frameworks"
#include "..." search starts here:
#include <...> search starts here:
 /usr/local/include
 /Applications/Xcode.app/Contents/Developer/Toolchains/XcodeDefault.xctoolchain/usr/lib/clang/15.0.0/include
 /Applications/Xcode.app/Contents/Developer/Platforms/MacOSX.platform/Developer/SDKs/MacOSX14.2.sdk/usr/include
 /Applications/Xcode.app/Contents/Developer/Toolchains/XcodeDefault.xctoolchain/usr/include
 /Applications/Xcode.app/Contents/Developer/Platforms/MacOSX.platform/Developer/SDKs/MacOSX14.2.sdk/System/Library/Frameworks (framework directory)
End of search list.
Linking C executable cmTC_34f32
/usr/local/bin/cmake -E cmake_link_script CMakeFiles/cmTC_34f32.dir/link.txt --verbose=1
/Applications/Xcode.app/Contents/Developer/Toolchains/XcodeDefault.xctoolchain/usr/bin/cc  -isysroot /Applications/Xcode.app/Contents/Developer/Platforms/MacOSX.platform/Developer/SDKs/MacOSX14.2.sdk -mmacosx-version-min=13.6 -Wl,-search_paths_first -Wl,-headerpad_max_install_names  -v -Wl,-v CMakeFiles/cmTC_34f32.dir/CMakeCCompilerABI.c.o -o cmTC_34f32 
Apple clang version 15.0.0 (clang-1500.1.0.2.5)
Target: x86_64-apple-darwin22.6.0
Thread model: posix
InstalledDir: /Applications/Xcode.app/Contents/Developer/Toolchains/XcodeDefault.xctoolchain/usr/bin
 "/Applications/Xcode.app/Contents/Developer/Toolchains/XcodeDefault.xctoolchain/usr/bin/ld" -demangle -lto_library /Applications/Xcode.app/Contents/Developer/Toolchains/XcodeDefault.xctoolchain/usr/lib/libLTO.dylib -dynamic -arch x86_64 -platform_version macos 13.6.0 14.2 -syslibroot /Applications/Xcode.app/Contents/Developer/Platforms/MacOSX.platform/Developer/SDKs/MacOSX14.2.sdk -o cmTC_34f32 -L/usr/local/Cellar/check/0.15.2/lib -L/usr/local/lib -search_paths_first -headerpad_max_install_names -v CMakeFiles/cmTC_34f32.dir/CMakeCCompilerABI.c.o -lSystem /Applications/Xcode.app/Contents/Developer/Toolchains/XcodeDefault.xctoolchain/usr/lib/clang/15.0.0/lib/darwin/libclang_rt.osx.a
@(#)PROGRAM:ld  PROJECT:dyld-1022.1
BUILD 05:26:33 Dec  7 2023
configured to support archs: armv6 armv7 armv7s arm64 arm64e arm64_32 i386 x86_64 x86_64h
will use ld-classic for: armv6 armv7 armv7s arm64_32 i386 armv6m armv7k armv7m armv7em
LTO support using: LLVM version 15.0.0 (static support for 29, runtime is 29)
TAPI support using: Apple TAPI version 15.0.0 (tapi-1500.0.12.8)
Library search paths:
	/usr/local/Cellar/check/0.15.2/lib
	/usr/local/lib
Framework search paths:



Parsed C implicit include dir info from above output: rv=done
  found start of include info
  found start of implicit include info
    add: [/usr/local/include]
    add: [/Applications/Xcode.app/Contents/Developer/Toolchains/XcodeDefault.xctoolchain/usr/lib/clang/15.0.0/include]
    add: [/Applications/Xcode.app/Contents/Developer/Platforms/MacOSX.platform/Developer/SDKs/MacOSX14.2.sdk/usr/include]
    add: [/Applications/Xcode.app/Contents/Developer/Toolchains/XcodeDefault.xctoolchain/usr/include]
  end of search list found
  collapse include dir [/usr/local/include] ==> [/usr/local/include]
  collapse include dir [/Applications/Xcode.app/Contents/Developer/Toolchains/XcodeDefault.xctoolchain/usr/lib/clang/15.0.0/include] ==> [/Applications/Xcode.app/Contents/Developer/Toolchains/XcodeDefault.xctoolchain/usr/lib/clang/15.0.0/include]
  collapse include dir [/Applications/Xcode.app/Contents/Developer/Platforms/MacOSX.platform/Developer/SDKs/MacOSX14.2.sdk/usr/include] ==> [/Applications/Xcode.app/Contents/Developer/Platforms/MacOSX.platform/Developer/SDKs/MacOSX14.2.sdk/usr/include]
  collapse include dir [/Applications/Xcode.app/Contents/Developer/Toolchains/XcodeDefault.xctoolchain/usr/include] ==> [/Applications/Xcode.app/Contents/Developer/Toolchains/XcodeDefault.xctoolchain/usr/include]
  implicit include dirs: [/usr/local/include;/Applications/Xcode.app/Contents/Developer/Toolchains/XcodeDefault.xctoolchain/usr/lib/clang/15.0.0/include;/Applications/Xcode.app/Contents/Developer/Platforms/MacOSX.platform/Developer/SDKs/MacOSX14.2.sdk/usr/include;/Applications/Xcode.app/Contents/Developer/Toolchains/XcodeDefault.xctoolchain/usr/include]


Parsed C implicit link information from above output:
  link line regex: [^( *|.*[/\])(ld|CMAKE_LINK_STARTFILE-NOTFOUND|([^/\]+-)?ld|collect2)[^/\]*( |$)]
  ignore line: [Change Dir: /Users/jocastab/Projects/CPP3_BrickGame_v2.0/build/CMakeFiles/CMakeTmp]
  ignore line: []
  ignore line: [Run Build Command(s):/usr/bin/make -f Makefile cmTC_34f32/fast && /Applications/Xcode.app/Contents/Developer/usr/bin/make  -f CMakeFiles/cmTC_34f32.dir/build.make CMakeFiles/cmTC_34f32.dir/build]
  ignore line: [Building C object CMakeFiles/cmTC_34f32.dir/CMakeCCompilerABI.c.o]
  ignore line: [/Applications/Xcode.app/Contents/Developer/Toolchains/XcodeDefault.xctoolchain/usr/bin/cc   -isysroot /Applications/Xcode.app/Contents/Developer/Platforms/MacOSX.platform/Developer/SDKs/MacOSX14.2.sdk -mmacosx-version-min=13.6   -v -Wl -v -MD -MT CMakeFiles/cmTC_34f32.dir/CMakeCCompilerABI.c.o -MF CMakeFiles/cmTC_34f32.dir/CMakeCCompilerABI.c.o.d -o CMakeFiles/cmTC_34f32.dir/CMakeCCompilerABI.c.o -c /usr/local/share/cmake/Modules/CMakeCCompilerABI.c]
  ignore line: [Apple clang version 15.0.0 (clang-1500.1.0.2.5)]
  ignore line: [Target: x86_64-apple-darwin22.6.0]
  ignore line: [Thread model: posix]
  ignore line: [InstalledDir: /Applications/Xcode.app/Contents/Developer/Toolchains/XcodeDefault.xctoolchain/usr/bin]
  ignore line: [clang: warning: -Wl -v: 'linker' input unused [-Wunused-command-line-argument]]
  ignore line: [ "/Applications/Xcode.app/Contents/Developer/Toolchains/XcodeDefault.xctoolchain/usr/bin/clang" -cc1 -triple x86_64-apple-macosx13.6.0 -Wundef-prefix=TARGET_OS_ -Wdeprecated-objc-isa-usage -Werror=deprecated-objc-isa-usage -Werror=implicit-function-declaration -emit-obj -mrelax-all --mrelax-relocations -disable-free -clear-ast-before-backend -disable-llvm-verifier -discard-value-names -main-file-name CMakeCCompilerABI.c -mrelocation-model pic -pic-level 2 -mframe-pointer=all -fno-strict-return -ffp-contract=on -fno-rounding-math -funwind-tables=2 -target-sdk-version=14.2 -fvisibility-inlines-hidden-static-local-var -target-cpu penryn -tune-cpu generic -mllvm -treat-scalable-fixed-error-as-warning -debugger-tuning=lldb -target-linker-version 1022.1 -v -fcoverage-compilation-dir=/Users/jocastab/Projects/CPP3_BrickGame_v2.0/build/CMakeFiles/CMakeTmp -resource-dir /Applications/Xcode.app/Contents/Developer/Toolchains/XcodeDefault.xctoolchain/usr/lib/clang/15.0.0 -dependency-file CMakeFiles/cmTC_34f32.dir/CMakeCCompilerABI.c.o.d -skip-unused-modulemap-deps -MT CMakeFiles/cmTC_34f32.dir/CMakeCCompilerABI.c.o -sys-header-deps -isysroot /Applications/Xcode.app/Contents/Developer/Platforms/MacOSX.platform/Developer/SDKs/MacOSX14.2.sdk -c-isystem /usr/local/include/ -cxx-isystem /usr/local/include/ -internal-isystem /Applications/Xcode.app/Contents/Developer/Platforms/MacOSX.platform/Developer/SDKs/MacOSX14.2.sdk/usr/local/include -internal-isystem /Applications/Xcode.app/Contents/Developer/Toolchains/XcodeDefault.xctoolchain/usr/lib/clang/15.0.0/include -internal-externc-isystem /Applications/Xcode.app/Contents/Developer/Platforms/MacOSX.platform/Developer/SDKs/MacOSX14.2.sdk/usr/include -internal-externc-isystem /Applications/Xcode.app/Contents/Developer/Toolchains/XcodeDefault.xctoolchain/usr/include -Wno-reorder-init-list -Wno-implicit-int-float-conversion -Wno-c99-designator -Wno-final-dtor-non-final-class -Wno-extra-semi-stmt -Wno-misleading-indentation -Wno-quoted-include-in-framework-header -Wno-implicit-fallthrough -Wno-enum-enum-conversion -Wno-enum-float-conversion -Wno-elaborated-enum-base -Wno-reserved-identifier -Wno-gnu-folding-constant -fdebug-compilation-dir=/Users/jocastab/Projects/CPP3_BrickGame_v2.0/build/CMakeFiles/CMakeTmp -ferror-limit 19 -stack-protector 1 -fstack-check -mdarwin-stkchk-strong-link -fblocks -fencode-extended-block-signature -fregister-global-dtors-with-atexit -fgnuc-version=4.2.1 -fmax-type-align=16 -fcommon -clang-vendor-feature=+disableNonDependentMemberExprInCurrentInstantiation -fno-odr-hash-protocols -clang-vendor-feature=+enableAggressiveVLAFolding -clang-vendor-feature=+revert09abecef7bbf -clang-vendor-feature=+thisNoAlignAttr -clang-vendor-feature=+thisNoNullAttr -mllvm -disable-aligned-alloc-awareness=1 -D__GCC_HAVE_DWARF2_CFI_ASM=1 -o CMakeFiles/cmTC_34f32.dir/CMakeCCompilerABI.c.o -x c /usr/local/share/cmake/Modules/CMakeCCompilerABI.c]
  ignore line: [clang -cc1 version 15.0.0 (clang-1500.1.0.2.5) default target x86_64-apple-darwin22.6.0]
  ignore line: [ignoring nonexistent directory "/Applications/Xcode.app/Contents/Developer/Platforms/MacOSX.platform/Developer/SDKs/MacOSX14.2.sdk/usr/local/include"]
  ignore line: [ignoring nonexistent directory "/Applications/Xcode.app/Contents/Developer/Platforms/MacOSX.platform/Developer/SDKs/MacOSX14.2.sdk/Library/Frameworks"]
  ignore line: [#include "..." search starts here:]
  ignore line: [#include <...> search starts here:]
  ignore line: [ /usr/local/include]
  ignore line: [ /Applications/Xcode.app/Contents/Developer/Toolchains/XcodeDefault.xctoolchain/usr/lib/clang/15.0.0/include]
  ignore line: [ /Applications/Xcode.app/Contents/Developer/Platforms/MacOSX.platform/Developer/SDKs/MacOSX14.2.sdk/usr/include]
  ignore line: [ /Applications/Xcode.app/Contents/Developer/Toolchains/XcodeDefault.xctoolchain/usr/include]
  ignore line: [ /Applications/Xcode.app/Contents/Developer/Platforms/MacOSX.platform/Developer/SDKs/MacOSX14.2.sdk/System/Library/Frameworks (framework directory)]
  ignore line: [End of search list.]
  ignore line: [Linking C executable cmTC_34f32]
  ignore line: [/usr/local/bin/cmake -E cmake_link_script CMakeFiles/cmTC_34f32.dir/link.txt --verbose=1]
  ignore line: [/Applications/Xcode.app/Contents/Developer/Toolchains/XcodeDefault.xctoolchain/usr/bin/cc  -isysroot /Applications/Xcode.app/Contents/Developer/Platforms/MacOSX.platform/Developer/SDKs/MacOSX14.2.sdk -mmacosx-version-min=13.6 -Wl -search_paths_first -Wl -headerpad_max_install_names  -v -Wl -v CMakeFiles/cmTC_34f32.dir/CMakeCCompilerABI.c.o -o cmTC_34f32 ]
  ignore line: [Apple clang version 15.0.0 (clang-1500.1.0.2.5)]
  ignore line: [Target: x86_64-apple-darwin22.6.0]
  ignore line: [Thread model: posix]
  ignore line: [InstalledDir: /Applications/Xcode.app/Contents/Developer/Toolchains/XcodeDefault.xctoolchain/usr/bin]
  link line: [ "/Applications/Xcode.app/Contents/Developer/Toolchains/XcodeDefault.xctoolchain/usr/bin/ld" -demangle -lto_library /Applications/Xcode.app/Contents/Developer/Toolchains/XcodeDefault.xctoolchain/usr/lib/libLTO.dylib -dynamic -arch x86_64 -platform_version macos 13.6.0 14.2 -syslibroot /Applications/Xcode.app/Contents/Developer/Platforms/MacOSX.platform/Developer/SDKs/MacOSX14.2.sdk -o cmTC_34f32 -L/usr/local/Cellar/check/0.15.2/lib -L/usr/local/lib -search_paths_first -headerpad_max_install_names -v CMakeFiles/cmTC_34f32.dir/CMakeCCompilerABI.c.o -lSystem /Applications/Xcode.app/Contents/Developer/Toolchains/XcodeDefault.xctoolchain/usr/lib/clang/15.0.0/lib/darwin/libclang_rt.osx.a]
    arg [/Applications/Xcode.app/Contents/Developer/Toolchains/XcodeDefault.xctoolchain/usr/bin/ld] ==> ignore
    arg [-demangle] ==> ignore
    arg [-lto_library] ==> ignore, skip following value
    arg [/Applications/Xcode.app/Contents/Developer/Toolchains/XcodeDefault.xctoolchain/usr/lib/libLTO.dylib] ==> skip value of -lto_library
    arg [-dynamic] ==> ignore
    arg [-arch] ==> ignore
    arg [x86_64] ==> ignore
    arg [-platform_version] ==> ignore
    arg [macos] ==> ignore
    arg [13.6.0] ==> ignore
    arg [14.2] ==> ignore
    arg [-syslibroot] ==> ignore
    arg [/Applications/Xcode.app/Contents/Developer/Platforms/MacOSX.platform/Developer/SDKs/MacOSX14.2.sdk] ==> ignore
    arg [-o] ==> ignore
    arg [cmTC_34f32] ==> ignore
    arg [-L/usr/local/Cellar/check/0.15.2/lib] ==> dir [/usr/local/Cellar/check/0.15.2/lib]
    arg [-L/usr/local/lib] ==> dir [/usr/local/lib]
    arg [-search_paths_first] ==> ignore
    arg [-headerpad_max_install_names] ==> ignore
    arg [-v] ==> ignore
    arg [CMakeFiles/cmTC_34f32.dir/CMakeCCompilerABI.c.o] ==> ignore
    arg [-lSystem] ==> lib [System]
    arg [/Applications/Xcode.app/Contents/Developer/Toolchains/XcodeDefault.xctoolchain/usr/lib/clang/15.0.0/lib/darwin/libclang_rt.osx.a] ==> lib [/Applications/Xcode.app/Contents/Developer/Toolchains/XcodeDefault.xctoolchain/usr/lib/clang/15.0.0/lib/darwin/libclang_rt.osx.a]
  Library search paths: [;/usr/local/Cellar/check/0.15.2/lib;/usr/local/lib]
  remove lib [System]
  remove lib [/Applications/Xcode.app/Contents/Developer/Toolchains/XcodeDefault.xctoolchain/usr/lib/clang/15.0.0/lib/darwin/libclang_rt.osx.a]
  collapse library dir [/usr/local/Cellar/check/0.15.2/lib] ==> [/usr/local/Cellar/check/0.15.2/lib]
  collapse library dir [/usr/local/lib] ==> [/usr/local/lib]
  collapse library dir [/usr/local/Cellar/check/0.15.2/lib] ==> [/usr/local/Cellar/check/0.15.2/lib]
  collapse library dir [/usr/local/lib] ==> [/usr/local/lib]
  implicit libs: []
  implicit objs: []
  implicit dirs: [/usr/local/Cellar/check/0.15.2/lib;/usr/local/lib]
  implicit fwks: []


Detecting CXX compiler ABI info compiled with the following output:
Change Dir: /Users/jocastab/Projects/CPP3_BrickGame_v2.0/build/CMakeFiles/CMakeTmp

Run Build Command(s):/usr/bin/make -f Makefile cmTC_55541/fast && /Applications/Xcode.app/Contents/Developer/usr/bin/make  -f CMakeFiles/cmTC_55541.dir/build.make CMakeFiles/cmTC_55541.dir/build
Building CXX object CMakeFiles/cmTC_55541.dir/CMakeCXXCompilerABI.cpp.o
/Applications/Xcode.app/Contents/Developer/Toolchains/XcodeDefault.xctoolchain/usr/bin/c++   -isysroot /Applications/Xcode.app/Contents/Developer/Platforms/MacOSX.platform/Developer/SDKs/MacOSX14.2.sdk -mmacosx-version-min=13.6   -v -Wl,-v -MD -MT CMakeFiles/cmTC_55541.dir/CMakeCXXCompilerABI.cpp.o -MF CMakeFiles/cmTC_55541.dir/CMakeCXXCompilerABI.cpp.o.d -o CMakeFiles/cmTC_55541.dir/CMakeCXXCompilerABI.cpp.o -c /usr/local/share/cmake/Modules/CMakeCXXCompilerABI.cpp
Apple clang version 15.0.0 (clang-1500.1.0.2.5)
Target: x86_64-apple-darwin22.6.0
Thread model: posix
InstalledDir: /Applications/Xcode.app/Contents/Developer/Toolchains/XcodeDefault.xctoolchain/usr/bin
clang: warning: -Wl,-v: 'linker' input unused [-Wunused-command-line-argument]
 "/Applications/Xcode.app/Contents/Developer/Toolchains/XcodeDefault.xctoolchain/usr/bin/clang" -cc1 -triple x86_64-apple-macosx13.6.0 -Wundef-prefix=TARGET_OS_ -Wdeprecated-objc-isa-usage -Werror=deprecated-objc-isa-usage -Werror=implicit-function-declaration -emit-obj -mrelax-all --mrelax-relocations -disable-free -clear-ast-before-backend -disable-llvm-verifier -discard-value-names -main-file-name CMakeCXXCompilerABI.cpp -mrelocation-model pic -pic-level 2 -mframe-pointer=all -fno-strict-return -ffp-contract=on -fno-rounding-math -funwind-tables=2 -target-sdk-version=14.2 -fvisibility-inlines-hidden-static-local-var -target-cpu penryn -tune-cpu generic -mllvm -treat-scalable-fixed-error-as-warning -debugger-tuning=lldb -target-linker-version 1022.1 -v -fcoverage-compilation-dir=/Users/jocastab/Projects/CPP3_BrickGame_v2.0/build/CMakeFiles/CMakeTmp -resource-dir /Applications/Xcode.app/Contents/Developer/Toolchains/XcodeDefault.xctoolchain/usr/lib/clang/15.0.0 -dependency-file CMakeFiles/cmTC_55541.dir/CMakeCXXCompilerABI.cpp.o.d -skip-unused-modulemap-deps -MT CMakeFiles/cmTC_55541.dir/CMakeCXXCompilerABI.cpp.o -sys-header-deps -isysroot /Applications/Xcode.app/Contents/Developer/Platforms/MacOSX.platform/Developer/SDKs/MacOSX14.2.sdk -c-isystem /usr/local/include/ -cxx-isystem /usr/local/include/ -internal-isystem /Applications/Xcode.app/Contents/Developer/Platforms/MacOSX.platform/Developer/SDKs/MacOSX14.2.sdk/usr/include/c++/v1 -internal-isystem /Applications/Xcode.app/Contents/Developer/Platforms/MacOSX.platform/Developer/SDKs/MacOSX14.2.sdk/usr/local/include -internal-isystem /Applications/Xcode.app/Contents/Developer/Toolchains/XcodeDefault.xctoolchain/usr/lib/clang/15.0.0/include -internal-externc-isystem /Applications/Xcode.app/Contents/Developer/Platforms/MacOSX.platform/Developer/SDKs/MacOSX14.2.sdk/usr/include -internal-externc-isystem /Applications/Xcode.app/Contents/Developer/Toolchains/XcodeDefault.xctoolchain/usr/include -Wno-reorder-init-list -Wno-implicit-int-float-conversion -Wno-c99-designator -Wno-final-dtor-non-final-class -Wno-extra-semi-stmt -Wno-misleading-indentation -Wno-quoted-include-in-framework-header -Wno-implicit-fallthrough -Wno-enum-enum-conversion -Wno-enum-float-conversion -Wno-elaborated-enum-base -Wno-reserved-identifier -Wno-gnu-folding-constant -fdeprecated-macro -fdebug-compilation-dir=/Users/jocastab/Projects/CPP3_BrickGame_v2.0/build/CMakeFiles/CMakeTmp -ferror-limit 19 -stack-protector 1 -fstack-check -mdarwin-stkchk-strong-link -fblocks -fencode-extended-block-signature -fregister-global-dtors-with-atexit -fgnuc-version=4.2.1 -fno-cxx-modules -fcxx-exceptions -fexceptions -fmax-type-align=16 -fcommon -clang-vendor-feature=+disableNonDependentMemberExprInCurrentInstantiation -fno-odr-hash-protocols -clang-vendor-feature=+enableAggressiveVLAFolding -clang-vendor-feature=+revert09abecef7bbf -clang-vendor-feature=+thisNoAlignAttr -clang-vendor-feature=+thisNoNullAttr -mllvm -disable-aligned-alloc-awareness=1 -D__GCC_HAVE_DWARF2_CFI_ASM=1 -o CMakeFiles/cmTC_55541.dir/CMakeCXXCompilerABI.cpp.o -x c++ /usr/local/share/cmake/Modules/CMakeCXXCompilerABI.cpp
clang -cc1 version 15.0.0 (clang-1500.1.0.2.5) default target x86_64-apple-darwin22.6.0
ignoring nonexistent directory "/Applications/Xcode.app/Contents/Developer/Platforms/MacOSX.platform/Developer/SDKs/MacOSX14.2.sdk/usr/local/include"
ignoring nonexistent directory "/Applications/Xcode.app/Contents/Developer/Platforms/MacOSX.platform/Developer/SDKs/MacOSX14.2.sdk/Library/Frameworks"
#include "..." search starts here:
#include <...> search starts here:
 /usr/local/include
 /Applications/Xcode.app/Contents/Developer/Platforms/MacOSX.platform/Developer/SDKs/MacOSX14.2.sdk/usr/include/c++/v1
 /Applications/Xcode.app/Contents/Developer/Toolchains/XcodeDefault.xctoolchain/usr/lib/clang/15.0.0/include
 /Applications/Xcode.app/Contents/Developer/Platforms/MacOSX.platform/Developer/SDKs/MacOSX14.2.sdk/usr/include
 /Applications/Xcode.app/Contents/Developer/Toolchains/XcodeDefault.xctoolchain/usr/include
 /Applications/Xcode.app/Contents/Developer/Platforms/MacOSX.platform/Developer/SDKs/MacOSX14.2.sdk/System/Library/Frameworks (framework directory)
End of search list.
Linking CXX executable cmTC_55541
/usr/local/bin/cmake -E cmake_link_script CMakeFiles/cmTC_55541.dir/link.txt --verbose=1
/Applications/Xcode.app/Contents/Developer/Toolchains/XcodeDefault.xctoolchain/usr/bin/c++  -isysroot /Applications/Xcode.app/Contents/Developer/Platforms/MacOSX.platform/Developer/SDKs/MacOSX14.2.sdk -mmacosx-version-min=13.6 -Wl,-search_paths_first -Wl,-headerpad_max_install_names  -v -Wl,-v CMakeFiles/cmTC_55541.dir/CMakeCXXCompilerABI.cpp.o -o cmTC_55541 
Apple clang version 15.0.0 (clang-1500.1.0.2.5)
Target: x86_64-apple-darwin22.6.0
Thread model: posix
InstalledDir: /Applications/Xcode.app/Contents/Developer/Toolchains/XcodeDefault.xctoolchain/usr/bin
 "/Applications/Xcode.app/Contents/Developer/Toolchains/XcodeDefault.xctoolchain/usr/bin/ld" -demangle -lto_library /Applications/Xcode.app/Contents/Developer/Toolchains/XcodeDefault.xctoolchain/usr/lib/libLTO.dylib -dynamic -arch x86_64 -platform_version macos 13.6.0 14.2 -syslibroot /Applications/Xcode.app/Contents/Developer/Platforms/MacOSX.platform/Developer/SDKs/MacOSX14.2.sdk -o cmTC_55541 -L/usr/local/Cellar/check/0.15.2/lib -L/usr/local/lib -search_paths_first -headerpad_max_install_names -v CMakeFiles/cmTC_55541.dir/CMakeCXXCompilerABI.cpp.o -lc++ -lSystem /Applications/Xcode.app/Contents/Developer/Toolchains/XcodeDefault.xctoolchain/usr/lib/clang/15.0.0/lib/darwin/libclang_rt.osx.a
@(#)PROGRAM:ld  PROJECT:dyld-1022.1
BUILD 05:26:33 Dec  7 2023
configured to support archs: armv6 armv7 armv7s arm64 arm64e arm64_32 i386 x86_64 x86_64h
will use ld-classic for: armv6 armv7 armv7s arm64_32 i386 armv6m armv7k armv7m armv7em
LTO support using: LLVM version 15.0.0 (static support for 29, runtime is 29)
TAPI support using: Apple TAPI version 15.0.0 (tapi-1500.0.12.8)
Library search paths:
	/usr/local/Cellar/check/0.15.2/lib
	/usr/local/lib
Framework search paths:



Parsed CXX implicit include dir info from above output: rv=done
  found start of include info
  found start of implicit include info
    add: [/usr/local/include]
    add: [/Applications/Xcode.app/Contents/Developer/Platforms/MacOSX.platform/Developer/SDKs/MacOSX14.2.sdk/usr/include/c++/v1]
    add: [/Applications/Xcode.app/Contents/Developer/Toolchains/XcodeDefault.xctoolchain/usr/lib/clang/15.0.0/include]
    add: [/Applications/Xcode.app/Contents/Developer/Platforms/MacOSX.platform/Developer/SDKs/MacOSX14.2.sdk/usr/include]
    add: [/Applications/Xcode.app/Contents/Developer/Toolchains/XcodeDefault.xctoolchain/usr/include]
  end of search list found
  collapse include dir [/usr/local/include] ==> [/usr/local/include]
  collapse include dir [/Applications/Xcode.app/Contents/Developer/Platforms/MacOSX.platform/Developer/SDKs/MacOSX14.2.sdk/usr/include/c++/v1] ==> [/Applications/Xcode.app/Contents/Developer/Platforms/MacOSX.platform/Developer/SDKs/MacOSX14.2.sdk/usr/include/c++/v1]
  collapse include dir [/Applications/Xcode.app/Contents/Developer/Toolchains/XcodeDefault.xctoolchain/usr/lib/clang/15.0.0/include] ==> [/Applications/Xcode.app/Contents/Developer/Toolchains/XcodeDefault.xctoolchain/usr/lib/clang/15.0.0/include]
  collapse include dir [/Applications/Xcode.app/Contents/Developer/Platforms/MacOSX.platform/Developer/SDKs/MacOSX14.2.sdk/usr/include] ==> [/Applications/Xcode.app/Contents/Developer/Platforms/MacOSX.platform/Developer/SDKs/MacOSX14.2.sdk/usr/include]
  collapse include dir [/Applications/Xcode.app/Contents/Developer/Toolchains/XcodeDefault.xctoolchain/usr/include] ==> [/Applications/Xcode.app/Contents/Developer/Toolchains/XcodeDefault.xctoolchain/usr/include]
  implicit include dirs: [/usr/local/include;/Applications/Xcode.app/Contents/Developer/Platforms/MacOSX.platform/Developer/SDKs/MacOSX14.2.sdk/usr/include/c++/v1;/Applications/Xcode.app/Contents/Developer/Toolchains/XcodeDefault.xctoolchain/usr/lib/clang/15.0.0/include;/Applications/Xcode.app/Contents/Developer/Platforms/MacOSX.platform/Developer/SDKs/MacOSX14.2.sdk/usr/include;/Applications/Xcode.app/Contents/Developer/Toolchains/XcodeDefault.xctoolchain/usr/include]


Parsed CXX implicit link information from above output:
  link line regex: [^( *|.*[/\])(ld|CMAKE_LINK_STARTFILE-NOTFOUND|([^/\]+-)?ld|collect2)[^/\]*( |$)]
  ignore line: [Change Dir: /Users/jocastab/Projects/CPP3_BrickGame_v2.0/build/CMakeFiles/CMakeTmp]
  ignore line: []
  ignore line: [Run Build Command(s):/usr/bin/make -f Makefile cmTC_55541/fast && /Applications/Xcode.app/Contents/Developer/usr/bin/make  -f CMakeFiles/cmTC_55541.dir/build.make CMakeFiles/cmTC_55541.dir/build]
  ignore line: [Building CXX object CMakeFiles/cmTC_55541.dir/CMakeCXXCompilerABI.cpp.o]
  ignore line: [/Applications/Xcode.app/Contents/Developer/Toolchains/XcodeDefault.xctoolchain/usr/bin/c++   -isysroot /Applications/Xcode.app/Contents/Developer/Platforms/MacOSX.platform/Developer/SDKs/MacOSX14.2.sdk -mmacosx-version-min=13.6   -v -Wl -v -MD -MT CMakeFiles/cmTC_55541.dir/CMakeCXXCompilerABI.cpp.o -MF CMakeFiles/cmTC_55541.dir/CMakeCXXCompilerABI.cpp.o.d -o CMakeFiles/cmTC_55541.dir/CMakeCXXCompilerABI.cpp.o -c /usr/local/share/cmake/Modules/CMakeCXXCompilerABI.cpp]
  ignore line: [Apple clang version 15.0.0 (clang-1500.1.0.2.5)]
  ignore line: [Target: x86_64-apple-darwin22.6.0]
  ignore line: [Thread model: posix]
  ignore line: [InstalledDir: /Applications/Xcode.app/Contents/Developer/Toolchains/XcodeDefault.xctoolchain/usr/bin]
  ignore line: [clang: warning: -Wl -v: 'linker' input unused [-Wunused-command-line-argument]]
  ignore line: [ "/Applications/Xcode.app/Contents/Developer/Toolchains/XcodeDefault.xctoolchain/usr/bin/clang" -cc1 -triple x86_64-apple-macosx13.6.0 -Wundef-prefix=TARGET_OS_ -Wdeprecated-objc-isa-usage -Werror=deprecated-objc-isa-usage -Werror=implicit-function-declaration -emit-obj -mrelax-all --mrelax-relocations -disable-free -clear-ast-before-backend -disable-llvm-verifier -discard-value-names -main-file-name CMakeCXXCompilerABI.cpp -mrelocation-model pic -pic-level 2 -mframe-pointer=all -fno-strict-return -ffp-contract=on -fno-rounding-math -funwind-tables=2 -target-sdk-version=14.2 -fvisibility-inlines-hidden-static-local-var -target-cpu penryn -tune-cpu generic -mllvm -treat-scalable-fixed-error-as-warning -debugger-tuning=lldb -target-linker-version 1022.1 -v -fcoverage-compilation-dir=/Users/jocastab/Projects/CPP3_BrickGame_v2.0/build/CMakeFiles/CMakeTmp -resource-dir /Applications/Xcode.app/Contents/Developer/Toolchains/XcodeDefault.xctoolchain/usr/lib/clang/15.0.0 -dependency-file CMakeFiles/cmTC_55541.dir/CMakeCXXCompilerABI.cpp.o.d -skip-unused-modulemap-deps -MT CMakeFiles/cmTC_55541.dir/CMakeCXXCompilerABI.cpp.o -sys-header-deps -isysroot /Applications/Xcode.app/Contents/Developer/Platforms/MacOSX.platform/Developer/SDKs/MacOSX14.2.sdk -c-isystem /usr/local/include/ -cxx-isystem /usr/local/include/ -internal-isystem /Applications/Xcode.app/Contents/Developer/Platforms/MacOSX.platform/Developer/SDKs/MacOSX14.2.sdk/usr/include/c++/v1 -internal-isystem /Applications/Xcode.app/Contents/Developer/Platforms/MacOSX.platform/Developer/SDKs/MacOSX14.2.sdk/usr/local/include -internal-isystem /Applications/Xcode.app/Contents/Developer/Toolchains/XcodeDefault.xctoolchain/usr/lib/clang/15.0.0/include -internal-externc-isystem /Applications/Xcode.app/Contents/Developer/Platforms/MacOSX.platform/Developer/SDKs/MacOSX14.2.sdk/usr/include -internal-externc-isystem /Applications/Xcode.app/Contents/Developer/Toolchains/XcodeDefault.xctoolchain/usr/include -Wno-reorder-init-list -Wno-implicit-int-float-conversion -Wno-c99-designator -Wno-final-dtor-non-final-class -Wno-extra-semi-stmt -Wno-misleading-indentation -Wno-quoted-include-in-framework-header -Wno-implicit-fallthrough -Wno-enum-enum-conversion -Wno-enum-float-conversion -Wno-elaborated-enum-base -Wno-reserved-identifier -Wno-gnu-folding-constant -fdeprecated-macro -fdebug-compilation-dir=/Users/jocastab/Projects/CPP3_BrickGame_v2.0/build/CMakeFiles/CMakeTmp -ferror-limit 19 -stack-protector 1 -fstack-check -mdarwin-stkchk-strong-link -fblocks -fencode-extended-block-signature -fregister-global-dtors-with-atexit -fgnuc-version=4.2.1 -fno-cxx-modules -fcxx-exceptions -fexceptions -fmax-type-align=16 -fcommon -clang-vendor-feature=+disableNonDependentMemberExprInCurrentInstantiation -fno-odr-hash-protocols -clang-vendor-feature=+enableAggressiveVLAFolding -clang-vendor-feature=+revert09abecef7bbf -clang-vendor-feature=+thisNoAlignAttr -clang-vendor-feature=+thisNoNullAttr -mllvm -disable-aligned-alloc-awareness=1 -D__GCC_HAVE_DWARF2_CFI_ASM=1 -o CMakeFiles/cmTC_55541.dir/CMakeCXXCompilerABI.cpp.o -x c++ /usr/local/share/cmake/Modules/CMakeCXXCompilerABI.cpp]
  ignore line: [clang -cc1 version 15.0.0 (clang-1500.1.0.2.5) default target x86_64-apple-darwin22.6.0]
  ignore line: [ignoring nonexistent directory "/Applications/Xcode.app/Contents/Developer/Platforms/MacOSX.platform/Developer/SDKs/MacOSX14.2.sdk/usr/local/include"]
  ignore line: [ignoring nonexistent directory "/Applications/Xcode.app/Contents/Developer/Platforms/MacOSX.platform/Developer/SDKs/MacOSX14.2.sdk/Library/Frameworks"]
  ignore line: [#include "..." search starts here:]
  ignore line: [#include <...> search starts here:]
  ignore line: [ /usr/local/include]
  ignore line: [ /Applications/Xcode.app/Contents/Developer/Platforms/MacOSX.platform/Developer/SDKs/MacOSX14.2.sdk/usr/include/c++/v1]
  ignore line: [ /Applications/Xcode.app/Contents/Developer/Toolchains/XcodeDefault.xctoolchain/usr/lib/clang/15.0.0/include]
  ignore line: [ /Applications/Xcode.app/Contents/Developer/Platforms/MacOSX.platform/Developer/SDKs/MacOSX14.2.sdk/usr/include]
  ignore line: [ /Applications/Xcode.app/Contents/Developer/Toolchains/XcodeDefault.xctoolchain/usr/include]
  ignore line: [ /Applications/Xcode.app/Contents/Developer/Platforms/MacOSX.platform/Developer/SDKs/MacOSX14.2.sdk/System/Library/Frameworks (framework directory)]
  ignore line: [End of search list.]
  ignore line: [Linking CXX executable cmTC_55541]
  ignore line: [/usr/local/bin/cmake -E cmake_link_script CMakeFiles/cmTC_55541.dir/link.txt --verbose=1]
  ignore line: [/Applications/Xcode.app/Contents/Developer/Toolchains/XcodeDefault.xctoolchain/usr/bin/c++  -isysroot /Applications/Xcode.app/Contents/Developer/Platforms/MacOSX.platform/Developer/SDKs/MacOSX14.2.sdk -mmacosx-version-min=13.6 -Wl -search_paths_first -Wl -headerpad_max_install_names  -v -Wl -v CMakeFiles/cmTC_55541.dir/CMakeCXXCompilerABI.cpp.o -o cmTC_55541 ]
  ignore line: [Apple clang version 15.0.0 (clang-1500.1.0.2.5)]
  ignore line: [Target: x86_64-apple-darwin22.6.0]
  ignore line: [Thread model: posix]
  ignore line: [InstalledDir: /Applications/Xcode.app/Contents/Developer/Toolchains/XcodeDefault.xctoolchain/usr/bin]
  link line: [ "/Applications/Xcode.app/Contents/Developer/Toolchains/XcodeDefault.xctoolchain/usr/bin/ld" -demangle -lto_library /Applications/Xcode.app/Contents/Developer/Toolchains/XcodeDefault.xctoolchain/usr/lib/libLTO.dylib -dynamic -arch x86_64 -platform_version macos 13.6.0 14.2 -syslibroot /Applications/Xcode.app/Contents/Developer/Platforms/MacOSX.platform/Developer/SDKs/MacOSX14.2.sdk -o cmTC_55541 -L/usr/local/Cellar/check/0.15.2/lib -L/usr/local/lib -search_paths_first -headerpad_max_install_names -v CMakeFiles/cmTC_55541.dir/CMakeCXXCompilerABI.cpp.o -lc++ -lSystem /Applications/Xcode.app/Contents/Developer/Toolchains/XcodeDefault.xctoolchain/usr/lib/clang/15.0.0/lib/darwin/libclang_rt.osx.a]
    arg [/Applications/Xcode.app/Contents/Developer/Toolchains/XcodeDefault.xctoolchain/usr/bin/ld] ==> ignore
    arg [-demangle] ==> ignore
    arg [-lto_library] ==> ignore, skip following value
    arg [/Applications/Xcode.app/Contents/Developer/Toolchains/XcodeDefault.xctoolchain/usr/lib/libLTO.dylib] ==> skip value of -lto_library
    arg [-dynamic] ==> ignore
    arg [-arch] ==> ignore
    arg [x86_64] ==> ignore
    arg [-platform_version] ==> ignore
    arg [macos] ==> ignore
    arg [13.6.0] ==> ignore
    arg [14.2] ==> ignore
    arg [-syslibroot] ==> ignore
    arg [/Applications/Xcode.app/Contents/Developer/Platforms/MacOSX.platform/Developer/SDKs/MacOSX14.2.sdk] ==> ignore
    arg [-o] ==> ignore
    arg [cmTC_55541] ==> ignore
    arg [-L/usr/local/Cellar/check/0.15.2/lib] ==> dir [/usr/local/Cellar/check/0.15.2/lib]
    arg [-L/usr/local/lib] ==> dir [/usr/local/lib]
    arg [-search_paths_first] ==> ignore
    arg [-headerpad_max_install_names] ==> ignore
    arg [-v] ==> ignore
    arg [CMakeFiles/cmTC_55541.dir/CMakeCXXCompilerABI.cpp.o] ==> ignore
    arg [-lc++] ==> lib [c++]
    arg [-lSystem] ==> lib [System]
    arg [/Applications/Xcode.app/Contents/Developer/Toolchains/XcodeDefault.xctoolchain/usr/lib/clang/15.0.0/lib/darwin/libclang_rt.osx.a] ==> lib [/Applications/Xcode.app/Contents/Developer/Toolchains/XcodeDefault.xctoolchain/usr/lib/clang/15.0.0/lib/darwin/libclang_rt.osx.a]
  Library search paths: [;/usr/local/Cellar/check/0.15.2/lib;/usr/local/lib]
  remove lib [System]
  remove lib [/Applications/Xcode.app/Contents/Developer/Toolchains/XcodeDefault.xctoolchain/usr/lib/clang/15.0.0/lib/darwin/libclang_rt.osx.a]
  collapse library dir [/usr/local/Cellar/check/0.15.2/lib] ==> [/usr/local/Cellar/check/0.15.2/lib]
  collapse library dir [/usr/local/lib] ==> [/usr/local/lib]
  collapse library dir [/usr/local/Cellar/check/0.15.2/lib] ==> [/usr/local/Cellar/check/0.15.2/lib]
  collapse library dir [/usr/local/lib] ==> [/usr/local/lib]
  implicit libs: [c++]
  implicit objs: []
  implicit dirs: [/usr/local/Cellar/check/0.15.2/lib;/usr/local/lib]
  implicit fwks: []


Determining if the include file pthread.h exists passed with the following output:
Change Dir: /Users/jocastab/Projects/CPP3_BrickGame_v2.0/build/CMakeFiles/CMakeTmp

Run Build Command(s):/usr/bin/make -f Makefile cmTC_4cb20/fast && /Applications/Xcode.app/Contents/Developer/usr/bin/make  -f CMakeFiles/cmTC_4cb20.dir/build.make CMakeFiles/cmTC_4cb20.dir/build
Building C object CMakeFiles/cmTC_4cb20.dir/CheckIncludeFile.c.o
/Applications/Xcode.app/Contents/Developer/Toolchains/XcodeDefault.xctoolchain/usr/bin/cc   -isysroot /Applications/Xcode.app/Contents/Developer/Platforms/MacOSX.platform/Developer/SDKs/MacOSX14.2.sdk -mmacosx-version-min=13.6 -MD -MT CMakeFiles/cmTC_4cb20.dir/CheckIncludeFile.c.o -MF CMakeFiles/cmTC_4cb20.dir/CheckIncludeFile.c.o.d -o CMakeFiles/cmTC_4cb20.dir/CheckIncludeFile.c.o -c /Users/jocastab/Projects/CPP3_BrickGame_v2.0/build/CMakeFiles/CMakeTmp/CheckIncludeFile.c
Linking C executable cmTC_4cb20
/usr/local/bin/cmake -E cmake_link_script CMakeFiles/cmTC_4cb20.dir/link.txt --verbose=1
/Applications/Xcode.app/Contents/Developer/Toolchains/XcodeDefault.xctoolchain/usr/bin/cc  -isysroot /Applications/Xcode.app/Contents/Developer/Platforms/MacOSX.platform/Developer/SDKs/MacOSX14.2.sdk -mmacosx-version-min=13.6 -Wl,-search_paths_first -Wl,-headerpad_max_install_names CMakeFiles/cmTC_4cb20.dir/CheckIncludeFile.c.o -o cmTC_4cb20 



Performing C SOURCE FILE Test CMAKE_HAVE_LIBC_PTHREAD succeeded with the following output:
Change Dir: /Users/jocastab/Projects/CPP3_BrickGame_v2.0/build/CMakeFiles/CMakeTmp

Run Build Command(s):/usr/bin/make -f Makefile cmTC_8e22b/fast && /Applications/Xcode.app/Contents/Developer/usr/bin/make  -f CMakeFiles/cmTC_8e22b.dir/build.make CMakeFiles/cmTC_8e22b.dir/build
Building C object CMakeFiles/cmTC_8e22b.dir/src.c.o
/Applications/Xcode.app/Contents/Developer/Toolchains/XcodeDefault.xctoolchain/usr/bin/cc -DCMAKE_HAVE_LIBC_PTHREAD  -isysroot /Applications/Xcode.app/Contents/Developer/Platforms/MacOSX.platform/Developer/SDKs/MacOSX14.2.sdk -mmacosx-version-min=13.6 -MD -MT CMakeFiles/cmTC_8e22b.dir/src.c.o -MF CMakeFiles/cmTC_8e22b.dir/src.c.o.d -o CMakeFiles/cmTC_8e22b.dir/src.c.o -c /Users/jocastab/Projects/CPP3_BrickGame_v2.0/build/CMakeFiles/CMakeTmp/src.c
Linking C executable cmTC_8e22b
/usr/local/bin/cmake -E cmake_link_script CMakeFiles/cmTC_8e22b.dir/link.txt --verbose=1
/Applications/Xcode.app/Contents/Developer/Toolchains/XcodeDefault.xctoolchain/usr/bin/cc  -isysroot /Applications/Xcode.app/Contents/Developer/Platforms/MacOSX.platform/Developer/SDKs/MacOSX14.2.sdk -mmacosx-version-min=13.6 -Wl,-search_paths_first -Wl,-headerpad_max_install_names CMakeFiles/cmTC_8e22b.dir/src.c.o -o cmTC_8e22b 


Source file was:
#include <pthread.h>

static void* test_func(void* data)
{
  return data;
}

int main(void)
{
  pthread_t thread;
  pthread_create(&thread, NULL, test_func, NULL);
  pthread_detach(thread);
  pthread_cancel(thread);
  pthread_join(thread, NULL);
  pthread_atfork(NULL, NULL, NULL);
  pthread_exit(NULL);

  return 0;
}

Performing C++ SOURCE FILE Test HAVE_STDATOMIC succeeded with the following output:
Change Dir: /Users/jocastab/Projects/CPP3_BrickGame_v2.0/build/CMakeFiles/CMakeTmp

Run Build Command(s):/usr/bin/make -f Makefile cmTC_09cc6/fast && /Applications/Xcode.app/Contents/Developer/usr/bin/make  -f CMakeFiles/cmTC_09cc6.dir/build.make CMakeFiles/cmTC_09cc6.dir/build
Building CXX object CMakeFiles/cmTC_09cc6.dir/src.cxx.o
/Applications/Xcode.app/Contents/Developer/Toolchains/XcodeDefault.xctoolchain/usr/bin/c++ -DHAVE_STDATOMIC  -isysroot /Applications/Xcode.app/Contents/Developer/Platforms/MacOSX.platform/Developer/SDKs/MacOSX14.2.sdk -mmacosx-version-min=13.6 -std=gnu++17 -MD -MT CMakeFiles/cmTC_09cc6.dir/src.cxx.o -MF CMakeFiles/cmTC_09cc6.dir/src.cxx.o.d -o CMakeFiles/cmTC_09cc6.dir/src.cxx.o -c /Users/jocastab/Projects/CPP3_BrickGame_v2.0/build/CMakeFiles/CMakeTmp/src.cxx
Linking CXX executable cmTC_09cc6
/usr/local/bin/cmake -E cmake_link_script CMakeFiles/cmTC_09cc6.dir/link.txt --verbose=1
/Applications/Xcode.app/Contents/Developer/Toolchains/XcodeDefault.xctoolchain/usr/bin/c++  -isysroot /Applications/Xcode.app/Contents/Developer/Platforms/MacOSX.platform/Developer/SDKs/MacOSX14.2.sdk -mmacosx-version-min=13.6 -Wl,-search_paths_first -Wl,-headerpad_max_install_names CMakeFiles/cmTC_09cc6.dir/src.cxx.o -o cmTC_09cc6 


Source file was:
#include <atomic>
#include <cstdint>

int main(int, char **)
{
    volatile std::atomic<char>    size_1;
    volatile std::atomic<short>   size_2;
    volatile std::atomic<int>     size_4;
    volatile std::atomic<int64_t> size_8;

    ++size_1;
    ++size_2;
    ++size_4;
    ++size_8;

    (void)size_1.load(std::memory_order_relaxed);
    (void)size_2.load(std::memory_order_relaxed);
    (void)size_4.load(std::memory_order_relaxed);
    (void)size_8.load(std::memory_order_relaxed);

    return 0;
}
The system is: Darwin - 22.6.0 - x86_64
Compiling the C compiler identification source file "CMakeCCompilerId.c" succeeded.
Compiler: /Applications/Xcode.app/Contents/Developer/Toolchains/XcodeDefault.xctoolchain/usr/bin/cc 
Build flags: 
Id flags: -c 

The output was:
0


Compilation of the C compiler identification source "CMakeCCompilerId.c" produced "CMakeCCompilerId.o"

The C compiler identification is AppleClang, found in "/Users/jocastab/Projects/CPP3_BrickGame_v2.0/build/CMakeFiles/3.23.0/CompilerIdC/CMakeCCompilerId.o"

Compiling the CXX compiler identification source file "CMakeCXXCompilerId.cpp" succeeded.
Compiler: /Applications/Xcode.app/Contents/Developer/Toolchains/XcodeDefault.xctoolchain/usr/bin/c++ 
Build flags: 
Id flags: -c 

The output was:
0


Compilation of the CXX compiler identification source "CMakeCXXCompilerId.cpp" produced "CMakeCXXCompilerId.o"

The CXX compiler identification is AppleClang, found in "/Users/jocastab/Projects/CPP3_BrickGame_v2.0/build/CMakeFiles/3.23.0/CompilerIdCXX/CMakeCXXCompilerId.o"

Detecting C compiler ABI info compiled with the following output:
Change Dir: /Users/jocastab/Projects/CPP3_BrickGame_v2.0/build/CMakeFiles/CMakeTmp

Run Build Command(s):/usr/bin/make -f Makefile cmTC_1e8a4/fast && /Applications/Xcode.app/Contents/Developer/usr/bin/make  -f CMakeFiles/cmTC_1e8a4.dir/build.make CMakeFiles/cmTC_1e8a4.dir/build
Building C object CMakeFiles/cmTC_1e8a4.dir/CMakeCCompilerABI.c.o
/Applications/Xcode.app/Contents/Developer/Toolchains/XcodeDefault.xctoolchain/usr/bin/cc   -isysroot /Applications/Xcode.app/Contents/Developer/Platforms/MacOSX.platform/Developer/SDKs/MacOSX14.2.sdk -mmacosx-version-min=13.6   -v -Wl,-v -MD -MT CMakeFiles/cmTC_1e8a4.dir/CMakeCCompilerABI.c.o -MF CMakeFiles/cmTC_1e8a4.dir/CMakeCCompilerABI.c.o.d -o CMakeFiles/cmTC_1e8a4.dir/CMakeCCompilerABI.c.o -c /usr/local/share/cmake/Modules/CMakeCCompilerABI.c
Apple clang version 15.0.0 (clang-1500.1.0.2.5)
Target: x86_64-apple-darwin22.6.0
Thread model: posix
InstalledDir: /Applications/Xcode.app/Contents/Developer/Toolchains/XcodeDefault.xctoolchain/usr/bin
clang: warning: -Wl,-v: 'linker' input unused [-Wunused-command-line-argument]
 "/Applications/Xcode.app/Contents/Developer/Toolchains/XcodeDefault.xctoolchain/usr/bin/clang" -cc1 -triple x86_64-apple-macosx13.6.0 -Wundef-prefix=TARGET_OS_ -Wdeprecated-objc-isa-usage -Werror=deprecated-objc-isa-usage -Werror=implicit-function-declaration -emit-obj -mrelax-all --mrelax-relocations -disable-free -clear-ast-before-backend -disable-llvm-verifier -discard-value-names -main-file-name CMakeCCompilerABI.c -mrelocation-model pic -pic-level 2 -mframe-pointer=all -fno-strict-return -ffp-contract=on -fno-rounding-math -funwind-tables=2 -target-sdk-version=14.2 -fvisibility-inlines-hidden-static-local-var -target-cpu penryn -tune-cpu generic -mllvm -treat-scalable-fixed-error-as-warning -debugger-tuning=lldb -target-linker-version 1022.1 -v -fcoverage-compilation-dir=/Users/jocastab/Projects/CPP3_BrickGame_v2.0/build/CMakeFiles/CMakeTmp -resource-dir /Applications/Xcode.app/Contents/Developer/Toolchains/XcodeDefault.xctoolchain/usr/lib/clang/15.0.0 -dependency-file CMakeFiles/cmTC_1e8a4.dir/CMakeCCompilerABI.c.o.d -skip-unused-modulemap-deps -MT CMakeFiles/cmTC_1e8a4.dir/CMakeCCompilerABI.c.o -sys-header-deps -isysroot /Applications/Xcode.app/Contents/Developer/Platforms/MacOSX.platform/Developer/SDKs/MacOSX14.2.sdk -c-isystem /usr/local/include/ -cxx-isystem /usr/local/include/ -internal-isystem /Applications/Xcode.app/Contents/Developer/Platforms/MacOSX.platform/Developer/SDKs/MacOSX14.2.sdk/usr/local/include -internal-isystem /Applications/Xcode.app/Contents/Developer/Toolchains/XcodeDefault.xctoolchain/usr/lib/clang/15.0.0/include -internal-externc-isystem /Applications/Xcode.app/Contents/Developer/Platforms/MacOSX.platform/Developer/SDKs/MacOSX14.2.sdk/usr/include -internal-externc-isystem /Applications/Xcode.app/Contents/Developer/Toolchains/XcodeDefault.xctoolchain/usr/include -Wno-reorder-init-list -Wno-implicit-int-float-conversion -Wno-c99-designator -Wno-final-dtor-non-final-class -Wno-extra-semi-stmt -Wno-misleading-indentation -Wno-quoted-include-in-framework-header -Wno-implicit-fallthrough -Wno-enum-enum-conversion -Wno-enum-float-conversion -Wno-elaborated-enum-base -Wno-reserved-identifier -Wno-gnu-folding-constant -fdebug-compilation-dir=/Users/jocastab/Projects/CPP3_BrickGame_v2.0/build/CMakeFiles/CMakeTmp -ferror-limit 19 -stack-protector 1 -fstack-check -mdarwin-stkchk-strong-link -fblocks -fencode-extended-block-signature -fregister-global-dtors-with-atexit -fgnuc-version=4.2.1 -fmax-type-align=16 -fcommon -clang-vendor-feature=+disableNonDependentMemberExprInCurrentInstantiation -fno-odr-hash-protocols -clang-vendor-feature=+enableAggressiveVLAFolding -clang-vendor-feature=+revert09abecef7bbf -clang-vendor-feature=+thisNoAlignAttr -clang-vendor-feature=+thisNoNullAttr -mllvm -disable-aligned-alloc-awareness=1 -D__GCC_HAVE_DWARF2_CFI_ASM=1 -o CMakeFiles/cmTC_1e8a4.dir/CMakeCCompilerABI.c.o -x c /usr/local/share/cmake/Modules/CMakeCCompilerABI.c
clang -cc1 version 15.0.0 (clang-1500.1.0.2.5) default target x86_64-apple-darwin22.6.0
ignoring nonexistent directory "/Applications/Xcode.app/Contents/Developer/Platforms/MacOSX.platform/Developer/SDKs/MacOSX14.2.sdk/usr/local/include"
ignoring nonexistent directory "/Applications/Xcode.app/Contents/Developer/Platforms/MacOSX.platform/Developer/SDKs/MacOSX14.2.sdk/Library/Frameworks"
#include "..." search starts here:
#include <...> search starts here:
 /usr/local/include
 /Applications/Xcode.app/Contents/Developer/Toolchains/XcodeDefault.xctoolchain/usr/lib/clang/15.0.0/include
 /Applications/Xcode.app/Contents/Developer/Platforms/MacOSX.platform/Developer/SDKs/MacOSX14.2.sdk/usr/include
 /Applications/Xcode.app/Contents/Developer/Toolchains/XcodeDefault.xctoolchain/usr/include
 /Applications/Xcode.app/Contents/Developer/Platforms/MacOSX.platform/Developer/SDKs/MacOSX14.2.sdk/System/Library/Frameworks (framework directory)
End of search list.
Linking C executable cmTC_1e8a4
/usr/local/bin/cmake -E cmake_link_script CMakeFiles/cmTC_1e8a4.dir/link.txt --verbose=1
/Applications/Xcode.app/Contents/Developer/Toolchains/XcodeDefault.xctoolchain/usr/bin/cc  -isysroot /Applications/Xcode.app/Contents/Developer/Platforms/MacOSX.platform/Developer/SDKs/MacOSX14.2.sdk -mmacosx-version-min=13.6 -Wl,-search_paths_first -Wl,-headerpad_max_install_names  -v -Wl,-v CMakeFiles/cmTC_1e8a4.dir/CMakeCCompilerABI.c.o -o cmTC_1e8a4 
Apple clang version 15.0.0 (clang-1500.1.0.2.5)
Target: x86_64-apple-darwin22.6.0
Thread model: posix
InstalledDir: /Applications/Xcode.app/Contents/Developer/Toolchains/XcodeDefault.xctoolchain/usr/bin
 "/Applications/Xcode.app/Contents/Developer/Toolchains/XcodeDefault.xctoolchain/usr/bin/ld" -demangle -lto_library /Applications/Xcode.app/Contents/Developer/Toolchains/XcodeDefault.xctoolchain/usr/lib/libLTO.dylib -dynamic -arch x86_64 -platform_version macos 13.6.0 14.2 -syslibroot /Applications/Xcode.app/Contents/Developer/Platforms/MacOSX.platform/Developer/SDKs/MacOSX14.2.sdk -o cmTC_1e8a4 -L/usr/local/Cellar/check/0.15.2/lib -L/usr/local/lib -search_paths_first -headerpad_max_install_names -v CMakeFiles/cmTC_1e8a4.dir/CMakeCCompilerABI.c.o -lSystem /Applications/Xcode.app/Contents/Developer/Toolchains/XcodeDefault.xctoolchain/usr/lib/clang/15.0.0/lib/darwin/libclang_rt.osx.a
@(#)PROGRAM:ld  PROJECT:dyld-1022.1
BUILD 05:26:33 Dec  7 2023
configured to support archs: armv6 armv7 armv7s arm64 arm64e arm64_32 i386 x86_64 x86_64h
will use ld-classic for: armv6 armv7 armv7s arm64_32 i386 armv6m armv7k armv7m armv7em
LTO support using: LLVM version 15.0.0 (static support for 29, runtime is 29)
TAPI support using: Apple TAPI version 15.0.0 (tapi-1500.0.12.8)
Library search paths:
	/usr/local/Cellar/check/0.15.2/lib
	/usr/local/lib
Framework search paths:



Parsed C implicit include dir info from above output: rv=done
  found start of include info
  found start of implicit include info
    add: [/usr/local/include]
    add: [/Applications/Xcode.app/Contents/Developer/Toolchains/XcodeDefault.xctoolchain/usr/lib/clang/15.0.0/include]
    add: [/Applications/Xcode.app/Contents/Developer/Platforms/MacOSX.platform/Developer/SDKs/MacOSX14.2.sdk/usr/include]
    add: [/Applications/Xcode.app/Contents/Developer/Toolchains/XcodeDefault.xctoolchain/usr/include]
  end of search list found
  collapse include dir [/usr/local/include] ==> [/usr/local/include]
  collapse include dir [/Applications/Xcode.app/Contents/Developer/Toolchains/XcodeDefault.xctoolchain/usr/lib/clang/15.0.0/include] ==> [/Applications/Xcode.app/Contents/Developer/Toolchains/XcodeDefault.xctoolchain/usr/lib/clang/15.0.0/include]
  collapse include dir [/Applications/Xcode.app/Contents/Developer/Platforms/MacOSX.platform/Developer/SDKs/MacOSX14.2.sdk/usr/include] ==> [/Applications/Xcode.app/Contents/Developer/Platforms/MacOSX.platform/Developer/SDKs/MacOSX14.2.sdk/usr/include]
  collapse include dir [/Applications/Xcode.app/Contents/Developer/Toolchains/XcodeDefault.xctoolchain/usr/include] ==> [/Applications/Xcode.app/Contents/Developer/Toolchains/XcodeDefault.xctoolchain/usr/include]
  implicit include dirs: [/usr/local/include;/Applications/Xcode.app/Contents/Developer/Toolchains/XcodeDefault.xctoolchain/usr/lib/clang/15.0.0/include;/Applications/Xcode.app/Contents/Developer/Platforms/MacOSX.platform/Developer/SDKs/MacOSX14.2.sdk/usr/include;/Applications/Xcode.app/Contents/Developer/Toolchains/XcodeDefault.xctoolchain/usr/include]


Parsed C implicit link information from above output:
  link line regex: [^( *|.*[/\])(ld|CMAKE_LINK_STARTFILE-NOTFOUND|([^/\]+-)?ld|collect2)[^/\]*( |$)]
  ignore line: [Change Dir: /Users/jocastab/Projects/CPP3_BrickGame_v2.0/build/CMakeFiles/CMakeTmp]
  ignore line: []
  ignore line: [Run Build Command(s):/usr/bin/make -f Makefile cmTC_1e8a4/fast && /Applications/Xcode.app/Contents/Developer/usr/bin/make  -f CMakeFiles/cmTC_1e8a4.dir/build.make CMakeFiles/cmTC_1e8a4.dir/build]
  ignore line: [Building C object CMakeFiles/cmTC_1e8a4.dir/CMakeCCompilerABI.c.o]
  ignore line: [/Applications/Xcode.app/Contents/Developer/Toolchains/XcodeDefault.xctoolchain/usr/bin/cc   -isysroot /Applications/Xcode.app/Contents/Developer/Platforms/MacOSX.platform/Developer/SDKs/MacOSX14.2.sdk -mmacosx-version-min=13.6   -v -Wl -v -MD -MT CMakeFiles/cmTC_1e8a4.dir/CMakeCCompilerABI.c.o -MF CMakeFiles/cmTC_1e8a4.dir/CMakeCCompilerABI.c.o.d -o CMakeFiles/cmTC_1e8a4.dir/CMakeCCompilerABI.c.o -c /usr/local/share/cmake/Modules/CMakeCCompilerABI.c]
  ignore line: [Apple clang version 15.0.0 (clang-1500.1.0.2.5)]
  ignore line: [Target: x86_64-apple-darwin22.6.0]
  ignore line: [Thread model: posix]
  ignore line: [InstalledDir: /Applications/Xcode.app/Contents/Developer/Toolchains/XcodeDefault.xctoolchain/usr/bin]
  ignore line: [clang: warning: -Wl -v: 'linker' input unused [-Wunused-command-line-argument]]
  ignore line: [ "/Applications/Xcode.app/Contents/Developer/Toolchains/XcodeDefault.xctoolchain/usr/bin/clang" -cc1 -triple x86_64-apple-macosx13.6.0 -Wundef-prefix=TARGET_OS_ -Wdeprecated-objc-isa-usage -Werror=deprecated-objc-isa-usage -Werror=implicit-function-declaration -emit-obj -mrelax-all --mrelax-relocations -disable-free -clear-ast-before-backend -disable-llvm-verifier -discard-value-names -main-file-name CMakeCCompilerABI.c -mrelocation-model pic -pic-level 2 -mframe-pointer=all -fno-strict-return -ffp-contract=on -fno-rounding-math -funwind-tables=2 -target-sdk-version=14.2 -fvisibility-inlines-hidden-static-local-var -target-cpu penryn -tune-cpu generic -mllvm -treat-scalable-fixed-error-as-warning -debugger-tuning=lldb -target-linker-version 1022.1 -v -fcoverage-compilation-dir=/Users/jocastab/Projects/CPP3_BrickGame_v2.0/build/CMakeFiles/CMakeTmp -resource-dir /Applications/Xcode.app/Contents/Developer/Toolchains/XcodeDefault.xctoolchain/usr/lib/clang/15.0.0 -dependency-file CMakeFiles/cmTC_1e8a4.dir/CMakeCCompilerABI.c.o.d -skip-unused-modulemap-deps -MT CMakeFiles/cmTC_1e8a4.dir/CMakeCCompilerABI.c.o -sys-header-deps -isysroot /Applications/Xcode.app/Contents/Developer/Platforms/MacOSX.platform/Developer/SDKs/MacOSX14.2.sdk -c-isystem /usr/local/include/ -cxx-isystem /usr/local/include/ -internal-isystem /Applications/Xcode.app/Contents/Developer/Platforms/MacOSX.platform/Developer/SDKs/MacOSX14.2.sdk/usr/local/include -internal-isystem /Applications/Xcode.app/Contents/Developer/Toolchains/XcodeDefault.xctoolchain/usr/lib/clang/15.0.0/include -internal-externc-isystem /Applications/Xcode.app/Contents/Developer/Platforms/MacOSX.platform/Developer/SDKs/MacOSX14.2.sdk/usr/include -internal-externc-isystem /Applications/Xcode.app/Contents/Developer/Toolchains/XcodeDefault.xctoolchain/usr/include -Wno-reorder-init-list -Wno-implicit-int-float-conversion -Wno-c99-designator -Wno-final-dtor-non-final-class -Wno-extra-semi-stmt -Wno-misleading-indentation -Wno-quoted-include-in-framework-header -Wno-implicit-fallthrough -Wno-enum-enum-conversion -Wno-enum-float-conversion -Wno-elaborated-enum-base -Wno-reserved-identifier -Wno-gnu-folding-constant -fdebug-compilation-dir=/Users/jocastab/Projects/CPP3_BrickGame_v2.0/build/CMakeFiles/CMakeTmp -ferror-limit 19 -stack-protector 1 -fstack-check -mdarwin-stkchk-strong-link -fblocks -fencode-extended-block-signature -fregister-global-dtors-with-atexit -fgnuc-version=4.2.1 -fmax-type-align=16 -fcommon -clang-vendor-feature=+disableNonDependentMemberExprInCurrentInstantiation -fno-odr-hash-protocols -clang-vendor-feature=+enableAggressiveVLAFolding -clang-vendor-feature=+revert09abecef7bbf -clang-vendor-feature=+thisNoAlignAttr -clang-vendor-feature=+thisNoNullAttr -mllvm -disable-aligned-alloc-awareness=1 -D__GCC_HAVE_DWARF2_CFI_ASM=1 -o CMakeFiles/cmTC_1e8a4.dir/CMakeCCompilerABI.c.o -x c /usr/local/share/cmake/Modules/CMakeCCompilerABI.c]
  ignore line: [clang -cc1 version 15.0.0 (clang-1500.1.0.2.5) default target x86_64-apple-darwin22.6.0]
  ignore line: [ignoring nonexistent directory "/Applications/Xcode.app/Contents/Developer/Platforms/MacOSX.platform/Developer/SDKs/MacOSX14.2.sdk/usr/local/include"]
  ignore line: [ignoring nonexistent directory "/Applications/Xcode.app/Contents/Developer/Platforms/MacOSX.platform/Developer/SDKs/MacOSX14.2.sdk/Library/Frameworks"]
  ignore line: [#include "..." search starts here:]
  ignore line: [#include <...> search starts here:]
  ignore line: [ /usr/local/include]
  ignore line: [ /Applications/Xcode.app/Contents/Developer/Toolchains/XcodeDefault.xctoolchain/usr/lib/clang/15.0.0/include]
  ignore line: [ /Applications/Xcode.app/Contents/Developer/Platforms/MacOSX.platform/Developer/SDKs/MacOSX14.2.sdk/usr/include]
  ignore line: [ /Applications/Xcode.app/Contents/Developer/Toolchains/XcodeDefault.xctoolchain/usr/include]
  ignore line: [ /Applications/Xcode.app/Contents/Developer/Platforms/MacOSX.platform/Developer/SDKs/MacOSX14.2.sdk/System/Library/Frameworks (framework directory)]
  ignore line: [End of search list.]
  ignore line: [Linking C executable cmTC_1e8a4]
  ignore line: [/usr/local/bin/cmake -E cmake_link_script CMakeFiles/cmTC_1e8a4.dir/link.txt --verbose=1]
  ignore line: [/Applications/Xcode.app/Contents/Developer/Toolchains/XcodeDefault.xctoolchain/usr/bin/cc  -isysroot /Applications/Xcode.app/Contents/Developer/Platforms/MacOSX.platform/Developer/SDKs/MacOSX14.2.sdk -mmacosx-version-min=13.6 -Wl -search_paths_first -Wl -headerpad_max_install_names  -v -Wl -v CMakeFiles/cmTC_1e8a4.dir/CMakeCCompilerABI.c.o -o cmTC_1e8a4 ]
  ignore line: [Apple clang version 15.0.0 (clang-1500.1.0.2.5)]
  ignore line: [Target: x86_64-apple-darwin22.6.0]
  ignore line: [Thread model: posix]
  ignore line: [InstalledDir: /Applications/Xcode.app/Contents/Developer/Toolchains/XcodeDefault.xctoolchain/usr/bin]
  link line: [ "/Applications/Xcode.app/Contents/Developer/Toolchains/XcodeDefault.xctoolchain/usr/bin/ld" -demangle -lto_library /Applications/Xcode.app/Contents/Developer/Toolchains/XcodeDefault.xctoolchain/usr/lib/libLTO.dylib -dynamic -arch x86_64 -platform_version macos 13.6.0 14.2 -syslibroot /Applications/Xcode.app/Contents/Developer/Platforms/MacOSX.platform/Developer/SDKs/MacOSX14.2.sdk -o cmTC_1e8a4 -L/usr/local/Cellar/check/0.15.2/lib -L/usr/local/lib -search_paths_first -headerpad_max_install_names -v CMakeFiles/cmTC_1e8a4.dir/CMakeCCompilerABI.c.o -lSystem /Applications/Xcode.app/Contents/Developer/Toolchains/XcodeDefault.xctoolchain/usr/lib/clang/15.0.0/lib/darwin/libclang_rt.osx.a]
    arg [/Applications/Xcode.app/Contents/Developer/Toolchains/XcodeDefault.xctoolchain/usr/bin/ld] ==> ignore
    arg [-demangle] ==> ignore
    arg [-lto_library] ==> ignore, skip following value
    arg [/Applications/Xcode.app/Contents/Developer/Toolchains/XcodeDefault.xctoolchain/usr/lib/libLTO.dylib] ==> skip value of -lto_library
    arg [-dynamic] ==> ignore
    arg [-arch] ==> ignore
    arg [x86_64] ==> ignore
    arg [-platform_version] ==> ignore
    arg [macos] ==> ignore
    arg [13.6.0] ==> ignore
    arg [14.2] ==> ignore
    arg [-syslibroot] ==> ignore
    arg [/Applications/Xcode.app/Contents/Developer/Platforms/MacOSX.platform/Developer/SDKs/MacOSX14.2.sdk] ==> ignore
    arg [-o] ==> ignore
    arg [cmTC_1e8a4] ==> ignore
    arg [-L/usr/local/Cellar/check/0.15.2/lib] ==> dir [/usr/local/Cellar/check/0.15.2/lib]
    arg [-L/usr/local/lib] ==> dir [/usr/local/lib]
    arg [-search_paths_first] ==> ignore
    arg [-headerpad_max_install_names] ==> ignore
    arg [-v] ==> ignore
    arg [CMakeFiles/cmTC_1e8a4.dir/CMakeCCompilerABI.c.o] ==> ignore
    arg [-lSystem] ==> lib [System]
    arg [/Applications/Xcode.app/Contents/Developer/Toolchains/XcodeDefault.xctoolchain/usr/lib/clang/15.0.0/lib/darwin/libclang_rt.osx.a] ==> lib [/Applications/Xcode.app/Contents/Developer/Toolchains/XcodeDefault.xctoolchain/usr/lib/clang/15.0.0/lib/darwin/libclang_rt.osx.a]
  Library search paths: [;/usr/local/Cellar/check/0.15.2/lib;/usr/local/lib]
  remove lib [System]
  remove lib [/Applications/Xcode.app/Contents/Developer/Toolchains/XcodeDefault.xctoolchain/usr/lib/clang/15.0.0/lib/darwin/libclang_rt.osx.a]
  collapse library dir [/usr/local/Cellar/check/0.15.2/lib] ==> [/usr/local/Cellar/check/0.15.2/lib]
  collapse library dir [/usr/local/lib] ==> [/usr/local/lib]
  collapse library dir [/usr/local/Cellar/check/0.15.2/lib] ==> [/usr/local/Cellar/check/0.15.2/lib]
  collapse library dir [/usr/local/lib] ==> [/usr/local/lib]
  implicit libs: []
  implicit objs: []
  implicit dirs: [/usr/local/Cellar/check/0.15.2/lib;/usr/local/lib]
  implicit fwks: []


Detecting CXX compiler ABI info compiled with the following output:
Change Dir: /Users/jocastab/Projects/CPP3_BrickGame_v2.0/build/CMakeFiles/CMakeTmp

Run Build Command(s):/usr/bin/make -f Makefile cmTC_2445d/fast && /Applications/Xcode.app/Contents/Developer/usr/bin/make  -f CMakeFiles/cmTC_2445d.dir/build.make CMakeFiles/cmTC_2445d.dir/build
Building CXX object CMakeFiles/cmTC_2445d.dir/CMakeCXXCompilerABI.cpp.o
/Applications/Xcode.app/Contents/Developer/Toolchains/XcodeDefault.xctoolchain/usr/bin/c++   -isysroot /Applications/Xcode.app/Contents/Developer/Platforms/MacOSX.platform/Developer/SDKs/MacOSX14.2.sdk -mmacosx-version-min=13.6   -v -Wl,-v -MD -MT CMakeFiles/cmTC_2445d.dir/CMakeCXXCompilerABI.cpp.o -MF CMakeFiles/cmTC_2445d.dir/CMakeCXXCompilerABI.cpp.o.d -o CMakeFiles/cmTC_2445d.dir/CMakeCXXCompilerABI.cpp.o -c /usr/local/share/cmake/Modules/CMakeCXXCompilerABI.cpp
Apple clang version 15.0.0 (clang-1500.1.0.2.5)
Target: x86_64-apple-darwin22.6.0
Thread model: posix
InstalledDir: /Applications/Xcode.app/Contents/Developer/Toolchains/XcodeDefault.xctoolchain/usr/bin
clang: warning: -Wl,-v: 'linker' input unused [-Wunused-command-line-argument]
 "/Applications/Xcode.app/Contents/Developer/Toolchains/XcodeDefault.xctoolchain/usr/bin/clang" -cc1 -triple x86_64-apple-macosx13.6.0 -Wundef-prefix=TARGET_OS_ -Wdeprecated-objc-isa-usage -Werror=deprecated-objc-isa-usage -Werror=implicit-function-declaration -emit-obj -mrelax-all --mrelax-relocations -disable-free -clear-ast-before-backend -disable-llvm-verifier -discard-value-names -main-file-name CMakeCXXCompilerABI.cpp -mrelocation-model pic -pic-level 2 -mframe-pointer=all -fno-strict-return -ffp-contract=on -fno-rounding-math -funwind-tables=2 -target-sdk-version=14.2 -fvisibility-inlines-hidden-static-local-var -target-cpu penryn -tune-cpu generic -mllvm -treat-scalable-fixed-error-as-warning -debugger-tuning=lldb -target-linker-version 1022.1 -v -fcoverage-compilation-dir=/Users/jocastab/Projects/CPP3_BrickGame_v2.0/build/CMakeFiles/CMakeTmp -resource-dir /Applications/Xcode.app/Contents/Developer/Toolchains/XcodeDefault.xctoolchain/usr/lib/clang/15.0.0 -dependency-file CMakeFiles/cmTC_2445d.dir/CMakeCXXCompilerABI.cpp.o.d -skip-unused-modulemap-deps -MT CMakeFiles/cmTC_2445d.dir/CMakeCXXCompilerABI.cpp.o -sys-header-deps -isysroot /Applications/Xcode.app/Contents/Developer/Platforms/MacOSX.platform/Developer/SDKs/MacOSX14.2.sdk -c-isystem /usr/local/include/ -cxx-isystem /usr/local/include/ -internal-isystem /Applications/Xcode.app/Contents/Developer/Platforms/MacOSX.platform/Developer/SDKs/MacOSX14.2.sdk/usr/include/c++/v1 -internal-isystem /Applications/Xcode.app/Contents/Developer/Platforms/MacOSX.platform/Developer/SDKs/MacOSX14.2.sdk/usr/local/include -internal-isystem /Applications/Xcode.app/Contents/Developer/Toolchains/XcodeDefault.xctoolchain/usr/lib/clang/15.0.0/include -internal-externc-isystem /Applications/Xcode.app/Contents/Developer/Platforms/MacOSX.platform/Developer/SDKs/MacOSX14.2.sdk/usr/include -internal-externc-isystem /Applications/Xcode.app/Contents/Developer/Toolchains/XcodeDefault.xctoolchain/usr/include -Wno-reorder-init-list -Wno-implicit-int-float-conversion -Wno-c99-designator -Wno-final-dtor-non-final-class -Wno-extra-semi-stmt -Wno-misleading-indentation -Wno-quoted-include-in-framework-header -Wno-implicit-fallthrough -Wno-enum-enum-conversion -Wno-enum-float-conversion -Wno-elaborated-enum-base -Wno-reserved-identifier -Wno-gnu-folding-constant -fdeprecated-macro -fdebug-compilation-dir=/Users/jocastab/Projects/CPP3_BrickGame_v2.0/build/CMakeFiles/CMakeTmp -ferror-limit 19 -stack-protector 1 -fstack-check -mdarwin-stkchk-strong-link -fblocks -fencode-extended-block-signature -fregister-global-dtors-with-atexit -fgnuc-version=4.2.1 -fno-cxx-modules -fcxx-exceptions -fexceptions -fmax-type-align=16 -fcommon -clang-vendor-feature=+disableNonDependentMemberExprInCurrentInstantiation -fno-odr-hash-protocols -clang-vendor-feature=+enableAggressiveVLAFolding -clang-vendor-feature=+revert09abecef7bbf -clang-vendor-feature=+thisNoAlignAttr -clang-vendor-feature=+thisNoNullAttr -mllvm -disable-aligned-alloc-awareness=1 -D__GCC_HAVE_DWARF2_CFI_ASM=1 -o CMakeFiles/cmTC_2445d.dir/CMakeCXXCompilerABI.cpp.o -x c++ /usr/local/share/cmake/Modules/CMakeCXXCompilerABI.cpp
clang -cc1 version 15.0.0 (clang-1500.1.0.2.5) default target x86_64-apple-darwin22.6.0
ignoring nonexistent directory "/Applications/Xcode.app/Contents/Developer/Platforms/MacOSX.platform/Developer/SDKs/MacOSX14.2.sdk/usr/local/include"
ignoring nonexistent directory "/Applications/Xcode.app/Contents/Developer/Platforms/MacOSX.platform/Developer/SDKs/MacOSX14.2.sdk/Library/Frameworks"
#include "..." search starts here:
#include <...> search starts here:
 /usr/local/include
 /Applications/Xcode.app/Contents/Developer/Platforms/MacOSX.platform/Developer/SDKs/MacOSX14.2.sdk/usr/include/c++/v1
 /Applications/Xcode.app/Contents/Developer/Toolchains/XcodeDefault.xctoolchain/usr/lib/clang/15.0.0/include
 /Applications/Xcode.app/Contents/Developer/Platforms/MacOSX.platform/Developer/SDKs/MacOSX14.2.sdk/usr/include
 /Applications/Xcode.app/Contents/Developer/Toolchains/XcodeDefault.xctoolchain/usr/include
 /Applications/Xcode.app/Contents/Developer/Platforms/MacOSX.platform/Developer/SDKs/MacOSX14.2.sdk/System/Library/Frameworks (framework directory)
End of search list.
Linking CXX executable cmTC_2445d
/usr/local/bin/cmake -E cmake_link_script CMakeFiles/cmTC_2445d.dir/link.txt --verbose=1
/Applications/Xcode.app/Contents/Developer/Toolchains/XcodeDefault.xctoolchain/usr/bin/c++  -isysroot /Applications/Xcode.app/Contents/Developer/Platforms/MacOSX.platform/Developer/SDKs/MacOSX14.2.sdk -mmacosx-version-min=13.6 -Wl,-search_paths_first -Wl,-headerpad_max_install_names  -v -Wl,-v CMakeFiles/cmTC_2445d.dir/CMakeCXXCompilerABI.cpp.o -o cmTC_2445d 
Apple clang version 15.0.0 (clang-1500.1.0.2.5)
Target: x86_64-apple-darwin22.6.0
Thread model: posix
InstalledDir: /Applications/Xcode.app/Contents/Developer/Toolchains/XcodeDefault.xctoolchain/usr/bin
 "/Applications/Xcode.app/Contents/Developer/Toolchains/XcodeDefault.xctoolchain/usr/bin/ld" -demangle -lto_library /Applications/Xcode.app/Contents/Developer/Toolchains/XcodeDefault.xctoolchain/usr/lib/libLTO.dylib -dynamic -arch x86_64 -platform_version macos 13.6.0 14.2 -syslibroot /Applications/Xcode.app/Contents/Developer/Platforms/MacOSX.platform/Developer/SDKs/MacOSX14.2.sdk -o cmTC_2445d -L/usr/local/Cellar/check/0.15.2/lib -L/usr/local/lib -search_paths_first -headerpad_max_install_names -v CMakeFiles/cmTC_2445d.dir/CMakeCXXCompilerABI.cpp.o -lc++ -lSystem /Applications/Xcode.app/Contents/Developer/Toolchains/XcodeDefault.xctoolchain/usr/lib/clang/15.0.0/lib/darwin/libclang_rt.osx.a
@(#)PROGRAM:ld  PROJECT:dyld-1022.1
BUILD 05:26:33 Dec  7 2023
configured to support archs: armv6 armv7 armv7s arm64 arm64e arm64_32 i386 x86_64 x86_64h
will use ld-classic for: armv6 armv7 armv7s arm64_32 i386 armv6m armv7k armv7m armv7em
LTO support using: LLVM version 15.0.0 (static support for 29, runtime is 29)
TAPI support using: Apple TAPI version 15.0.0 (tapi-1500.0.12.8)
Library search paths:
	/usr/local/Cellar/check/0.15.2/lib
	/usr/local/lib
Framework search paths:



Parsed CXX implicit include dir info from above output: rv=done
  found start of include info
  found start of implicit include info
    add: [/usr/local/include]
    add: [/Applications/Xcode.app/Contents/Developer/Platforms/MacOSX.platform/Developer/SDKs/MacOSX14.2.sdk/usr/include/c++/v1]
    add: [/Applications/Xcode.app/Contents/Developer/Toolchains/XcodeDefault.xctoolchain/usr/lib/clang/15.0.0/include]
    add: [/Applications/Xcode.app/Contents/Developer/Platforms/MacOSX.platform/Developer/SDKs/MacOSX14.2.sdk/usr/include]
    add: [/Applications/Xcode.app/Contents/Developer/Toolchains/XcodeDefault.xctoolchain/usr/include]
  end of search list found
  collapse include dir [/usr/local/include] ==> [/usr/local/include]
  collapse include dir [/Applications/Xcode.app/Contents/Developer/Platforms/MacOSX.platform/Developer/SDKs/MacOSX14.2.sdk/usr/include/c++/v1] ==> [/Applications/Xcode.app/Contents/Developer/Platforms/MacOSX.platform/Developer/SDKs/MacOSX14.2.sdk/usr/include/c++/v1]
  collapse include dir [/Applications/Xcode.app/Contents/Developer/Toolchains/XcodeDefault.xctoolchain/usr/lib/clang/15.0.0/include] ==> [/Applications/Xcode.app/Contents/Developer/Toolchains/XcodeDefault.xctoolchain/usr/lib/clang/15.0.0/include]
  collapse include dir [/Applications/Xcode.app/Contents/Developer/Platforms/MacOSX.platform/Developer/SDKs/MacOSX14.2.sdk/usr/include] ==> [/Applications/Xcode.app/Contents/Developer/Platforms/MacOSX.platform/Developer/SDKs/MacOSX14.2.sdk/usr/include]
  collapse include dir [/Applications/Xcode.app/Contents/Developer/Toolchains/XcodeDefault.xctoolchain/usr/include] ==> [/Applications/Xcode.app/Contents/Developer/Toolchains/XcodeDefault.xctoolchain/usr/include]
  implicit include dirs: [/usr/local/include;/Applications/Xcode.app/Contents/Developer/Platforms/MacOSX.platform/Developer/SDKs/MacOSX14.2.sdk/usr/include/c++/v1;/Applications/Xcode.app/Contents/Developer/Toolchains/XcodeDefault.xctoolchain/usr/lib/clang/15.0.0/include;/Applications/Xcode.app/Contents/Developer/Platforms/MacOSX.platform/Developer/SDKs/MacOSX14.2.sdk/usr/include;/Applications/Xcode.app/Contents/Developer/Toolchains/XcodeDefault.xctoolchain/usr/include]


Parsed CXX implicit link information from above output:
  link line regex: [^( *|.*[/\])(ld|CMAKE_LINK_STARTFILE-NOTFOUND|([^/\]+-)?ld|collect2)[^/\]*( |$)]
  ignore line: [Change Dir: /Users/jocastab/Projects/CPP3_BrickGame_v2.0/build/CMakeFiles/CMakeTmp]
  ignore line: []
  ignore line: [Run Build Command(s):/usr/bin/make -f Makefile cmTC_2445d/fast && /Applications/Xcode.app/Contents/Developer/usr/bin/make  -f CMakeFiles/cmTC_2445d.dir/build.make CMakeFiles/cmTC_2445d.dir/build]
  ignore line: [Building CXX object CMakeFiles/cmTC_2445d.dir/CMakeCXXCompilerABI.cpp.o]
  ignore line: [/Applications/Xcode.app/Contents/Developer/Toolchains/XcodeDefault.xctoolchain/usr/bin/c++   -isysroot /Applications/Xcode.app/Contents/Developer/Platforms/MacOSX.platform/Developer/SDKs/MacOSX14.2.sdk -mmacosx-version-min=13.6   -v -Wl -v -MD -MT CMakeFiles/cmTC_2445d.dir/CMakeCXXCompilerABI.cpp.o -MF CMakeFiles/cmTC_2445d.dir/CMakeCXXCompilerABI.cpp.o.d -o CMakeFiles/cmTC_2445d.dir/CMakeCXXCompilerABI.cpp.o -c /usr/local/share/cmake/Modules/CMakeCXXCompilerABI.cpp]
  ignore line: [Apple clang version 15.0.0 (clang-1500.1.0.2.5)]
  ignore line: [Target: x86_64-apple-darwin22.6.0]
  ignore line: [Thread model: posix]
  ignore line: [InstalledDir: /Applications/Xcode.app/Contents/Developer/Toolchains/XcodeDefault.xctoolchain/usr/bin]
  ignore line: [clang: warning: -Wl -v: 'linker' input unused [-Wunused-command-line-argument]]
  ignore line: [ "/Applications/Xcode.app/Contents/Developer/Toolchains/XcodeDefault.xctoolchain/usr/bin/clang" -cc1 -triple x86_64-apple-macosx13.6.0 -Wundef-prefix=TARGET_OS_ -Wdeprecated-objc-isa-usage -Werror=deprecated-objc-isa-usage -Werror=implicit-function-declaration -emit-obj -mrelax-all --mrelax-relocations -disable-free -clear-ast-before-backend -disable-llvm-verifier -discard-value-names -main-file-name CMakeCXXCompilerABI.cpp -mrelocation-model pic -pic-level 2 -mframe-pointer=all -fno-strict-return -ffp-contract=on -fno-rounding-math -funwind-tables=2 -target-sdk-version=14.2 -fvisibility-inlines-hidden-static-local-var -target-cpu penryn -tune-cpu generic -mllvm -treat-scalable-fixed-error-as-warning -debugger-tuning=lldb -target-linker-version 1022.1 -v -fcoverage-compilation-dir=/Users/jocastab/Projects/CPP3_BrickGame_v2.0/build/CMakeFiles/CMakeTmp -resource-dir /Applications/Xcode.app/Contents/Developer/Toolchains/XcodeDefault.xctoolchain/usr/lib/clang/15.0.0 -dependency-file CMakeFiles/cmTC_2445d.dir/CMakeCXXCompilerABI.cpp.o.d -skip-unused-modulemap-deps -MT CMakeFiles/cmTC_2445d.dir/CMakeCXXCompilerABI.cpp.o -sys-header-deps -isysroot /Applications/Xcode.app/Contents/Developer/Platforms/MacOSX.platform/Developer/SDKs/MacOSX14.2.sdk -c-isystem /usr/local/include/ -cxx-isystem /usr/local/include/ -internal-isystem /Applications/Xcode.app/Contents/Developer/Platforms/MacOSX.platform/Developer/SDKs/MacOSX14.2.sdk/usr/include/c++/v1 -internal-isystem /Applications/Xcode.app/Contents/Developer/Platforms/MacOSX.platform/Developer/SDKs/MacOSX14.2.sdk/usr/local/include -internal-isystem /Applications/Xcode.app/Contents/Developer/Toolchains/XcodeDefault.xctoolchain/usr/lib/clang/15.0.0/include -internal-externc-isystem /Applications/Xcode.app/Contents/Developer/Platforms/MacOSX.platform/Developer/SDKs/MacOSX14.2.sdk/usr/include -internal-externc-isystem /Applications/Xcode.app/Contents/Developer/Toolchains/XcodeDefault.xctoolchain/usr/include -Wno-reorder-init-list -Wno-implicit-int-float-conversion -Wno-c99-designator -Wno-final-dtor-non-final-class -Wno-extra-semi-stmt -Wno-misleading-indentation -Wno-quoted-include-in-framework-header -Wno-implicit-fallthrough -Wno-enum-enum-conversion -Wno-enum-float-conversion -Wno-elaborated-enum-base -Wno-reserved-identifier -Wno-gnu-folding-constant -fdeprecated-macro -fdebug-compilation-dir=/Users/jocastab/Projects/CPP3_BrickGame_v2.0/build/CMakeFiles/CMakeTmp -ferror-limit 19 -stack-protector 1 -fstack-check -mdarwin-stkchk-strong-link -fblocks -fencode-extended-block-signature -fregister-global-dtors-with-atexit -fgnuc-version=4.2.1 -fno-cxx-modules -fcxx-exceptions -fexceptions -fmax-type-align=16 -fcommon -clang-vendor-feature=+disableNonDependentMemberExprInCurrentInstantiation -fno-odr-hash-protocols -clang-vendor-feature=+enableAggressiveVLAFolding -clang-vendor-feature=+revert09abecef7bbf -clang-vendor-feature=+thisNoAlignAttr -clang-vendor-feature=+thisNoNullAttr -mllvm -disable-aligned-alloc-awareness=1 -D__GCC_HAVE_DWARF2_CFI_ASM=1 -o CMakeFiles/cmTC_2445d.dir/CMakeCXXCompilerABI.cpp.o -x c++ /usr/local/share/cmake/Modules/CMakeCXXCompilerABI.cpp]
  ignore line: [clang -cc1 version 15.0.0 (clang-1500.1.0.2.5) default target x86_64-apple-darwin22.6.0]
  ignore line: [ignoring nonexistent directory "/Applications/Xcode.app/Contents/Developer/Platforms/MacOSX.platform/Developer/SDKs/MacOSX14.2.sdk/usr/local/include"]
  ignore line: [ignoring nonexistent directory "/Applications/Xcode.app/Contents/Developer/Platforms/MacOSX.platform/Developer/SDKs/MacOSX14.2.sdk/Library/Frameworks"]
  ignore line: [#include "..." search starts here:]
  ignore line: [#include <...> search starts here:]
  ignore line: [ /usr/local/include]
  ignore line: [ /Applications/Xcode.app/Contents/Developer/Platforms/MacOSX.platform/Developer/SDKs/MacOSX14.2.sdk/usr/include/c++/v1]
  ignore line: [ /Applications/Xcode.app/Contents/Developer/Toolchains/XcodeDefault.xctoolchain/usr/lib/clang/15.0.0/include]
  ignore line: [ /Applications/Xcode.app/Contents/Developer/Platforms/MacOSX.platform/Developer/SDKs/MacOSX14.2.sdk/usr/include]
  ignore line: [ /Applications/Xcode.app/Contents/Developer/Toolchains/XcodeDefault.xctoolchain/usr/include]
  ignore line: [ /Applications/Xcode.app/Contents/Developer/Platforms/MacOSX.platform/Developer/SDKs/MacOSX14.2.sdk/System/Library/Frameworks (framework directory)]
  ignore line: [End of search list.]
  ignore line: [Linking CXX executable cmTC_2445d]
  ignore line: [/usr/local/bin/cmake -E cmake_link_script CMakeFiles/cmTC_2445d.dir/link.txt --verbose=1]
  ignore line: [/Applications/Xcode.app/Contents/Developer/Toolchains/XcodeDefault.xctoolchain/usr/bin/c++  -isysroot /Applications/Xcode.app/Contents/Developer/Platforms/MacOSX.platform/Developer/SDKs/MacOSX14.2.sdk -mmacosx-version-min=13.6 -Wl -search_paths_first -Wl -headerpad_max_install_names  -v -Wl -v CMakeFiles/cmTC_2445d.dir/CMakeCXXCompilerABI.cpp.o -o cmTC_2445d ]
  ignore line: [Apple clang version 15.0.0 (clang-1500.1.0.2.5)]
  ignore line: [Target: x86_64-apple-darwin22.6.0]
  ignore line: [Thread model: posix]
  ignore line: [InstalledDir: /Applications/Xcode.app/Contents/Developer/Toolchains/XcodeDefault.xctoolchain/usr/bin]
  link line: [ "/Applications/Xcode.app/Contents/Developer/Toolchains/XcodeDefault.xctoolchain/usr/bin/ld" -demangle -lto_library /Applications/Xcode.app/Contents/Developer/Toolchains/XcodeDefault.xctoolchain/usr/lib/libLTO.dylib -dynamic -arch x86_64 -platform_version macos 13.6.0 14.2 -syslibroot /Applications/Xcode.app/Contents/Developer/Platforms/MacOSX.platform/Developer/SDKs/MacOSX14.2.sdk -o cmTC_2445d -L/usr/local/Cellar/check/0.15.2/lib -L/usr/local/lib -search_paths_first -headerpad_max_install_names -v CMakeFiles/cmTC_2445d.dir/CMakeCXXCompilerABI.cpp.o -lc++ -lSystem /Applications/Xcode.app/Contents/Developer/Toolchains/XcodeDefault.xctoolchain/usr/lib/clang/15.0.0/lib/darwin/libclang_rt.osx.a]
    arg [/Applications/Xcode.app/Contents/Developer/Toolchains/XcodeDefault.xctoolchain/usr/bin/ld] ==> ignore
    arg [-demangle] ==> ignore
    arg [-lto_library] ==> ignore, skip following value
    arg [/Applications/Xcode.app/Contents/Developer/Toolchains/XcodeDefault.xctoolchain/usr/lib/libLTO.dylib] ==> skip value of -lto_library
    arg [-dynamic] ==> ignore
    arg [-arch] ==> ignore
    arg [x86_64] ==> ignore
    arg [-platform_version] ==> ignore
    arg [macos] ==> ignore
    arg [13.6.0] ==> ignore
    arg [14.2] ==> ignore
    arg [-syslibroot] ==> ignore
    arg [/Applications/Xcode.app/Contents/Developer/Platforms/MacOSX.platform/Developer/SDKs/MacOSX14.2.sdk] ==> ignore
    arg [-o] ==> ignore
    arg [cmTC_2445d] ==> ignore
    arg [-L/usr/local/Cellar/check/0.15.2/lib] ==> dir [/usr/local/Cellar/check/0.15.2/lib]
    arg [-L/usr/local/lib] ==> dir [/usr/local/lib]
    arg [-search_paths_first] ==> ignore
    arg [-headerpad_max_install_names] ==> ignore
    arg [-v] ==> ignore
    arg [CMakeFiles/cmTC_2445d.dir/CMakeCXXCompilerABI.cpp.o] ==> ignore
    arg [-lc++] ==> lib [c++]
    arg [-lSystem] ==> lib [System]
    arg [/Applications/Xcode.app/Contents/Developer/Toolchains/XcodeDefault.xctoolchain/usr/lib/clang/15.0.0/lib/darwin/libclang_rt.osx.a] ==> lib [/Applications/Xcode.app/Contents/Developer/Toolchains/XcodeDefault.xctoolchain/usr/lib/clang/15.0.0/lib/darwin/libclang_rt.osx.a]
  Library search paths: [;/usr/local/Cellar/check/0.15.2/lib;/usr/local/lib]
  remove lib [System]
  remove lib [/Applications/Xcode.app/Contents/Developer/Toolchains/XcodeDefault.xctoolchain/usr/lib/clang/15.0.0/lib/darwin/libclang_rt.osx.a]
  collapse library dir [/usr/local/Cellar/check/0.15.2/lib] ==> [/usr/local/Cellar/check/0.15.2/lib]
  collapse library dir [/usr/local/lib] ==> [/usr/local/lib]
  collapse library dir [/usr/local/Cellar/check/0.15.2/lib] ==> [/usr/local/Cellar/check/0.15.2/lib]
  collapse library dir [/usr/local/lib] ==> [/usr/local/lib]
  implicit libs: [c++]
  implicit objs: []
  implicit dirs: [/usr/local/Cellar/check/0.15.2/lib;/usr/local/lib]
  implicit fwks: []


Determining if the include file pthread.h exists passed with the following output:
Change Dir: /Users/jocastab/Projects/CPP3_BrickGame_v2.0/build/CMakeFiles/CMakeTmp

Run Build Command(s):/usr/bin/make -f Makefile cmTC_94aa8/fast && /Applications/Xcode.app/Contents/Developer/usr/bin/make  -f CMakeFiles/cmTC_94aa8.dir/build.make CMakeFiles/cmTC_94aa8.dir/build
Building C object CMakeFiles/cmTC_94aa8.dir/CheckIncludeFile.c.o
/Applications/Xcode.app/Contents/Developer/Toolchains/XcodeDefault.xctoolchain/usr/bin/cc   -isysroot /Applications/Xcode.app/Contents/Developer/Platforms/MacOSX.platform/Developer/SDKs/MacOSX14.2.sdk -mmacosx-version-min=13.6 -MD -MT CMakeFiles/cmTC_94aa8.dir/CheckIncludeFile.c.o -MF CMakeFiles/cmTC_94aa8.dir/CheckIncludeFile.c.o.d -o CMakeFiles/cmTC_94aa8.dir/CheckIncludeFile.c.o -c /Users/jocastab/Projects/CPP3_BrickGame_v2.0/build/CMakeFiles/CMakeTmp/CheckIncludeFile.c
Linking C executable cmTC_94aa8
/usr/local/bin/cmake -E cmake_link_script CMakeFiles/cmTC_94aa8.dir/link.txt --verbose=1
/Applications/Xcode.app/Contents/Developer/Toolchains/XcodeDefault.xctoolchain/usr/bin/cc  -isysroot /Applications/Xcode.app/Contents/Developer/Platforms/MacOSX.platform/Developer/SDKs/MacOSX14.2.sdk -mmacosx-version-min=13.6 -Wl,-search_paths_first -Wl,-headerpad_max_install_names CMakeFiles/cmTC_94aa8.dir/CheckIncludeFile.c.o -o cmTC_94aa8 



Performing C SOURCE FILE Test CMAKE_HAVE_LIBC_PTHREAD succeeded with the following output:
Change Dir: /Users/jocastab/Projects/CPP3_BrickGame_v2.0/build/CMakeFiles/CMakeTmp

Run Build Command(s):/usr/bin/make -f Makefile cmTC_567b8/fast && /Applications/Xcode.app/Contents/Developer/usr/bin/make  -f CMakeFiles/cmTC_567b8.dir/build.make CMakeFiles/cmTC_567b8.dir/build
Building C object CMakeFiles/cmTC_567b8.dir/src.c.o
/Applications/Xcode.app/Contents/Developer/Toolchains/XcodeDefault.xctoolchain/usr/bin/cc -DCMAKE_HAVE_LIBC_PTHREAD  -isysroot /Applications/Xcode.app/Contents/Developer/Platforms/MacOSX.platform/Developer/SDKs/MacOSX14.2.sdk -mmacosx-version-min=13.6 -MD -MT CMakeFiles/cmTC_567b8.dir/src.c.o -MF CMakeFiles/cmTC_567b8.dir/src.c.o.d -o CMakeFiles/cmTC_567b8.dir/src.c.o -c /Users/jocastab/Projects/CPP3_BrickGame_v2.0/build/CMakeFiles/CMakeTmp/src.c
Linking C executable cmTC_567b8
/usr/local/bin/cmake -E cmake_link_script CMakeFiles/cmTC_567b8.dir/link.txt --verbose=1
/Applications/Xcode.app/Contents/Developer/Toolchains/XcodeDefault.xctoolchain/usr/bin/cc  -isysroot /Applications/Xcode.app/Contents/Developer/Platforms/MacOSX.platform/Developer/SDKs/MacOSX14.2.sdk -mmacosx-version-min=13.6 -Wl,-search_paths_first -Wl,-headerpad_max_install_names CMakeFiles/cmTC_567b8.dir/src.c.o -o cmTC_567b8 


Source file was:
#include <pthread.h>

static void* test_func(void* data)
{
  return data;
}

int main(void)
{
  pthread_t thread;
  pthread_create(&thread, NULL, test_func, NULL);
  pthread_detach(thread);
  pthread_cancel(thread);
  pthread_join(thread, NULL);
  pthread_atfork(NULL, NULL, NULL);
  pthread_exit(NULL);

  return 0;
}

Performing C++ SOURCE FILE Test HAVE_STDATOMIC succeeded with the following output:
Change Dir: /Users/jocastab/Projects/CPP3_BrickGame_v2.0/build/CMakeFiles/CMakeTmp

Run Build Command(s):/usr/bin/make -f Makefile cmTC_2411b/fast && /Applications/Xcode.app/Contents/Developer/usr/bin/make  -f CMakeFiles/cmTC_2411b.dir/build.make CMakeFiles/cmTC_2411b.dir/build
Building CXX object CMakeFiles/cmTC_2411b.dir/src.cxx.o
/Applications/Xcode.app/Contents/Developer/Toolchains/XcodeDefault.xctoolchain/usr/bin/c++ -DHAVE_STDATOMIC  -isysroot /Applications/Xcode.app/Contents/Developer/Platforms/MacOSX.platform/Developer/SDKs/MacOSX14.2.sdk -mmacosx-version-min=13.6 -std=gnu++17 -MD -MT CMakeFiles/cmTC_2411b.dir/src.cxx.o -MF CMakeFiles/cmTC_2411b.dir/src.cxx.o.d -o CMakeFiles/cmTC_2411b.dir/src.cxx.o -c /Users/jocastab/Projects/CPP3_BrickGame_v2.0/build/CMakeFiles/CMakeTmp/src.cxx
Linking CXX executable cmTC_2411b
/usr/local/bin/cmake -E cmake_link_script CMakeFiles/cmTC_2411b.dir/link.txt --verbose=1
/Applications/Xcode.app/Contents/Developer/Toolchains/XcodeDefault.xctoolchain/usr/bin/c++  -isysroot /Applications/Xcode.app/Contents/Developer/Platforms/MacOSX.platform/Developer/SDKs/MacOSX14.2.sdk -mmacosx-version-min=13.6 -Wl,-search_paths_first -Wl,-headerpad_max_install_names CMakeFiles/cmTC_2411b.dir/src.cxx.o -o cmTC_2411b 


Source file was:
#include <atomic>
#include <cstdint>

int main(int, char **)
{
    volatile std::atomic<char>    size_1;
    volatile std::atomic<short>   size_2;
    volatile std::atomic<int>     size_4;
    volatile std::atomic<int64_t> size_8;

    ++size_1;
    ++size_2;
    ++size_4;
    ++size_8;

    (void)size_1.load(std::memory_order_relaxed);
    (void)size_2.load(std::memory_order_relaxed);
    (void)size_4.load(std::memory_order_relaxed);
    (void)size_8.load(std::memory_order_relaxed);

    return 0;
}
The system is: Darwin - 22.6.0 - x86_64
Compiling the C compiler identification source file "CMakeCCompilerId.c" succeeded.
Compiler: /Applications/Xcode.app/Contents/Developer/Toolchains/XcodeDefault.xctoolchain/usr/bin/cc 
Build flags: 
Id flags: -c 

The output was:
0


Compilation of the C compiler identification source "CMakeCCompilerId.c" produced "CMakeCCompilerId.o"

The C compiler identification is AppleClang, found in "/Users/jocastab/Projects/CPP3_BrickGame_v2.0/build/CMakeFiles/3.23.0/CompilerIdC/CMakeCCompilerId.o"

Compiling the CXX compiler identification source file "CMakeCXXCompilerId.cpp" succeeded.
Compiler: /Applications/Xcode.app/Contents/Developer/Toolchains/XcodeDefault.xctoolchain/usr/bin/c++ 
Build flags: 
Id flags: -c 

The output was:
0


Compilation of the CXX compiler identification source "CMakeCXXCompilerId.cpp" produced "CMakeCXXCompilerId.o"

The CXX compiler identification is AppleClang, found in "/Users/jocastab/Projects/CPP3_BrickGame_v2.0/build/CMakeFiles/3.23.0/CompilerIdCXX/CMakeCXXCompilerId.o"

Detecting C compiler ABI info compiled with the following output:
Change Dir: /Users/jocastab/Projects/CPP3_BrickGame_v2.0/build/CMakeFiles/CMakeTmp

Run Build Command(s):/usr/bin/make -f Makefile cmTC_01b8b/fast && /Applications/Xcode.app/Contents/Developer/usr/bin/make  -f CMakeFiles/cmTC_01b8b.dir/build.make CMakeFiles/cmTC_01b8b.dir/build
Building C object CMakeFiles/cmTC_01b8b.dir/CMakeCCompilerABI.c.o
/Applications/Xcode.app/Contents/Developer/Toolchains/XcodeDefault.xctoolchain/usr/bin/cc   -isysroot /Applications/Xcode.app/Contents/Developer/Platforms/MacOSX.platform/Developer/SDKs/MacOSX14.2.sdk -mmacosx-version-min=13.6   -v -Wl,-v -MD -MT CMakeFiles/cmTC_01b8b.dir/CMakeCCompilerABI.c.o -MF CMakeFiles/cmTC_01b8b.dir/CMakeCCompilerABI.c.o.d -o CMakeFiles/cmTC_01b8b.dir/CMakeCCompilerABI.c.o -c /usr/local/share/cmake/Modules/CMakeCCompilerABI.c
Apple clang version 15.0.0 (clang-1500.1.0.2.5)
Target: x86_64-apple-darwin22.6.0
Thread model: posix
InstalledDir: /Applications/Xcode.app/Contents/Developer/Toolchains/XcodeDefault.xctoolchain/usr/bin
clang: warning: -Wl,-v: 'linker' input unused [-Wunused-command-line-argument]
 "/Applications/Xcode.app/Contents/Developer/Toolchains/XcodeDefault.xctoolchain/usr/bin/clang" -cc1 -triple x86_64-apple-macosx13.6.0 -Wundef-prefix=TARGET_OS_ -Wdeprecated-objc-isa-usage -Werror=deprecated-objc-isa-usage -Werror=implicit-function-declaration -emit-obj -mrelax-all --mrelax-relocations -disable-free -clear-ast-before-backend -disable-llvm-verifier -discard-value-names -main-file-name CMakeCCompilerABI.c -mrelocation-model pic -pic-level 2 -mframe-pointer=all -fno-strict-return -ffp-contract=on -fno-rounding-math -funwind-tables=2 -target-sdk-version=14.2 -fvisibility-inlines-hidden-static-local-var -target-cpu penryn -tune-cpu generic -mllvm -treat-scalable-fixed-error-as-warning -debugger-tuning=lldb -target-linker-version 1022.1 -v -fcoverage-compilation-dir=/Users/jocastab/Projects/CPP3_BrickGame_v2.0/build/CMakeFiles/CMakeTmp -resource-dir /Applications/Xcode.app/Contents/Developer/Toolchains/XcodeDefault.xctoolchain/usr/lib/clang/15.0.0 -dependency-file CMakeFiles/cmTC_01b8b.dir/CMakeCCompilerABI.c.o.d -skip-unused-modulemap-deps -MT CMakeFiles/cmTC_01b8b.dir/CMakeCCompilerABI.c.o -sys-header-deps -isysroot /Applications/Xcode.app/Contents/Developer/Platforms/MacOSX.platform/Developer/SDKs/MacOSX14.2.sdk -c-isystem /usr/local/include/ -cxx-isystem /usr/local/include/ -internal-isystem /Applications/Xcode.app/Contents/Developer/Platforms/MacOSX.platform/Developer/SDKs/MacOSX14.2.sdk/usr/local/include -internal-isystem /Applications/Xcode.app/Contents/Developer/Toolchains/XcodeDefault.xctoolchain/usr/lib/clang/15.0.0/include -internal-externc-isystem /Applications/Xcode.app/Contents/Developer/Platforms/MacOSX.platform/Developer/SDKs/MacOSX14.2.sdk/usr/include -internal-externc-isystem /Applications/Xcode.app/Contents/Developer/Toolchains/XcodeDefault.xctoolchain/usr/include -Wno-reorder-init-list -Wno-implicit-int-float-conversion -Wno-c99-designator -Wno-final-dtor-non-final-class -Wno-extra-semi-stmt -Wno-misleading-indentation -Wno-quoted-include-in-framework-header -Wno-implicit-fallthrough -Wno-enum-enum-conversion -Wno-enum-float-conversion -Wno-elaborated-enum-base -Wno-reserved-identifier -Wno-gnu-folding-constant -fdebug-compilation-dir=/Users/jocastab/Projects/CPP3_BrickGame_v2.0/build/CMakeFiles/CMakeTmp -ferror-limit 19 -stack-protector 1 -fstack-check -mdarwin-stkchk-strong-link -fblocks -fencode-extended-block-signature -fregister-global-dtors-with-atexit -fgnuc-version=4.2.1 -fmax-type-align=16 -fcommon -clang-vendor-feature=+disableNonDependentMemberExprInCurrentInstantiation -fno-odr-hash-protocols -clang-vendor-feature=+enableAggressiveVLAFolding -clang-vendor-feature=+revert09abecef7bbf -clang-vendor-feature=+thisNoAlignAttr -clang-vendor-feature=+thisNoNullAttr -mllvm -disable-aligned-alloc-awareness=1 -D__GCC_HAVE_DWARF2_CFI_ASM=1 -o CMakeFiles/cmTC_01b8b.dir/CMakeCCompilerABI.c.o -x c /usr/local/share/cmake/Modules/CMakeCCompilerABI.c
clang -cc1 version 15.0.0 (clang-1500.1.0.2.5) default target x86_64-apple-darwin22.6.0
ignoring nonexistent directory "/Applications/Xcode.app/Contents/Developer/Platforms/MacOSX.platform/Developer/SDKs/MacOSX14.2.sdk/usr/local/include"
ignoring nonexistent directory "/Applications/Xcode.app/Contents/Developer/Platforms/MacOSX.platform/Developer/SDKs/MacOSX14.2.sdk/Library/Frameworks"
#include "..." search starts here:
#include <...> search starts here:
 /usr/local/include
 /Applications/Xcode.app/Contents/Developer/Toolchains/XcodeDefault.xctoolchain/usr/lib/clang/15.0.0/include
 /Applications/Xcode.app/Contents/Developer/Platforms/MacOSX.platform/Developer/SDKs/MacOSX14.2.sdk/usr/include
 /Applications/Xcode.app/Contents/Developer/Toolchains/XcodeDefault.xctoolchain/usr/include
 /Applications/Xcode.app/Contents/Developer/Platforms/MacOSX.platform/Developer/SDKs/MacOSX14.2.sdk/System/Library/Frameworks (framework directory)
End of search list.
Linking C executable cmTC_01b8b
/usr/local/bin/cmake -E cmake_link_script CMakeFiles/cmTC_01b8b.dir/link.txt --verbose=1
/Applications/Xcode.app/Contents/Developer/Toolchains/XcodeDefault.xctoolchain/usr/bin/cc  -isysroot /Applications/Xcode.app/Contents/Developer/Platforms/MacOSX.platform/Developer/SDKs/MacOSX14.2.sdk -mmacosx-version-min=13.6 -Wl,-search_paths_first -Wl,-headerpad_max_install_names  -v -Wl,-v CMakeFiles/cmTC_01b8b.dir/CMakeCCompilerABI.c.o -o cmTC_01b8b 
Apple clang version 15.0.0 (clang-1500.1.0.2.5)
Target: x86_64-apple-darwin22.6.0
Thread model: posix
InstalledDir: /Applications/Xcode.app/Contents/Developer/Toolchains/XcodeDefault.xctoolchain/usr/bin
 "/Applications/Xcode.app/Contents/Developer/Toolchains/XcodeDefault.xctoolchain/usr/bin/ld" -demangle -lto_library /Applications/Xcode.app/Contents/Developer/Toolchains/XcodeDefault.xctoolchain/usr/lib/libLTO.dylib -dynamic -arch x86_64 -platform_version macos 13.6.0 14.2 -syslibroot /Applications/Xcode.app/Contents/Developer/Platforms/MacOSX.platform/Developer/SDKs/MacOSX14.2.sdk -o cmTC_01b8b -L/usr/local/Cellar/check/0.15.2/lib -L/usr/local/lib -search_paths_first -headerpad_max_install_names -v CMakeFiles/cmTC_01b8b.dir/CMakeCCompilerABI.c.o -lSystem /Applications/Xcode.app/Contents/Developer/Toolchains/XcodeDefault.xctoolchain/usr/lib/clang/15.0.0/lib/darwin/libclang_rt.osx.a
@(#)PROGRAM:ld  PROJECT:dyld-1022.1
BUILD 05:26:33 Dec  7 2023
configured to support archs: armv6 armv7 armv7s arm64 arm64e arm64_32 i386 x86_64 x86_64h
will use ld-classic for: armv6 armv7 armv7s arm64_32 i386 armv6m armv7k armv7m armv7em
LTO support using: LLVM version 15.0.0 (static support for 29, runtime is 29)
TAPI support using: Apple TAPI version 15.0.0 (tapi-1500.0.12.8)
Library search paths:
	/usr/local/Cellar/check/0.15.2/lib
	/usr/local/lib
Framework search paths:



Parsed C implicit include dir info from above output: rv=done
  found start of include info
  found start of implicit include info
    add: [/usr/local/include]
    add: [/Applications/Xcode.app/Contents/Developer/Toolchains/XcodeDefault.xctoolchain/usr/lib/clang/15.0.0/include]
    add: [/Applications/Xcode.app/Contents/Developer/Platforms/MacOSX.platform/Developer/SDKs/MacOSX14.2.sdk/usr/include]
    add: [/Applications/Xcode.app/Contents/Developer/Toolchains/XcodeDefault.xctoolchain/usr/include]
  end of search list found
  collapse include dir [/usr/local/include] ==> [/usr/local/include]
  collapse include dir [/Applications/Xcode.app/Contents/Developer/Toolchains/XcodeDefault.xctoolchain/usr/lib/clang/15.0.0/include] ==> [/Applications/Xcode.app/Contents/Developer/Toolchains/XcodeDefault.xctoolchain/usr/lib/clang/15.0.0/include]
  collapse include dir [/Applications/Xcode.app/Contents/Developer/Platforms/MacOSX.platform/Developer/SDKs/MacOSX14.2.sdk/usr/include] ==> [/Applications/Xcode.app/Contents/Developer/Platforms/MacOSX.platform/Developer/SDKs/MacOSX14.2.sdk/usr/include]
  collapse include dir [/Applications/Xcode.app/Contents/Developer/Toolchains/XcodeDefault.xctoolchain/usr/include] ==> [/Applications/Xcode.app/Contents/Developer/Toolchains/XcodeDefault.xctoolchain/usr/include]
  implicit include dirs: [/usr/local/include;/Applications/Xcode.app/Contents/Developer/Toolchains/XcodeDefault.xctoolchain/usr/lib/clang/15.0.0/include;/Applications/Xcode.app/Contents/Developer/Platforms/MacOSX.platform/Developer/SDKs/MacOSX14.2.sdk/usr/include;/Applications/Xcode.app/Contents/Developer/Toolchains/XcodeDefault.xctoolchain/usr/include]


Parsed C implicit link information from above output:
  link line regex: [^( *|.*[/\])(ld|CMAKE_LINK_STARTFILE-NOTFOUND|([^/\]+-)?ld|collect2)[^/\]*( |$)]
  ignore line: [Change Dir: /Users/jocastab/Projects/CPP3_BrickGame_v2.0/build/CMakeFiles/CMakeTmp]
  ignore line: []
  ignore line: [Run Build Command(s):/usr/bin/make -f Makefile cmTC_01b8b/fast && /Applications/Xcode.app/Contents/Developer/usr/bin/make  -f CMakeFiles/cmTC_01b8b.dir/build.make CMakeFiles/cmTC_01b8b.dir/build]
  ignore line: [Building C object CMakeFiles/cmTC_01b8b.dir/CMakeCCompilerABI.c.o]
  ignore line: [/Applications/Xcode.app/Contents/Developer/Toolchains/XcodeDefault.xctoolchain/usr/bin/cc   -isysroot /Applications/Xcode.app/Contents/Developer/Platforms/MacOSX.platform/Developer/SDKs/MacOSX14.2.sdk -mmacosx-version-min=13.6   -v -Wl -v -MD -MT CMakeFiles/cmTC_01b8b.dir/CMakeCCompilerABI.c.o -MF CMakeFiles/cmTC_01b8b.dir/CMakeCCompilerABI.c.o.d -o CMakeFiles/cmTC_01b8b.dir/CMakeCCompilerABI.c.o -c /usr/local/share/cmake/Modules/CMakeCCompilerABI.c]
  ignore line: [Apple clang version 15.0.0 (clang-1500.1.0.2.5)]
  ignore line: [Target: x86_64-apple-darwin22.6.0]
  ignore line: [Thread model: posix]
  ignore line: [InstalledDir: /Applications/Xcode.app/Contents/Developer/Toolchains/XcodeDefault.xctoolchain/usr/bin]
  ignore line: [clang: warning: -Wl -v: 'linker' input unused [-Wunused-command-line-argument]]
  ignore line: [ "/Applications/Xcode.app/Contents/Developer/Toolchains/XcodeDefault.xctoolchain/usr/bin/clang" -cc1 -triple x86_64-apple-macosx13.6.0 -Wundef-prefix=TARGET_OS_ -Wdeprecated-objc-isa-usage -Werror=deprecated-objc-isa-usage -Werror=implicit-function-declaration -emit-obj -mrelax-all --mrelax-relocations -disable-free -clear-ast-before-backend -disable-llvm-verifier -discard-value-names -main-file-name CMakeCCompilerABI.c -mrelocation-model pic -pic-level 2 -mframe-pointer=all -fno-strict-return -ffp-contract=on -fno-rounding-math -funwind-tables=2 -target-sdk-version=14.2 -fvisibility-inlines-hidden-static-local-var -target-cpu penryn -tune-cpu generic -mllvm -treat-scalable-fixed-error-as-warning -debugger-tuning=lldb -target-linker-version 1022.1 -v -fcoverage-compilation-dir=/Users/jocastab/Projects/CPP3_BrickGame_v2.0/build/CMakeFiles/CMakeTmp -resource-dir /Applications/Xcode.app/Contents/Developer/Toolchains/XcodeDefault.xctoolchain/usr/lib/clang/15.0.0 -dependency-file CMakeFiles/cmTC_01b8b.dir/CMakeCCompilerABI.c.o.d -skip-unused-modulemap-deps -MT CMakeFiles/cmTC_01b8b.dir/CMakeCCompilerABI.c.o -sys-header-deps -isysroot /Applications/Xcode.app/Contents/Developer/Platforms/MacOSX.platform/Developer/SDKs/MacOSX14.2.sdk -c-isystem /usr/local/include/ -cxx-isystem /usr/local/include/ -internal-isystem /Applications/Xcode.app/Contents/Developer/Platforms/MacOSX.platform/Developer/SDKs/MacOSX14.2.sdk/usr/local/include -internal-isystem /Applications/Xcode.app/Contents/Developer/Toolchains/XcodeDefault.xctoolchain/usr/lib/clang/15.0.0/include -internal-externc-isystem /Applications/Xcode.app/Contents/Developer/Platforms/MacOSX.platform/Developer/SDKs/MacOSX14.2.sdk/usr/include -internal-externc-isystem /Applications/Xcode.app/Contents/Developer/Toolchains/XcodeDefault.xctoolchain/usr/include -Wno-reorder-init-list -Wno-implicit-int-float-conversion -Wno-c99-designator -Wno-final-dtor-non-final-class -Wno-extra-semi-stmt -Wno-misleading-indentation -Wno-quoted-include-in-framework-header -Wno-implicit-fallthrough -Wno-enum-enum-conversion -Wno-enum-float-conversion -Wno-elaborated-enum-base -Wno-reserved-identifier -Wno-gnu-folding-constant -fdebug-compilation-dir=/Users/jocastab/Projects/CPP3_BrickGame_v2.0/build/CMakeFiles/CMakeTmp -ferror-limit 19 -stack-protector 1 -fstack-check -mdarwin-stkchk-strong-link -fblocks -fencode-extended-block-signature -fregister-global-dtors-with-atexit -fgnuc-version=4.2.1 -fmax-type-align=16 -fcommon -clang-vendor-feature=+disableNonDependentMemberExprInCurrentInstantiation -fno-odr-hash-protocols -clang-vendor-feature=+enableAggressiveVLAFolding -clang-vendor-feature=+revert09abecef7bbf -clang-vendor-feature=+thisNoAlignAttr -clang-vendor-feature=+thisNoNullAttr -mllvm -disable-aligned-alloc-awareness=1 -D__GCC_HAVE_DWARF2_CFI_ASM=1 -o CMakeFiles/cmTC_01b8b.dir/CMakeCCompilerABI.c.o -x c /usr/local/share/cmake/Modules/CMakeCCompilerABI.c]
  ignore line: [clang -cc1 version 15.0.0 (clang-1500.1.0.2.5) default target x86_64-apple-darwin22.6.0]
  ignore line: [ignoring nonexistent directory "/Applications/Xcode.app/Contents/Developer/Platforms/MacOSX.platform/Developer/SDKs/MacOSX14.2.sdk/usr/local/include"]
  ignore line: [ignoring nonexistent directory "/Applications/Xcode.app/Contents/Developer/Platforms/MacOSX.platform/Developer/SDKs/MacOSX14.2.sdk/Library/Frameworks"]
  ignore line: [#include "..." search starts here:]
  ignore line: [#include <...> search starts here:]
  ignore line: [ /usr/local/include]
  ignore line: [ /Applications/Xcode.app/Contents/Developer/Toolchains/XcodeDefault.xctoolchain/usr/lib/clang/15.0.0/include]
  ignore line: [ /Applications/Xcode.app/Contents/Developer/Platforms/MacOSX.platform/Developer/SDKs/MacOSX14.2.sdk/usr/include]
  ignore line: [ /Applications/Xcode.app/Contents/Developer/Toolchains/XcodeDefault.xctoolchain/usr/include]
  ignore line: [ /Applications/Xcode.app/Contents/Developer/Platforms/MacOSX.platform/Developer/SDKs/MacOSX14.2.sdk/System/Library/Frameworks (framework directory)]
  ignore line: [End of search list.]
  ignore line: [Linking C executable cmTC_01b8b]
  ignore line: [/usr/local/bin/cmake -E cmake_link_script CMakeFiles/cmTC_01b8b.dir/link.txt --verbose=1]
  ignore line: [/Applications/Xcode.app/Contents/Developer/Toolchains/XcodeDefault.xctoolchain/usr/bin/cc  -isysroot /Applications/Xcode.app/Contents/Developer/Platforms/MacOSX.platform/Developer/SDKs/MacOSX14.2.sdk -mmacosx-version-min=13.6 -Wl -search_paths_first -Wl -headerpad_max_install_names  -v -Wl -v CMakeFiles/cmTC_01b8b.dir/CMakeCCompilerABI.c.o -o cmTC_01b8b ]
  ignore line: [Apple clang version 15.0.0 (clang-1500.1.0.2.5)]
  ignore line: [Target: x86_64-apple-darwin22.6.0]
  ignore line: [Thread model: posix]
  ignore line: [InstalledDir: /Applications/Xcode.app/Contents/Developer/Toolchains/XcodeDefault.xctoolchain/usr/bin]
  link line: [ "/Applications/Xcode.app/Contents/Developer/Toolchains/XcodeDefault.xctoolchain/usr/bin/ld" -demangle -lto_library /Applications/Xcode.app/Contents/Developer/Toolchains/XcodeDefault.xctoolchain/usr/lib/libLTO.dylib -dynamic -arch x86_64 -platform_version macos 13.6.0 14.2 -syslibroot /Applications/Xcode.app/Contents/Developer/Platforms/MacOSX.platform/Developer/SDKs/MacOSX14.2.sdk -o cmTC_01b8b -L/usr/local/Cellar/check/0.15.2/lib -L/usr/local/lib -search_paths_first -headerpad_max_install_names -v CMakeFiles/cmTC_01b8b.dir/CMakeCCompilerABI.c.o -lSystem /Applications/Xcode.app/Contents/Developer/Toolchains/XcodeDefault.xctoolchain/usr/lib/clang/15.0.0/lib/darwin/libclang_rt.osx.a]
    arg [/Applications/Xcode.app/Contents/Developer/Toolchains/XcodeDefault.xctoolchain/usr/bin/ld] ==> ignore
    arg [-demangle] ==> ignore
    arg [-lto_library] ==> ignore, skip following value
    arg [/Applications/Xcode.app/Contents/Developer/Toolchains/XcodeDefault.xctoolchain/usr/lib/libLTO.dylib] ==> skip value of -lto_library
    arg [-dynamic] ==> ignore
    arg [-arch] ==> ignore
    arg [x86_64] ==> ignore
    arg [-platform_version] ==> ignore
    arg [macos] ==> ignore
    arg [13.6.0] ==> ignore
    arg [14.2] ==> ignore
    arg [-syslibroot] ==> ignore
    arg [/Applications/Xcode.app/Contents/Developer/Platforms/MacOSX.platform/Developer/SDKs/MacOSX14.2.sdk] ==> ignore
    arg [-o] ==> ignore
    arg [cmTC_01b8b] ==> ignore
    arg [-L/usr/local/Cellar/check/0.15.2/lib] ==> dir [/usr/local/Cellar/check/0.15.2/lib]
    arg [-L/usr/local/lib] ==> dir [/usr/local/lib]
    arg [-search_paths_first] ==> ignore
    arg [-headerpad_max_install_names] ==> ignore
    arg [-v] ==> ignore
    arg [CMakeFiles/cmTC_01b8b.dir/CMakeCCompilerABI.c.o] ==> ignore
    arg [-lSystem] ==> lib [System]
    arg [/Applications/Xcode.app/Contents/Developer/Toolchains/XcodeDefault.xctoolchain/usr/lib/clang/15.0.0/lib/darwin/libclang_rt.osx.a] ==> lib [/Applications/Xcode.app/Contents/Developer/Toolchains/XcodeDefault.xctoolchain/usr/lib/clang/15.0.0/lib/darwin/libclang_rt.osx.a]
  Library search paths: [;/usr/local/Cellar/check/0.15.2/lib;/usr/local/lib]
  remove lib [System]
  remove lib [/Applications/Xcode.app/Contents/Developer/Toolchains/XcodeDefault.xctoolchain/usr/lib/clang/15.0.0/lib/darwin/libclang_rt.osx.a]
  collapse library dir [/usr/local/Cellar/check/0.15.2/lib] ==> [/usr/local/Cellar/check/0.15.2/lib]
  collapse library dir [/usr/local/lib] ==> [/usr/local/lib]
  collapse library dir [/usr/local/Cellar/check/0.15.2/lib] ==> [/usr/local/Cellar/check/0.15.2/lib]
  collapse library dir [/usr/local/lib] ==> [/usr/local/lib]
  implicit libs: []
  implicit objs: []
  implicit dirs: [/usr/local/Cellar/check/0.15.2/lib;/usr/local/lib]
  implicit fwks: []


Detecting CXX compiler ABI info compiled with the following output:
Change Dir: /Users/jocastab/Projects/CPP3_BrickGame_v2.0/build/CMakeFiles/CMakeTmp

Run Build Command(s):/usr/bin/make -f Makefile cmTC_fa655/fast && /Applications/Xcode.app/Contents/Developer/usr/bin/make  -f CMakeFiles/cmTC_fa655.dir/build.make CMakeFiles/cmTC_fa655.dir/build
Building CXX object CMakeFiles/cmTC_fa655.dir/CMakeCXXCompilerABI.cpp.o
/Applications/Xcode.app/Contents/Developer/Toolchains/XcodeDefault.xctoolchain/usr/bin/c++   -isysroot /Applications/Xcode.app/Contents/Developer/Platforms/MacOSX.platform/Developer/SDKs/MacOSX14.2.sdk -mmacosx-version-min=13.6   -v -Wl,-v -MD -MT CMakeFiles/cmTC_fa655.dir/CMakeCXXCompilerABI.cpp.o -MF CMakeFiles/cmTC_fa655.dir/CMakeCXXCompilerABI.cpp.o.d -o CMakeFiles/cmTC_fa655.dir/CMakeCXXCompilerABI.cpp.o -c /usr/local/share/cmake/Modules/CMakeCXXCompilerABI.cpp
Apple clang version 15.0.0 (clang-1500.1.0.2.5)
Target: x86_64-apple-darwin22.6.0
Thread model: posix
InstalledDir: /Applications/Xcode.app/Contents/Developer/Toolchains/XcodeDefault.xctoolchain/usr/bin
clang: warning: -Wl,-v: 'linker' input unused [-Wunused-command-line-argument]
 "/Applications/Xcode.app/Contents/Developer/Toolchains/XcodeDefault.xctoolchain/usr/bin/clang" -cc1 -triple x86_64-apple-macosx13.6.0 -Wundef-prefix=TARGET_OS_ -Wdeprecated-objc-isa-usage -Werror=deprecated-objc-isa-usage -Werror=implicit-function-declaration -emit-obj -mrelax-all --mrelax-relocations -disable-free -clear-ast-before-backend -disable-llvm-verifier -discard-value-names -main-file-name CMakeCXXCompilerABI.cpp -mrelocation-model pic -pic-level 2 -mframe-pointer=all -fno-strict-return -ffp-contract=on -fno-rounding-math -funwind-tables=2 -target-sdk-version=14.2 -fvisibility-inlines-hidden-static-local-var -target-cpu penryn -tune-cpu generic -mllvm -treat-scalable-fixed-error-as-warning -debugger-tuning=lldb -target-linker-version 1022.1 -v -fcoverage-compilation-dir=/Users/jocastab/Projects/CPP3_BrickGame_v2.0/build/CMakeFiles/CMakeTmp -resource-dir /Applications/Xcode.app/Contents/Developer/Toolchains/XcodeDefault.xctoolchain/usr/lib/clang/15.0.0 -dependency-file CMakeFiles/cmTC_fa655.dir/CMakeCXXCompilerABI.cpp.o.d -skip-unused-modulemap-deps -MT CMakeFiles/cmTC_fa655.dir/CMakeCXXCompilerABI.cpp.o -sys-header-deps -isysroot /Applications/Xcode.app/Contents/Developer/Platforms/MacOSX.platform/Developer/SDKs/MacOSX14.2.sdk -c-isystem /usr/local/include/ -cxx-isystem /usr/local/include/ -internal-isystem /Applications/Xcode.app/Contents/Developer/Platforms/MacOSX.platform/Developer/SDKs/MacOSX14.2.sdk/usr/include/c++/v1 -internal-isystem /Applications/Xcode.app/Contents/Developer/Platforms/MacOSX.platform/Developer/SDKs/MacOSX14.2.sdk/usr/local/include -internal-isystem /Applications/Xcode.app/Contents/Developer/Toolchains/XcodeDefault.xctoolchain/usr/lib/clang/15.0.0/include -internal-externc-isystem /Applications/Xcode.app/Contents/Developer/Platforms/MacOSX.platform/Developer/SDKs/MacOSX14.2.sdk/usr/include -internal-externc-isystem /Applications/Xcode.app/Contents/Developer/Toolchains/XcodeDefault.xctoolchain/usr/include -Wno-reorder-init-list -Wno-implicit-int-float-conversion -Wno-c99-designator -Wno-final-dtor-non-final-class -Wno-extra-semi-stmt -Wno-misleading-indentation -Wno-quoted-include-in-framework-header -Wno-implicit-fallthrough -Wno-enum-enum-conversion -Wno-enum-float-conversion -Wno-elaborated-enum-base -Wno-reserved-identifier -Wno-gnu-folding-constant -fdeprecated-macro -fdebug-compilation-dir=/Users/jocastab/Projects/CPP3_BrickGame_v2.0/build/CMakeFiles/CMakeTmp -ferror-limit 19 -stack-protector 1 -fstack-check -mdarwin-stkchk-strong-link -fblocks -fencode-extended-block-signature -fregister-global-dtors-with-atexit -fgnuc-version=4.2.1 -fno-cxx-modules -fcxx-exceptions -fexceptions -fmax-type-align=16 -fcommon -clang-vendor-feature=+disableNonDependentMemberExprInCurrentInstantiation -fno-odr-hash-protocols -clang-vendor-feature=+enableAggressiveVLAFolding -clang-vendor-feature=+revert09abecef7bbf -clang-vendor-feature=+thisNoAlignAttr -clang-vendor-feature=+thisNoNullAttr -mllvm -disable-aligned-alloc-awareness=1 -D__GCC_HAVE_DWARF2_CFI_ASM=1 -o CMakeFiles/cmTC_fa655.dir/CMakeCXXCompilerABI.cpp.o -x c++ /usr/local/share/cmake/Modules/CMakeCXXCompilerABI.cpp
clang -cc1 version 15.0.0 (clang-1500.1.0.2.5) default target x86_64-apple-darwin22.6.0
ignoring nonexistent directory "/Applications/Xcode.app/Contents/Developer/Platforms/MacOSX.platform/Developer/SDKs/MacOSX14.2.sdk/usr/local/include"
ignoring nonexistent directory "/Applications/Xcode.app/Contents/Developer/Platforms/MacOSX.platform/Developer/SDKs/MacOSX14.2.sdk/Library/Frameworks"
#include "..." search starts here:
#include <...> search starts here:
 /usr/local/include
 /Applications/Xcode.app/Contents/Developer/Platforms/MacOSX.platform/Developer/SDKs/MacOSX14.2.sdk/usr/include/c++/v1
 /Applications/Xcode.app/Contents/Developer/Toolchains/XcodeDefault.xctoolchain/usr/lib/clang/15.0.0/include
 /Applications/Xcode.app/Contents/Developer/Platforms/MacOSX.platform/Developer/SDKs/MacOSX14.2.sdk/usr/include
 /Applications/Xcode.app/Contents/Developer/Toolchains/XcodeDefault.xctoolchain/usr/include
 /Applications/Xcode.app/Contents/Developer/Platforms/MacOSX.platform/Developer/SDKs/MacOSX14.2.sdk/System/Library/Frameworks (framework directory)
End of search list.
Linking CXX executable cmTC_fa655
/usr/local/bin/cmake -E cmake_link_script CMakeFiles/cmTC_fa655.dir/link.txt --verbose=1
/Applications/Xcode.app/Contents/Developer/Toolchains/XcodeDefault.xctoolchain/usr/bin/c++  -isysroot /Applications/Xcode.app/Contents/Developer/Platforms/MacOSX.platform/Developer/SDKs/MacOSX14.2.sdk -mmacosx-version-min=13.6 -Wl,-search_paths_first -Wl,-headerpad_max_install_names  -v -Wl,-v CMakeFiles/cmTC_fa655.dir/CMakeCXXCompilerABI.cpp.o -o cmTC_fa655 
Apple clang version 15.0.0 (clang-1500.1.0.2.5)
Target: x86_64-apple-darwin22.6.0
Thread model: posix
InstalledDir: /Applications/Xcode.app/Contents/Developer/Toolchains/XcodeDefault.xctoolchain/usr/bin
 "/Applications/Xcode.app/Contents/Developer/Toolchains/XcodeDefault.xctoolchain/usr/bin/ld" -demangle -lto_library /Applications/Xcode.app/Contents/Developer/Toolchains/XcodeDefault.xctoolchain/usr/lib/libLTO.dylib -dynamic -arch x86_64 -platform_version macos 13.6.0 14.2 -syslibroot /Applications/Xcode.app/Contents/Developer/Platforms/MacOSX.platform/Developer/SDKs/MacOSX14.2.sdk -o cmTC_fa655 -L/usr/local/Cellar/check/0.15.2/lib -L/usr/local/lib -search_paths_first -headerpad_max_install_names -v CMakeFiles/cmTC_fa655.dir/CMakeCXXCompilerABI.cpp.o -lc++ -lSystem /Applications/Xcode.app/Contents/Developer/Toolchains/XcodeDefault.xctoolchain/usr/lib/clang/15.0.0/lib/darwin/libclang_rt.osx.a
@(#)PROGRAM:ld  PROJECT:dyld-1022.1
BUILD 05:26:33 Dec  7 2023
configured to support archs: armv6 armv7 armv7s arm64 arm64e arm64_32 i386 x86_64 x86_64h
will use ld-classic for: armv6 armv7 armv7s arm64_32 i386 armv6m armv7k armv7m armv7em
LTO support using: LLVM version 15.0.0 (static support for 29, runtime is 29)
TAPI support using: Apple TAPI version 15.0.0 (tapi-1500.0.12.8)
Library search paths:
	/usr/local/Cellar/check/0.15.2/lib
	/usr/local/lib
Framework search paths:



Parsed CXX implicit include dir info from above output: rv=done
  found start of include info
  found start of implicit include info
    add: [/usr/local/include]
    add: [/Applications/Xcode.app/Contents/Developer/Platforms/MacOSX.platform/Developer/SDKs/MacOSX14.2.sdk/usr/include/c++/v1]
    add: [/Applications/Xcode.app/Contents/Developer/Toolchains/XcodeDefault.xctoolchain/usr/lib/clang/15.0.0/include]
    add: [/Applications/Xcode.app/Contents/Developer/Platforms/MacOSX.platform/Developer/SDKs/MacOSX14.2.sdk/usr/include]
    add: [/Applications/Xcode.app/Contents/Developer/Toolchains/XcodeDefault.xctoolchain/usr/include]
  end of search list found
  collapse include dir [/usr/local/include] ==> [/usr/local/include]
  collapse include dir [/Applications/Xcode.app/Contents/Developer/Platforms/MacOSX.platform/Developer/SDKs/MacOSX14.2.sdk/usr/include/c++/v1] ==> [/Applications/Xcode.app/Contents/Developer/Platforms/MacOSX.platform/Developer/SDKs/MacOSX14.2.sdk/usr/include/c++/v1]
  collapse include dir [/Applications/Xcode.app/Contents/Developer/Toolchains/XcodeDefault.xctoolchain/usr/lib/clang/15.0.0/include] ==> [/Applications/Xcode.app/Contents/Developer/Toolchains/XcodeDefault.xctoolchain/usr/lib/clang/15.0.0/include]
  collapse include dir [/Applications/Xcode.app/Contents/Developer/Platforms/MacOSX.platform/Developer/SDKs/MacOSX14.2.sdk/usr/include] ==> [/Applications/Xcode.app/Contents/Developer/Platforms/MacOSX.platform/Developer/SDKs/MacOSX14.2.sdk/usr/include]
  collapse include dir [/Applications/Xcode.app/Contents/Developer/Toolchains/XcodeDefault.xctoolchain/usr/include] ==> [/Applications/Xcode.app/Contents/Developer/Toolchains/XcodeDefault.xctoolchain/usr/include]
  implicit include dirs: [/usr/local/include;/Applications/Xcode.app/Contents/Developer/Platforms/MacOSX.platform/Developer/SDKs/MacOSX14.2.sdk/usr/include/c++/v1;/Applications/Xcode.app/Contents/Developer/Toolchains/XcodeDefault.xctoolchain/usr/lib/clang/15.0.0/include;/Applications/Xcode.app/Contents/Developer/Platforms/MacOSX.platform/Developer/SDKs/MacOSX14.2.sdk/usr/include;/Applications/Xcode.app/Contents/Developer/Toolchains/XcodeDefault.xctoolchain/usr/include]


Parsed CXX implicit link information from above output:
  link line regex: [^( *|.*[/\])(ld|CMAKE_LINK_STARTFILE-NOTFOUND|([^/\]+-)?ld|collect2)[^/\]*( |$)]
  ignore line: [Change Dir: /Users/jocastab/Projects/CPP3_BrickGame_v2.0/build/CMakeFiles/CMakeTmp]
  ignore line: []
  ignore line: [Run Build Command(s):/usr/bin/make -f Makefile cmTC_fa655/fast && /Applications/Xcode.app/Contents/Developer/usr/bin/make  -f CMakeFiles/cmTC_fa655.dir/build.make CMakeFiles/cmTC_fa655.dir/build]
  ignore line: [Building CXX object CMakeFiles/cmTC_fa655.dir/CMakeCXXCompilerABI.cpp.o]
  ignore line: [/Applications/Xcode.app/Contents/Developer/Toolchains/XcodeDefault.xctoolchain/usr/bin/c++   -isysroot /Applications/Xcode.app/Contents/Developer/Platforms/MacOSX.platform/Developer/SDKs/MacOSX14.2.sdk -mmacosx-version-min=13.6   -v -Wl -v -MD -MT CMakeFiles/cmTC_fa655.dir/CMakeCXXCompilerABI.cpp.o -MF CMakeFiles/cmTC_fa655.dir/CMakeCXXCompilerABI.cpp.o.d -o CMakeFiles/cmTC_fa655.dir/CMakeCXXCompilerABI.cpp.o -c /usr/local/share/cmake/Modules/CMakeCXXCompilerABI.cpp]
  ignore line: [Apple clang version 15.0.0 (clang-1500.1.0.2.5)]
  ignore line: [Target: x86_64-apple-darwin22.6.0]
  ignore line: [Thread model: posix]
  ignore line: [InstalledDir: /Applications/Xcode.app/Contents/Developer/Toolchains/XcodeDefault.xctoolchain/usr/bin]
  ignore line: [clang: warning: -Wl -v: 'linker' input unused [-Wunused-command-line-argument]]
  ignore line: [ "/Applications/Xcode.app/Contents/Developer/Toolchains/XcodeDefault.xctoolchain/usr/bin/clang" -cc1 -triple x86_64-apple-macosx13.6.0 -Wundef-prefix=TARGET_OS_ -Wdeprecated-objc-isa-usage -Werror=deprecated-objc-isa-usage -Werror=implicit-function-declaration -emit-obj -mrelax-all --mrelax-relocations -disable-free -clear-ast-before-backend -disable-llvm-verifier -discard-value-names -main-file-name CMakeCXXCompilerABI.cpp -mrelocation-model pic -pic-level 2 -mframe-pointer=all -fno-strict-return -ffp-contract=on -fno-rounding-math -funwind-tables=2 -target-sdk-version=14.2 -fvisibility-inlines-hidden-static-local-var -target-cpu penryn -tune-cpu generic -mllvm -treat-scalable-fixed-error-as-warning -debugger-tuning=lldb -target-linker-version 1022.1 -v -fcoverage-compilation-dir=/Users/jocastab/Projects/CPP3_BrickGame_v2.0/build/CMakeFiles/CMakeTmp -resource-dir /Applications/Xcode.app/Contents/Developer/Toolchains/XcodeDefault.xctoolchain/usr/lib/clang/15.0.0 -dependency-file CMakeFiles/cmTC_fa655.dir/CMakeCXXCompilerABI.cpp.o.d -skip-unused-modulemap-deps -MT CMakeFiles/cmTC_fa655.dir/CMakeCXXCompilerABI.cpp.o -sys-header-deps -isysroot /Applications/Xcode.app/Contents/Developer/Platforms/MacOSX.platform/Developer/SDKs/MacOSX14.2.sdk -c-isystem /usr/local/include/ -cxx-isystem /usr/local/include/ -internal-isystem /Applications/Xcode.app/Contents/Developer/Platforms/MacOSX.platform/Developer/SDKs/MacOSX14.2.sdk/usr/include/c++/v1 -internal-isystem /Applications/Xcode.app/Contents/Developer/Platforms/MacOSX.platform/Developer/SDKs/MacOSX14.2.sdk/usr/local/include -internal-isystem /Applications/Xcode.app/Contents/Developer/Toolchains/XcodeDefault.xctoolchain/usr/lib/clang/15.0.0/include -internal-externc-isystem /Applications/Xcode.app/Contents/Developer/Platforms/MacOSX.platform/Developer/SDKs/MacOSX14.2.sdk/usr/include -internal-externc-isystem /Applications/Xcode.app/Contents/Developer/Toolchains/XcodeDefault.xctoolchain/usr/include -Wno-reorder-init-list -Wno-implicit-int-float-conversion -Wno-c99-designator -Wno-final-dtor-non-final-class -Wno-extra-semi-stmt -Wno-misleading-indentation -Wno-quoted-include-in-framework-header -Wno-implicit-fallthrough -Wno-enum-enum-conversion -Wno-enum-float-conversion -Wno-elaborated-enum-base -Wno-reserved-identifier -Wno-gnu-folding-constant -fdeprecated-macro -fdebug-compilation-dir=/Users/jocastab/Projects/CPP3_BrickGame_v2.0/build/CMakeFiles/CMakeTmp -ferror-limit 19 -stack-protector 1 -fstack-check -mdarwin-stkchk-strong-link -fblocks -fencode-extended-block-signature -fregister-global-dtors-with-atexit -fgnuc-version=4.2.1 -fno-cxx-modules -fcxx-exceptions -fexceptions -fmax-type-align=16 -fcommon -clang-vendor-feature=+disableNonDependentMemberExprInCurrentInstantiation -fno-odr-hash-protocols -clang-vendor-feature=+enableAggressiveVLAFolding -clang-vendor-feature=+revert09abecef7bbf -clang-vendor-feature=+thisNoAlignAttr -clang-vendor-feature=+thisNoNullAttr -mllvm -disable-aligned-alloc-awareness=1 -D__GCC_HAVE_DWARF2_CFI_ASM=1 -o CMakeFiles/cmTC_fa655.dir/CMakeCXXCompilerABI.cpp.o -x c++ /usr/local/share/cmake/Modules/CMakeCXXCompilerABI.cpp]
  ignore line: [clang -cc1 version 15.0.0 (clang-1500.1.0.2.5) default target x86_64-apple-darwin22.6.0]
  ignore line: [ignoring nonexistent directory "/Applications/Xcode.app/Contents/Developer/Platforms/MacOSX.platform/Developer/SDKs/MacOSX14.2.sdk/usr/local/include"]
  ignore line: [ignoring nonexistent directory "/Applications/Xcode.app/Contents/Developer/Platforms/MacOSX.platform/Developer/SDKs/MacOSX14.2.sdk/Library/Frameworks"]
  ignore line: [#include "..." search starts here:]
  ignore line: [#include <...> search starts here:]
  ignore line: [ /usr/local/include]
  ignore line: [ /Applications/Xcode.app/Contents/Developer/Platforms/MacOSX.platform/Developer/SDKs/MacOSX14.2.sdk/usr/include/c++/v1]
  ignore line: [ /Applications/Xcode.app/Contents/Developer/Toolchains/XcodeDefault.xctoolchain/usr/lib/clang/15.0.0/include]
  ignore line: [ /Applications/Xcode.app/Contents/Developer/Platforms/MacOSX.platform/Developer/SDKs/MacOSX14.2.sdk/usr/include]
  ignore line: [ /Applications/Xcode.app/Contents/Developer/Toolchains/XcodeDefault.xctoolchain/usr/include]
  ignore line: [ /Applications/Xcode.app/Contents/Developer/Platforms/MacOSX.platform/Developer/SDKs/MacOSX14.2.sdk/System/Library/Frameworks (framework directory)]
  ignore line: [End of search list.]
  ignore line: [Linking CXX executable cmTC_fa655]
  ignore line: [/usr/local/bin/cmake -E cmake_link_script CMakeFiles/cmTC_fa655.dir/link.txt --verbose=1]
  ignore line: [/Applications/Xcode.app/Contents/Developer/Toolchains/XcodeDefault.xctoolchain/usr/bin/c++  -isysroot /Applications/Xcode.app/Contents/Developer/Platforms/MacOSX.platform/Developer/SDKs/MacOSX14.2.sdk -mmacosx-version-min=13.6 -Wl -search_paths_first -Wl -headerpad_max_install_names  -v -Wl -v CMakeFiles/cmTC_fa655.dir/CMakeCXXCompilerABI.cpp.o -o cmTC_fa655 ]
  ignore line: [Apple clang version 15.0.0 (clang-1500.1.0.2.5)]
  ignore line: [Target: x86_64-apple-darwin22.6.0]
  ignore line: [Thread model: posix]
  ignore line: [InstalledDir: /Applications/Xcode.app/Contents/Developer/Toolchains/XcodeDefault.xctoolchain/usr/bin]
  link line: [ "/Applications/Xcode.app/Contents/Developer/Toolchains/XcodeDefault.xctoolchain/usr/bin/ld" -demangle -lto_library /Applications/Xcode.app/Contents/Developer/Toolchains/XcodeDefault.xctoolchain/usr/lib/libLTO.dylib -dynamic -arch x86_64 -platform_version macos 13.6.0 14.2 -syslibroot /Applications/Xcode.app/Contents/Developer/Platforms/MacOSX.platform/Developer/SDKs/MacOSX14.2.sdk -o cmTC_fa655 -L/usr/local/Cellar/check/0.15.2/lib -L/usr/local/lib -search_paths_first -headerpad_max_install_names -v CMakeFiles/cmTC_fa655.dir/CMakeCXXCompilerABI.cpp.o -lc++ -lSystem /Applications/Xcode.app/Contents/Developer/Toolchains/XcodeDefault.xctoolchain/usr/lib/clang/15.0.0/lib/darwin/libclang_rt.osx.a]
    arg [/Applications/Xcode.app/Contents/Developer/Toolchains/XcodeDefault.xctoolchain/usr/bin/ld] ==> ignore
    arg [-demangle] ==> ignore
    arg [-lto_library] ==> ignore, skip following value
    arg [/Applications/Xcode.app/Contents/Developer/Toolchains/XcodeDefault.xctoolchain/usr/lib/libLTO.dylib] ==> skip value of -lto_library
    arg [-dynamic] ==> ignore
    arg [-arch] ==> ignore
    arg [x86_64] ==> ignore
    arg [-platform_version] ==> ignore
    arg [macos] ==> ignore
    arg [13.6.0] ==> ignore
    arg [14.2] ==> ignore
    arg [-syslibroot] ==> ignore
    arg [/Applications/Xcode.app/Contents/Developer/Platforms/MacOSX.platform/Developer/SDKs/MacOSX14.2.sdk] ==> ignore
    arg [-o] ==> ignore
    arg [cmTC_fa655] ==> ignore
    arg [-L/usr/local/Cellar/check/0.15.2/lib] ==> dir [/usr/local/Cellar/check/0.15.2/lib]
    arg [-L/usr/local/lib] ==> dir [/usr/local/lib]
    arg [-search_paths_first] ==> ignore
    arg [-headerpad_max_install_names] ==> ignore
    arg [-v] ==> ignore
    arg [CMakeFiles/cmTC_fa655.dir/CMakeCXXCompilerABI.cpp.o] ==> ignore
    arg [-lc++] ==> lib [c++]
    arg [-lSystem] ==> lib [System]
    arg [/Applications/Xcode.app/Contents/Developer/Toolchains/XcodeDefault.xctoolchain/usr/lib/clang/15.0.0/lib/darwin/libclang_rt.osx.a] ==> lib [/Applications/Xcode.app/Contents/Developer/Toolchains/XcodeDefault.xctoolchain/usr/lib/clang/15.0.0/lib/darwin/libclang_rt.osx.a]
  Library search paths: [;/usr/local/Cellar/check/0.15.2/lib;/usr/local/lib]
  remove lib [System]
  remove lib [/Applications/Xcode.app/Contents/Developer/Toolchains/XcodeDefault.xctoolchain/usr/lib/clang/15.0.0/lib/darwin/libclang_rt.osx.a]
  collapse library dir [/usr/local/Cellar/check/0.15.2/lib] ==> [/usr/local/Cellar/check/0.15.2/lib]
  collapse library dir [/usr/local/lib] ==> [/usr/local/lib]
  collapse library dir [/usr/local/Cellar/check/0.15.2/lib] ==> [/usr/local/Cellar/check/0.15.2/lib]
  collapse library dir [/usr/local/lib] ==> [/usr/local/lib]
  implicit libs: [c++]
  implicit objs: []
  implicit dirs: [/usr/local/Cellar/check/0.15.2/lib;/usr/local/lib]
  implicit fwks: []


Determining if the include file pthread.h exists passed with the following output:
Change Dir: /Users/jocastab/Projects/CPP3_BrickGame_v2.0/build/CMakeFiles/CMakeTmp

Run Build Command(s):/usr/bin/make -f Makefile cmTC_8a172/fast && /Applications/Xcode.app/Contents/Developer/usr/bin/make  -f CMakeFiles/cmTC_8a172.dir/build.make CMakeFiles/cmTC_8a172.dir/build
Building C object CMakeFiles/cmTC_8a172.dir/CheckIncludeFile.c.o
/Applications/Xcode.app/Contents/Developer/Toolchains/XcodeDefault.xctoolchain/usr/bin/cc   -isysroot /Applications/Xcode.app/Contents/Developer/Platforms/MacOSX.platform/Developer/SDKs/MacOSX14.2.sdk -mmacosx-version-min=13.6 -MD -MT CMakeFiles/cmTC_8a172.dir/CheckIncludeFile.c.o -MF CMakeFiles/cmTC_8a172.dir/CheckIncludeFile.c.o.d -o CMakeFiles/cmTC_8a172.dir/CheckIncludeFile.c.o -c /Users/jocastab/Projects/CPP3_BrickGame_v2.0/build/CMakeFiles/CMakeTmp/CheckIncludeFile.c
Linking C executable cmTC_8a172
/usr/local/bin/cmake -E cmake_link_script CMakeFiles/cmTC_8a172.dir/link.txt --verbose=1
/Applications/Xcode.app/Contents/Developer/Toolchains/XcodeDefault.xctoolchain/usr/bin/cc  -isysroot /Applications/Xcode.app/Contents/Developer/Platforms/MacOSX.platform/Developer/SDKs/MacOSX14.2.sdk -mmacosx-version-min=13.6 -Wl,-search_paths_first -Wl,-headerpad_max_install_names CMakeFiles/cmTC_8a172.dir/CheckIncludeFile.c.o -o cmTC_8a172 



Performing C SOURCE FILE Test CMAKE_HAVE_LIBC_PTHREAD succeeded with the following output:
Change Dir: /Users/jocastab/Projects/CPP3_BrickGame_v2.0/build/CMakeFiles/CMakeTmp

Run Build Command(s):/usr/bin/make -f Makefile cmTC_3eb32/fast && /Applications/Xcode.app/Contents/Developer/usr/bin/make  -f CMakeFiles/cmTC_3eb32.dir/build.make CMakeFiles/cmTC_3eb32.dir/build
Building C object CMakeFiles/cmTC_3eb32.dir/src.c.o
/Applications/Xcode.app/Contents/Developer/Toolchains/XcodeDefault.xctoolchain/usr/bin/cc -DCMAKE_HAVE_LIBC_PTHREAD  -isysroot /Applications/Xcode.app/Contents/Developer/Platforms/MacOSX.platform/Developer/SDKs/MacOSX14.2.sdk -mmacosx-version-min=13.6 -MD -MT CMakeFiles/cmTC_3eb32.dir/src.c.o -MF CMakeFiles/cmTC_3eb32.dir/src.c.o.d -o CMakeFiles/cmTC_3eb32.dir/src.c.o -c /Users/jocastab/Projects/CPP3_BrickGame_v2.0/build/CMakeFiles/CMakeTmp/src.c
Linking C executable cmTC_3eb32
/usr/local/bin/cmake -E cmake_link_script CMakeFiles/cmTC_3eb32.dir/link.txt --verbose=1
/Applications/Xcode.app/Contents/Developer/Toolchains/XcodeDefault.xctoolchain/usr/bin/cc  -isysroot /Applications/Xcode.app/Contents/Developer/Platforms/MacOSX.platform/Developer/SDKs/MacOSX14.2.sdk -mmacosx-version-min=13.6 -Wl,-search_paths_first -Wl,-headerpad_max_install_names CMakeFiles/cmTC_3eb32.dir/src.c.o -o cmTC_3eb32 


Source file was:
#include <pthread.h>

static void* test_func(void* data)
{
  return data;
}

int main(void)
{
  pthread_t thread;
  pthread_create(&thread, NULL, test_func, NULL);
  pthread_detach(thread);
  pthread_cancel(thread);
  pthread_join(thread, NULL);
  pthread_atfork(NULL, NULL, NULL);
  pthread_exit(NULL);

  return 0;
}

Performing C++ SOURCE FILE Test HAVE_STDATOMIC succeeded with the following output:
Change Dir: /Users/jocastab/Projects/CPP3_BrickGame_v2.0/build/CMakeFiles/CMakeTmp

Run Build Command(s):/usr/bin/make -f Makefile cmTC_accde/fast && /Applications/Xcode.app/Contents/Developer/usr/bin/make  -f CMakeFiles/cmTC_accde.dir/build.make CMakeFiles/cmTC_accde.dir/build
Building CXX object CMakeFiles/cmTC_accde.dir/src.cxx.o
/Applications/Xcode.app/Contents/Developer/Toolchains/XcodeDefault.xctoolchain/usr/bin/c++ -DHAVE_STDATOMIC  -isysroot /Applications/Xcode.app/Contents/Developer/Platforms/MacOSX.platform/Developer/SDKs/MacOSX14.2.sdk -mmacosx-version-min=13.6 -std=gnu++17 -MD -MT CMakeFiles/cmTC_accde.dir/src.cxx.o -MF CMakeFiles/cmTC_accde.dir/src.cxx.o.d -o CMakeFiles/cmTC_accde.dir/src.cxx.o -c /Users/jocastab/Projects/CPP3_BrickGame_v2.0/build/CMakeFiles/CMakeTmp/src.cxx
Linking CXX executable cmTC_accde
/usr/local/bin/cmake -E cmake_link_script CMakeFiles/cmTC_accde.dir/link.txt --verbose=1
/Applications/Xcode.app/Contents/Developer/Toolchains/XcodeDefault.xctoolchain/usr/bin/c++  -isysroot /Applications/Xcode.app/Contents/Developer/Platforms/MacOSX.platform/Developer/SDKs/MacOSX14.2.sdk -mmacosx-version-min=13.6 -Wl,-search_paths_first -Wl,-headerpad_max_install_names CMakeFiles/cmTC_accde.dir/src.cxx.o -o cmTC_accde 


Source file was:
#include <atomic>
#include <cstdint>

int main(int, char **)
{
    volatile std::atomic<char>    size_1;
    volatile std::atomic<short>   size_2;
    volatile std::atomic<int>     size_4;
    volatile std::atomic<int64_t> size_8;

    ++size_1;
    ++size_2;
    ++size_4;
    ++size_8;

    (void)size_1.load(std::memory_order_relaxed);
    (void)size_2.load(std::memory_order_relaxed);
    (void)size_4.load(std::memory_order_relaxed);
    (void)size_8.load(std::memory_order_relaxed);

    return 0;
}
